# # fluid_temp[i, j] in K: i is index of the azimuthal position on the receiver surface (counter-clockwise from South); and j is index of height on the receiver from bottom to top.
1.005839417765190774e+03,1.005724951511616609e+03,1.005464413275811467e+03,1.005033610566485095e+03,1.004410014245795423e+03,1.003599462196420404e+03,1.002607769892823057e+03,1.001449724711989461e+03,1.000147252241259139e+03,9.987058358469948871e+02,9.971372152882977389e+02,9.954741527423717571e+02,9.937246261849280700e+02,9.918607403338658060e+02,9.899117153601652035e+02,9.879302556168747742e+02,9.859000758623194542e+02,9.838213573620648731e+02,9.817424772766370324e+02,9.796829491178719991e+02,9.776444001596144062e+02,9.756846615527940685e+02,9.738312585361607034e+02,9.721109768840967718e+02,9.705685133112644962e+02,9.692341641681636020e+02,9.681443388981751923e+02,9.673118725831554912e+02,9.667227194805433328e+02
1.007932829410932072e+03,1.007843107367606308e+03,1.007586897116179443e+03,1.007128586756458617e+03,1.006454402444523339e+03,1.005572173149916125e+03,1.004504652576574131e+03,1.003269438729855892e+03,1.001866508632735076e+03,1.000324676385144130e+03,9.986748064715944793e+02,9.969259036258968081e+02,9.950748714444334837e+02,9.931389663256998119e+02,9.911326986671155055e+02,9.890665544216993794e+02,9.869257683331813951e+02,9.847162176377648848e+02,9.825202784661316855e+02,9.803565936051384142e+02,9.782352909170875819e+02,9.761759993283867516e+02,9.742177871115372909e+02,9.723994795015682939e+02,9.707530125483410757e+02,9.693438529880188526e+02,9.682069157349023953e+02,9.673484212209518773e+02,9.667331772622635526e+02
1.009989055545449446e+03,1.009899108503071375e+03,1.009611750393905140e+03,1.009106800187302042e+03,1.008370812787920613e+03,1.007424484176683336e+03,1.006283273472534347e+03,1.004949196804574740e+03,1.003469520409291135e+03,1.001876762873221651e+03,1.000144166513513710e+03,9.982847538247240209e+02,9.963271560615330600e+02,9.942716054126733525e+02,9.921453362406168708e+02,9.899832015115532613e+02,9.877545176300473031e+02,9.854736614033281512e+02,9.831671777938265677e+02,9.808459764661399731e+02,9.786063740830929873e+02,9.764669119304094238e+02,9.744170309503570024e+02,9.725141873194693289e+02,9.708018452404371601e+02,9.693318984803568128e+02,9.681620525373981536e+02,9.673000189363245909e+02,9.667116670166228687e+02
1.011527308361860833e+03,1.011440368811971211e+03,1.011144980539300377e+03,1.010635495862921289e+03,1.009890311174088424e+03,1.008893836646395812e+03,1.007679443388080472e+03,1.006290132459962479e+03,1.004746043228786448e+03,1.003067767282385148e+03,1.001246455219953987e+03,9.993174223956748392e+02,9.973032217967935367e+02,9.951952762084997630e+02,9.930062971224231205e+02,9.907598320625471615e+02,9.884582912767848484e+02,9.860998847325685119e+02,9.837292567082007508e+02,9.813634476190034093e+02,9.790245690105862195e+02,9.767687338464337472e+02,9.746242074849566279e+02,9.726299682929393384e+02,9.708648358526677384e+02,9.693771839433163677e+02,9.681893602428586973e+02,9.673059725486755269e+02,9.667096164610029518e+02
1.013246275279471547e+03,1.013166463790357966e+03,1.012847888815885085e+03,1.012301741372953074e+03,1.011515412854967622e+03,1.010479709544545358e+03,1.009230062211847780e+03,1.007791531750037393e+03,1.006174739842574127e+03,1.004416709984613817e+03,1.002537171815351485e+03,1.000545570062884963e+03,9.984597234587369030e+02,9.962667973369373158e+02,9.939776693885819441e+02,9.916463055599892868e+02,9.892593371275429490e+02,9.867923621167487909e+02,9.843022702856460455e+02,9.818132628882544850e+02,9.793545271219543338e+02,9.769830279692787371e+02,9.747462087588595523e+02,9.726922831049308797e+02,9.708676183199304432e+02,9.693522417440567551e+02,9.681540895432332263e+02,9.672764808625894375e+02,9.667033523637694543e+02
1.014771839879240929e+03,1.014681312574867320e+03,1.014357414432108158e+03,1.013787155555617005e+03,1.012959737960782377e+03,1.011900945286095975e+03,1.010600915379020648e+03,1.009082531196464288e+03,1.007363967734372636e+03,1.005504925933969844e+03,1.003551965951297007e+03,1.001484876074904264e+03,9.993010253889044634e+02,9.970154434551785698e+02,9.946805858676747221e+02,9.922762608755588190e+02,9.898019265185428139e+02,9.872909844550417802e+02,9.847268272235451150e+02,9.821501402296664764e+02,9.796216103563779143e+02,9.771696933452440135e+02,9.748543052917939349e+02,9.727369536500107188e+02,9.708619522156656103e+02,9.692960787369447644e+02,9.680922030559715949e+02,9.672425036589044112e+02,9.666901854721788823e+02
1.016071845888944381e+03,1.015975635219787137e+03,1.015636331320974932e+03,1.015049419968940356e+03,1.014210140207105610e+03,1.013126933890843929e+03,1.011802446243402869e+03,1.010237215448841880e+03,1.008461211911621035e+03,1.006533477639419630e+03,1.004485867049905551e+03,1.002318496368517572e+03,1.000048886087398614e+03,9.977051760222868779e+02,9.952771596182969915e+02,9.927749869555491387e+02,9.902292921325481529e+02,9.876543606473942418e+02,9.850478217389666042e+02,9.824174779138980966e+02,9.797860696056184224e+02,9.772322053414936818e+02,9.748313597914775528e+02,9.726245859215448490e+02,9.707184542228712871e+02,9.691764835873782431e+02,9.679826395126672196e+02,9.671504773579547418e+02,9.666564897973205461e+02
1.016897864970080036e+03,1.016784295168519293e+03,1.016461282016793120e+03,1.015917791335851916e+03,1.015096589463336386e+03,1.013975366448939440e+03,1.012599459381903444e+03,1.011015163225556080e+03,1.009223641944898077e+03,1.007248066255096319e+03,1.005137191920825444e+03,1.002915806373938040e+03,1.000601457909546980e+03,9.982132461472696150e+02,9.957333683086038718e+02,9.931783633739846664e+02,9.905775513358851185e+02,9.879337050877293223e+02,9.852390974675204234e+02,9.825139396746393459e+02,9.798248658763255889e+02,9.772120258484267197e+02,9.747346685137836175e+02,9.724881325836265660e+02,9.705557213848442188e+02,9.689923753052960365e+02,9.678423376294171021e+02,9.670832353632896456e+02,9.666366060061706094e+02
1.017555079547521473e+03,1.017445558204511144e+03,1.017142566018424532e+03,1.016593949493872515e+03,1.015778048570689180e+03,1.014675597591552105e+03,1.013291180237620210e+03,1.011655085561085343e+03,1.009802173568522221e+03,1.007784262440016619e+03,1.005623820705218122e+03,1.003380380451007568e+03,1.001050549834720414e+03,9.986055349332737023e+02,9.960482412416320130e+02,9.934244519909370865e+02,9.907570385132744377e+02,9.880233243975958430e+02,9.852552108951086893e+02,9.824762831587686378e+02,9.797312013825255690e+02,9.770897992718143996e+02,9.745866128328664217e+02,9.723050309702592813e+02,9.703551677990532198e+02,9.688047938827457983e+02,9.676887877562667200e+02,9.669861107864912810e+02,9.666065090805168438e+02
1.018309855676764300e+03,1.018200500071630358e+03,1.017895960976871038e+03,1.017353848096399815e+03,1.016520869797990485e+03,1.015386392976966135e+03,1.013956223326667441e+03,1.012261679243090839e+03,1.010350283411455166e+03,1.008252985562492086e+03,1.006049463120849168e+03,1.003761793595296240e+03,1.001365814655739086e+03,9.988879017381432277e+02,9.963280697616240786e+02,9.936770826298773045e+02,9.909413020858703476e+02,9.881481287228505153e+02,9.853080640381099329e+02,9.824399267081992093e+02,9.796028973663087527e+02,9.768609841559924689e+02,9.743038125836001200e+02,9.720011198536235497e+02,9.700389115441842023e+02,9.685351334375694705e+02,9.674918024794149005e+02,9.668605546641041428e+02,9.665647362018481772e+02
1.005062133180892033e+03,1.004927500113206861e+03,1.004553451335459613e+03,1.003861140386997818e+03,1.002756429917484297e+03,1.001188155231384144e+03,9.991443491745683332e+02,9.967120282909312436e+02,9.939692266663487317e+02,9.909617706059764259e+02,9.877961462638957073e+02,9.844746404161747932e+02,9.809834395662524003e+02,9.773721945373888502e+02,9.736302174342474700e+02,9.697688953454444345e+02,9.658178665033882453e+02,9.617899954913152669e+02,9.576713830036495665e+02,9.535142704330522747e+02,9.494127560236465797e+02,9.454187221520816138e+02,9.416841082846270865e+02,9.383734730344551735e+02,9.355999836041995650e+02,9.334811180280896679e+02,9.320126367923164707e+02,9.310965304027563434e+02,9.306243232882867460e+02
1.007586822887702283e+03,1.007534406369467888e+03,1.007194952162217987e+03,1.006499439742443428e+03,1.005387203342857902e+03,1.003796555422598431e+03,1.001710101945353699e+03,9.991484839610569679e+02,9.962501396030997967e+02,9.931146438333414608e+02,9.897813776370426240e+02,9.862955693583717220e+02,9.826476147652980444e+02,9.788529415669893297e+02,9.749547734433117512e+02,9.709600966516676408e+02,9.669071524871008023e+02,9.627548007604090117e+02,9.584862993384592755e+02,9.542081439328283068e+02,9.499315453077599614e+02,9.457755860248375939e+02,9.419103496563900535e+02,9.384903236956133696e+02,9.356781354610437802e+02,9.335176636408546074e+02,9.320185642519813882e+02,9.311080009229739289e+02,9.306328804387621858e+02
1.010107900314572362e+03,1.010054972001791384e+03,1.009727551443894754e+03,1.009049174689057850e+03,1.007924374637891106e+03,1.006271375176288075e+03,1.004060143670207708e+03,1.001369218638214420e+03,9.983173639775735637e+02,9.949988379646058547e+02,9.914922937782403096e+02,9.878342635093345052e+02,9.840713655261223494e+02,9.801936848773319753e+02,9.761755965485210709e+02,9.720753071853564506e+02,9.678991378832096188e+02,9.636476493429938728e+02,9.593118204692680138e+02,9.548944672854897817e+02,9.505063120440056537e+02,9.462300309299205310e+02,9.422257712124750242e+02,9.387007525285920337e+02,9.357933517547086240e+02,9.335960464688280354e+02,9.320815238135756999e+02,9.311420848766049403e+02,9.306406663375387325e+02
1.011756216002771453e+03,1.011733088298425173e+03,1.011420410831670324e+03,1.010740240639528679e+03,1.009605291836327069e+03,1.007893128652814653e+03,1.005573787696956515e+03,1.002754661673564442e+03,9.995323089201820039e+02,9.960598727444671567e+02,9.924377416226128616e+02,9.886647788501607010e+02,9.847653794462889891e+02,9.807636757885070438e+02,9.766722740784415464e+02,9.724790704905798293e+02,9.681872973351755718e+02,9.638341245202210530e+02,9.593888210148263624e+02,9.548992572282772926e+02,9.504359863271135964e+02,9.460926235723443369e+02,9.420756563465877207e+02,9.385669315551674572e+02,9.357073740420125887e+02,9.335276203131332977e+02,9.320271316658629530e+02,9.311245792572151458e+02,9.306394286619454306e+02
1.013616698652119908e+03,1.013606871052868200e+03,1.013300155579880311e+03,1.012633745253604616e+03,1.011465411300903384e+03,1.009674801130718834e+03,1.007272987486720240e+03,1.004360808354868254e+03,1.001047573448786807e+03,9.974158234910773899e+02,9.936245190719010907e+02,9.897134232107549678e+02,9.856820952312527879e+02,9.816067590194351169e+02,9.774566799826051238e+02,9.732182211249278225e+02,9.688823151794246087e+02,9.644475049466137762e+02,9.599578899303832031e+02,9.553998798341923475e+02,9.508486366964064018e+02,9.464471724168320179e+02,9.423450006725975072e+02,9.387458087935630147e+02,9.357812469268352515e+02,9.335412417593076952e+02,9.320382033882418682e+02,9.311413283017020603e+02,9.306501968207946902e+02
1.014904056244730214e+03,1.014897994032108045e+03,1.014577043269066394e+03,1.013850323069993806e+03,1.012593201413468250e+03,1.010708454505373879e+03,1.008195926862011675e+03,1.005138729670235080e+03,1.001655578197461523e+03,9.979114351327846180e+02,9.940263117066167524e+02,9.900269330569618660e+02,9.859331666855308640e+02,9.817630981589134080e+02,9.775011257841604220e+02,9.731734543551465322e+02,9.687604612509303479e+02,9.642722604755315388e+02,9.597685124587881091e+02,9.552254975597381872e+02,9.506767635697440255e+02,9.462786220338050498e+02,9.422058945390460849e+02,9.386441416715119885e+02,9.357269754737061476e+02,9.335549379002549131e+02,9.320800305913672901e+02,9.311500756066857321e+02,9.306485506937669925e+02
1.016331287641734662e+03,1.016281848004847461e+03,1.015899800596085015e+03,1.015095917492628473e+03,1.013708506044225828e+03,1.011657026650156240e+03,1.009003917970954262e+03,1.005782659040326962e+03,1.002143697740201333e+03,9.982569460593203985e+02,9.942011307507087849e+02,9.900762643310357589e+02,9.859031963295479954e+02,9.816589877667989867e+02,9.773412303056416022e+02,9.729943371866791040e+02,9.686017802142887376e+02,9.641214076802198178e+02,9.595914732622782140e+02,9.550092284262626663e+02,9.504316596838502846e+02,9.460543552147227047e+02,9.420302801988045758e+02,9.384901011736336613e+02,9.355989446834150840e+02,9.334352958091545815e+02,9.319873367412926655e+02,9.311099286727383060e+02,9.306321057362438296e+02
1.017475420786979612e+03,1.017386570363144074e+03,1.016960811502229944e+03,1.016088974223585637e+03,1.014601969708618981e+03,1.012434989167094272e+03,1.009635318711370019e+03,1.006254647413904081e+03,1.002448309670275535e+03,9.984141614316672531e+02,9.942484600223313009e+02,9.900235643746041205e+02,9.857481362537664609e+02,9.814082106635928540e+02,9.770256684854460900e+02,9.726126548206689222e+02,9.681804667717290158e+02,9.637011084064624811e+02,9.591695812482469137e+02,9.546829134619297292e+02,9.502214877391205619e+02,9.458404630596114657e+02,9.418033627929262366e+02,9.382916831217655727e+02,9.354197120119412148e+02,9.333091045742698952e+02,9.319239958301955085e+02,9.310843993118342041e+02,9.306302056214716458e+02
1.017637622400450255e+03,1.017494091717901938e+03,1.017008037278175834e+03,1.016009466175931948e+03,1.014374714936571991e+03,1.012042356579755392e+03,1.009058153366656370e+03,1.005560768121098590e+03,1.001677491258074497e+03,9.975451706917349384e+02,9.933193325282707065e+02,9.890644944142347867e+02,9.847706004579297314e+02,9.804697904780924773e+02,9.761436252892765424e+02,9.717601882967811662e+02,9.673357225955285230e+02,9.629061656282452759e+02,9.584647240527159511e+02,9.540108052334021522e+02,9.496128211608379388e+02,9.453852049407108780e+02,9.414825307030905606e+02,9.380689866522252487e+02,9.353188224535169866e+02,9.333047791980625334e+02,9.319463621449667698e+02,9.310978376117155904e+02,9.306328854700341253e+02
1.017693961258662512e+03,1.017494429233340497e+03,1.016907633052332244e+03,1.015779776058390780e+03,1.014001932449342121e+03,1.011507378320238104e+03,1.008341314178794846e+03,1.004649667548990124e+03,1.000651965871442826e+03,9.964910260968899820e+02,9.922112906761444719e+02,9.879010320211307317e+02,9.836060008616085497e+02,9.792877481507043740e+02,9.749718193193858724e+02,9.706557449851791262e+02,9.663268695268743613e+02,9.619873951040092379e+02,9.576284625169712399e+02,9.532685236515258111e+02,9.489739780311219874e+02,9.448639751093403447e+02,9.410592422726899713e+02,9.377509423729275113e+02,9.350930419077539000e+02,9.331523905323890631e+02,9.318513707413712837e+02,9.310511923825695249e+02,9.306240836805382060e+02
8.914357063731592916e+02,8.918316356415407427e+02,8.925842031729134760e+02,8.938134826533657815e+02,8.956507741852295794e+02,8.981091614256115463e+02,9.011017277047684502e+02,9.045117717656155492e+02,9.081694622335548956e+02,9.119850898967215471e+02,9.158992821901257457e+02,9.198164929032161581e+02,9.237311509227108672e+02,9.276203774823087542e+02,9.314805807165002989e+02,9.353403678740310170e+02,9.391741335547883409e+02,9.430043984649878439e+02,9.468074040689614321e+02,9.505455456950924145e+02,9.542231018079153273e+02,9.577524668456569543e+02,9.609888924557840255e+02,9.638149806838937366e+02,9.661135973855242582e+02,9.678418330714914646e+02,9.690252242239530460e+02,9.697598418756676892e+02,9.701778593986623491e+02
8.914467299920496544e+02,8.918656884444635580e+02,8.926597084501996733e+02,8.939784931770718686e+02,8.959190051779371515e+02,8.984621001844313923e+02,9.015856191223724636e+02,9.051732849427544352e+02,9.090664889123597732e+02,9.130969724260919520e+02,9.171616388218689053e+02,9.212120590123397506e+02,9.251973921445774067e+02,9.291372503342377058e+02,9.330138672388552550e+02,9.368469225806912846e+02,9.406398563799731392e+02,9.444195201118674277e+02,9.481555382885542258e+02,9.518384793599429941e+02,9.554691337214868554e+02,9.589444406936368068e+02,9.621684134557126526e+02,9.650274142634802956e+02,9.674063780507988213e+02,9.692120974107165239e+02,9.704760035976046311e+02,9.712908717456190288e+02,9.717530321742196975e+02
8.914394589350937395e+02,8.918745101433362379e+02,8.927412504130504658e+02,8.941400566252888211e+02,8.961812394637556736e+02,8.989085144582402336e+02,9.022227445025714587e+02,9.059514975126091940e+02,9.099522748868399731e+02,9.140803801713871053e+02,9.182220167821949417e+02,9.223438379050414824e+02,9.264214362717051472e+02,9.304391732747724291e+02,9.344318569784195461e+02,9.383973258922658260e+02,9.422509867461340036e+02,9.460547039672756000e+02,9.498460521974345738e+02,9.535498203735679681e+02,9.571442522874102679e+02,9.605908259838556660e+02,9.637768688016716396e+02,9.666025464704393926e+02,9.690103363418737672e+02,9.708902152956590044e+02,9.722197464842132604e+02,9.730917252085728251e+02,9.736003457590242078e+02
8.914576354184548563e+02,8.919530977780846115e+02,8.928946598061014583e+02,8.943996673977449063e+02,8.965660620878907139e+02,8.994070625648491841e+02,9.028318170132222349e+02,9.066760171294483825e+02,9.108001865862324848e+02,9.150717180725621347e+02,9.193436099677783204e+02,9.235570894599966323e+02,9.277051579684155058e+02,9.317214965802162396e+02,9.356436993724780677e+02,9.395500660543028744e+02,9.434206332000511566e+02,9.472372034604234159e+02,9.509994300863301078e+02,9.546657358373686293e+02,9.582219806104956206e+02,9.616419618651045766e+02,9.648225535324681914e+02,9.676667549247553097e+02,9.700847712052185443e+02,9.720067729192501247e+02,9.734036653932088257e+02,9.743179178068786541e+02,9.748650412467804927e+02
8.914525798605670843e+02,8.919528196069342130e+02,8.929418934240785575e+02,8.945206191069285069e+02,8.967826519223666537e+02,8.997300774306460198e+02,9.032739478647567921e+02,9.072549872494269039e+02,9.115172074160909688e+02,9.158834074909833589e+02,9.201876286521385282e+02,9.244219915016092273e+02,9.286126897563233342e+02,9.327202773939143299e+02,9.367288866416045039e+02,9.406796765343592597e+02,9.445389885205597693e+02,9.483289876711901343e+02,9.520886775112220448e+02,9.557646909897437126e+02,9.593521565943706264e+02,9.628003739293466197e+02,9.660188427293098812e+02,9.689222594873133403e+02,9.714049136697235554e+02,9.733856698989823144e+02,9.748098671370305510e+02,9.757397972439418936e+02,9.763289118574409713e+02
8.914623585270165904e+02,8.920292393673834113e+02,8.931150064024584481e+02,8.947603905731135683e+02,8.971053901488799056e+02,9.001509572324096098e+02,9.037705356544344113e+02,9.078200863776448841e+02,9.120871433167937994e+02,9.164424237843655874e+02,9.208177104414547784e+02,9.250941664534254869e+02,9.292500231661870203e+02,9.333116503502358228e+02,9.373053470704492156e+02,9.412373930840449248e+02,9.450933688789353937e+02,9.489105622808526732e+02,9.526716432424897221e+02,9.563508939710661707e+02,9.599430298145744018e+02,9.633999857587748465e+02,9.666282853321877155e+02,9.695325739259048987e+02,9.720079920939093654e+02,9.739855777584873522e+02,9.754581961832582238e+02,9.764661856990774140e+02,9.770889161980060180e+02
8.915039194131447857e+02,8.921236952832330189e+02,8.932402666461828176e+02,8.949554072731224323e+02,8.974106505191142560e+02,9.005441251722606921e+02,9.041939614813820754e+02,9.082441230698798336e+02,9.125273850076980580e+02,9.168818187619247055e+02,9.211894031119966257e+02,9.254477093232310381e+02,9.296144620894497166e+02,9.336554663007583486e+02,9.376181191877760739e+02,9.415158771326994156e+02,9.453802766124863410e+02,9.491681222841405088e+02,9.528453836610248118e+02,9.564611906743375584e+02,9.600034019182573957e+02,9.634505751444268071e+02,9.667019937933845313e+02,9.696126308521482997e+02,9.721185795603551014e+02,9.741473282526092135e+02,9.756680314086538601e+02,9.766944104873061860e+02,9.773254693389409340e+02
8.915286667617492640e+02,8.921887666888081867e+02,8.933513217892879084e+02,8.951270473591453083e+02,8.976002605901063589e+02,9.007185757398575561e+02,9.043947323755229490e+02,9.084905373737883565e+02,9.128058989844215603e+02,9.171694865387551090e+02,9.214862997529969562e+02,9.257446923531051652e+02,9.299054971218847641e+02,9.339419235573816422e+02,9.378979283476769524e+02,9.417972813352182584e+02,9.456362235609201434e+02,9.494283869768194108e+02,9.531836397567809627e+02,9.568623143487377547e+02,9.604425962103589427e+02,9.639131974734879122e+02,9.672036428071786531e+02,9.701820462531411522e+02,9.727266481989613567e+02,9.747846042419635069e+02,9.763383012717163183e+02,9.774184214569127107e+02,9.780902144722298317e+02
8.915836261808658492e+02,8.923526567759297450e+02,8.936045403152497784e+02,8.954670585464891701e+02,8.980109146493714434e+02,9.011978067518418811e+02,9.049107827378797992e+02,9.089463272544012398e+02,9.131596602742952200e+02,9.174366286879995869e+02,9.217046230041048602e+02,9.259150490658952322e+02,9.300608124490640876e+02,9.340999300050291367e+02,9.380604395860077602e+02,9.419509946309858606e+02,9.457551644268673954e+02,9.495314458765113841e+02,9.532559918361599784e+02,9.569494815746592167e+02,9.605918037890224923e+02,9.640995457819024068e+02,9.674304361438000797e+02,9.704424305403526887e+02,9.730416957948343679e+02,9.751620303078942698e+02,9.767550513325066959e+02,9.778507709238473353e+02,9.785134604146508082e+02
8.916162083330955284e+02,8.924400292155746683e+02,8.937696596250953007e+02,8.957029793793174122e+02,8.982851248713868699e+02,9.014821101299417023e+02,9.051676790563872146e+02,9.091617303641372700e+02,9.133102168679909028e+02,9.175073588137148590e+02,9.216673138568527293e+02,9.257417187683065549e+02,9.297454531074263286e+02,9.336735917154280742e+02,9.375268537752601787e+02,9.413569471769678785e+02,9.451776641410804132e+02,9.489500842329568968e+02,9.526634292191640725e+02,9.563328892012295910e+02,9.599317645116200310e+02,9.634495218290215917e+02,9.667685311953061955e+02,9.697677620240036731e+02,9.723818875228937486e+02,9.745032969459673495e+02,9.761116064718867165e+02,9.772346950753801593e+02,9.779518699709240082e+02
8.892890659585439153e+02,8.882934455971899297e+02,8.867670674661683279e+02,8.846450770622320761e+02,8.818465088673136734e+02,8.784252097109952047e+02,8.745138240827716345e+02,8.702484032362425523e+02,8.657846850710816398e+02,8.613064245780306010e+02,8.568856925331513139e+02,8.525304080460509795e+02,8.482458858010569429e+02,8.440111916080660421e+02,8.398002703467477659e+02,8.356067299780941084e+02,8.314573967303699646e+02,8.273401929451742944e+02,8.232497658893303196e+02,8.191612666184838645e+02,8.150959011976168540e+02,8.111264030931322395e+02,8.073468902421366238e+02,8.038398739857896089e+02,8.007476426686720288e+02,7.981562942311508095e+02,7.961050230363483706e+02,7.946033633818722137e+02,7.935626263863077838e+02
8.907949319108577129e+02,8.898176698484625149e+02,8.882851404377734070e+02,8.861127937034978004e+02,8.832455383216919245e+02,8.797665938069882259e+02,8.757989201479499570e+02,8.714787862229896973e+02,8.669842273070041756e+02,8.624653602180692360e+02,8.579655237885531278e+02,8.535128530915251304e+02,8.491632296805604483e+02,8.448873315642586022e+02,8.406821742183033166e+02,8.365150957599912545e+02,8.323512166871037152e+02,8.282378218296510113e+02,8.241360750954748937e+02,8.200189477926251129e+02,8.159513983446995553e+02,8.119491477431524800e+02,8.080812343538082132e+02,8.044645028827651458e+02,8.012256045028232165e+02,7.985165633881733811e+02,7.963652816595338209e+02,7.947469227522406072e+02,7.936124197256767729e+02
8.917304370090686234e+02,8.907318660907743606e+02,8.891211518640542408e+02,8.868766178173696062e+02,8.839563043073735571e+02,8.803995036557022331e+02,8.763835418943695004e+02,8.720583523360551226e+02,8.675655700043796514e+02,8.630517276851433053e+02,8.585978420509482021e+02,8.542060627999308053e+02,8.498597800441339132e+02,8.455579841307383049e+02,8.413008964786324668e+02,8.370925396732325225e+02,8.329497363843092899e+02,8.288424331098699440e+02,8.247474180226761291e+02,8.206333286867525203e+02,8.165246984089750413e+02,8.125067525577574088e+02,8.085952005081677498e+02,8.049071436182255184e+02,8.016200481730359115e+02,7.988178394464443954e+02,7.965477811507284969e+02,7.948468849613973362e+02,7.936459362270983320e+02
8.925399357943924770e+02,8.915113359398744706e+02,8.898113150390671535e+02,8.874681645436630788e+02,8.845130513932549547e+02,8.809423876291054967e+02,8.768903474554354034e+02,8.725578811202078668e+02,8.680763117280378083e+02,8.635787620093302621e+02,8.591110510703133514e+02,8.546737024425908658e+02,8.503483015725785208e+02,8.460492027316636268e+02,8.417985409007297903e+02,8.376442945063097341e+02,8.335071907741612449e+02,8.293691530651196899e+02,8.252324819722501843e+02,8.210964156779323275e+02,8.169929034597830650e+02,8.129773785078565425e+02,8.090396543223720300e+02,8.053438899466702878e+02,8.020221393164763413e+02,7.991066264134005905e+02,7.967496873216070981e+02,7.949770327082148924e+02,7.936853038028330047e+02
8.930856649843472042e+02,8.919763250685764433e+02,8.902117776567952205e+02,8.878089166374420529e+02,8.847750155036612796e+02,8.811526970830599339e+02,8.770753737451805137e+02,8.726874733767665475e+02,8.681686609151112179e+02,8.636769540445137636e+02,8.592496950116682228e+02,8.548992872741217752e+02,8.505991923443214091e+02,8.463761362923831939e+02,8.421892135021239483e+02,8.380120228051675895e+02,8.338575417334598114e+02,8.297201471369255614e+02,8.256299571075228414e+02,8.215261604649087985e+02,8.174034571388031054e+02,8.133335051878225386e+02,8.093972199165787060e+02,8.056721613011104637e+02,8.022700842341787393e+02,7.993191013902649047e+02,7.969018966366315908e+02,7.950546490735172256e+02,7.937125957527296123e+02
8.926202184858570945e+02,8.914630443769501653e+02,8.896413971196116108e+02,8.871538738116669265e+02,8.840280863750642766e+02,8.803525618945229780e+02,8.762884222123226436e+02,8.719919506609763857e+02,8.675335586931066700e+02,8.630794600227040974e+02,8.586654724723643994e+02,8.542924257527624832e+02,8.500318284962074813e+02,8.458564784856810093e+02,8.417462626755345809e+02,8.376773905369822160e+02,8.336087430718644100e+02,8.295246473932812705e+02,8.254871083577070294e+02,8.214563967848980610e+02,8.173844168375062509e+02,8.133637656673352012e+02,8.094401045038023312e+02,8.056965237841142198e+02,8.022989730927581604e+02,7.993689415587264193e+02,7.969700391129694026e+02,7.951080732537188851e+02,7.937300720920659387e+02
8.920332782370894620e+02,8.907529826876657353e+02,8.888238778275779168e+02,8.862596071452435353e+02,8.830900883338210861e+02,8.794123036250614405e+02,8.753699877251256112e+02,8.711000184813860869e+02,8.667275693227543343e+02,8.623539077606352521e+02,8.580249836731956066e+02,8.537850400546071796e+02,8.496361879622101014e+02,8.455404426917984892e+02,8.414704794450688041e+02,8.374302948326273963e+02,8.334130093876603951e+02,8.294018260508646563e+02,8.253823372152568254e+02,8.213614148550640266e+02,8.173614634983493943e+02,8.133862351400904345e+02,8.094882732234597142e+02,8.058115012048755261e+02,8.024648021097649462e+02,7.995277843572420124e+02,7.970969378943983656e+02,7.951838671916042358e+02,7.937502965698146227e+02
8.908270701264614218e+02,8.894083841004173792e+02,8.873975871892556597e+02,8.848121439583187566e+02,8.816449973305361709e+02,8.780130136243267316e+02,8.740352551877990663e+02,8.698588982685712381e+02,8.656156324399759114e+02,8.613750392877082049e+02,8.571625084015236098e+02,8.529806554316526217e+02,8.488499654546226338e+02,8.447679137762811479e+02,8.407493427150907337e+02,8.367574904322071916e+02,8.327524944847282313e+02,8.287832536612892227e+02,8.248321651530575309e+02,8.208812266875984278e+02,8.169456184211176151e+02,8.130430447176890993e+02,8.092521388430536717e+02,8.056839068797384016e+02,8.024230636417687492e+02,7.995491460352823196e+02,7.971415682408130579e+02,7.952315195329275639e+02,7.937758235029680236e+02
8.887645864985026947e+02,8.872542766349777139e+02,8.851922654566121764e+02,8.825725329721681192e+02,8.794191245531685581e+02,8.758769028265917314e+02,8.720321787812563343e+02,8.679696138693907415e+02,8.638522315422454767e+02,8.597508072666154249e+02,8.556685889089098964e+02,8.515861497781713751e+02,8.475744547162912568e+02,8.436043224816019119e+02,8.396474527897314601e+02,8.357705363186391878e+02,8.319088130355420390e+02,8.280151849219498672e+02,8.241610571437915951e+02,8.203277536309292373e+02,8.164773496887261217e+02,8.126750618853016022e+02,8.089975165875052880e+02,8.054941459421039553e+02,8.022726110944850006e+02,7.994618853004953962e+02,7.971066204819328505e+02,7.952229407643128525e+02,7.937717970376252197e+02
8.868609973330133016e+02,8.852273132489888212e+02,8.830935441088390689e+02,8.804553024634475378e+02,8.773626060488786607e+02,8.738910466604372687e+02,8.701456966352673135e+02,8.662465802299780080e+02,8.622926496798568223e+02,8.583216702210839912e+02,8.543523833054882743e+02,8.503730817556559032e+02,8.464011122549877655e+02,8.424840015616969140e+02,8.386282501525962516e+02,8.348319069461540494e+02,8.310736922526209582e+02,8.272962196719167878e+02,8.234994861903169294e+02,8.197300327930150843e+02,8.160224308550707519e+02,8.123701204717026485e+02,8.087925661488939113e+02,8.053965141136434340e+02,8.022897653487314074e+02,7.995383143426857941e+02,7.971767771790043753e+02,7.952512751683296983e+02,7.937759893763393393e+02
8.889643489083748591e+02,8.908424212312950203e+02,8.931829724579920367e+02,8.959595305333084525e+02,8.991493756696902437e+02,9.026600957692116936e+02,9.063851277755986757e+02,9.102400633830378638e+02,9.141562262711463518e+02,9.180877569030084260e+02,9.220103333011370523e+02,9.259502305683266741e+02,9.298383990801687560e+02,9.336557335601895602e+02,9.374511615818688597e+02,9.412191935023290625e+02,9.449590623274935979e+02,9.486626091593615229e+02,9.523271564436614653e+02,9.559598721928332452e+02,9.595543026077843933e+02,9.630901205463860606e+02,9.665019607681338130e+02,9.697419927430374855e+02,9.727655402928812691e+02,9.754656015741401234e+02,9.777646845204769761e+02,9.796575546574590589e+02,9.811621149402640185e+02
8.889669317023456188e+02,8.908997714253187041e+02,8.933221515878040009e+02,8.961632802334356711e+02,8.993495341571840527e+02,9.028066323518478384e+02,9.064886576166786654e+02,9.102894129477107299e+02,9.141661367924469914e+02,9.180727275448663249e+02,9.219740492477250200e+02,9.258639512199858927e+02,9.297319537083337764e+02,9.335919259917054660e+02,9.373987133072403140e+02,9.411527059178067702e+02,9.448729386038709208e+02,9.485218765925783373e+02,9.520945023753597525e+02,9.556368005489329107e+02,9.591604200230495962e+02,9.626308773570493713e+02,9.659971450727218780e+02,9.691830398540166698e+02,9.721277909379307403e+02,9.747805958095636925e+02,9.770953573054944172e+02,9.790389331974402012e+02,9.806032269697591346e+02
8.889967414071551275e+02,8.909902593083912734e+02,8.934849714469609125e+02,8.963756101661962248e+02,8.995849115106266254e+02,9.030527903883530598e+02,9.066874283023694261e+02,9.104467910986008974e+02,9.143196213050771348e+02,9.182188580975879404e+02,9.220923791047810028e+02,9.259327012423343604e+02,9.297384751196143498e+02,9.334996469028658339e+02,9.372584507820779436e+02,9.409933171882283887e+02,9.446531792970408787e+02,9.482785395413225160e+02,9.518552682766730868e+02,9.553667790576795369e+02,9.588140097214055686e+02,9.621846343650292965e+02,9.654554962156737474e+02,9.685862195821921432e+02,9.715274712068846839e+02,9.742141986143226404e+02,9.765776048410261865e+02,9.785824476279065038e+02,9.802435080909076532e+02
8.889777551966074043e+02,8.909785765359231391e+02,8.935419231862981633e+02,8.964871966947634974e+02,8.997063056692950340e+02,9.031324291811172316e+02,9.067259954363248653e+02,9.104524075012714093e+02,9.142426864975091121e+02,9.180595386935631268e+02,9.218802218909097519e+02,9.256768234042389167e+02,9.294399910266420193e+02,9.331846830361039338e+02,9.368813354538179965e+02,9.405159838869947180e+02,9.441113239026830115e+02,9.476593530692666718e+02,9.511847168926265113e+02,9.547043475963801029e+02,9.581185716264485563e+02,9.614076180757881502e+02,9.646132702409165631e+02,9.676762205987704419e+02,9.705535980587069389e+02,9.732080543221335347e+02,9.755955478395109139e+02,9.776847895800417518e+02,9.794299295051713443e+02
8.889899106839429805e+02,8.910407054655663615e+02,8.936601531933716842e+02,8.966530153021985825e+02,8.998772247839686997e+02,9.032768793838467900e+02,9.068483859591653982e+02,9.105396782069421988e+02,9.142582370654778288e+02,9.179908063853276872e+02,9.217310060957158839e+02,9.254866682435147140e+02,9.292732624491866318e+02,9.329950527417749981e+02,9.366519177927530109e+02,9.402740333019963828e+02,9.438413375130368195e+02,9.473486091333326158e+02,9.508207773776688327e+02,9.542098742297313265e+02,9.575278962563110099e+02,9.608174900417648132e+02,9.639859103974469008e+02,9.670027937294237290e+02,9.698576121906100980e+02,9.725008803800121768e+02,9.748800138224498824e+02,9.769445585734623592e+02,9.787183475456049564e+02
8.889992576655762377e+02,8.911271004537645695e+02,8.938046444251042431e+02,8.968120193134765259e+02,9.001142728196650751e+02,9.035619818943341670e+02,9.071175487229443206e+02,9.107478764805814535e+02,9.144252649402342286e+02,9.181501813934660277e+02,9.218852504013573252e+02,9.256285696069218147e+02,9.293449197568712634e+02,9.330099098989194317e+02,9.366706550655262618e+02,9.402781831669997246e+02,9.437998626127156285e+02,9.472560809950258545e+02,9.506743350750575701e+02,9.540725111946813968e+02,9.573961869928066335e+02,9.606176745487289281e+02,9.637118184146936528e+02,9.666752909580770847e+02,9.694882327113723477e+02,9.721232696992917681e+02,9.745601475431610652e+02,9.767222505699789963e+02,9.785767942485103958e+02
8.890495829518717983e+02,8.912250682276822999e+02,8.939580958999620179e+02,8.970116540394158164e+02,9.003267723070592865e+02,9.038127227619971791e+02,9.073879664523583415e+02,9.110411507528687025e+02,9.146978682936489804e+02,9.183496382209735884e+02,9.220105353159349306e+02,9.256700821314564109e+02,9.293304143680870766e+02,9.329452420166495585e+02,9.364958271766927282e+02,9.400390798987353946e+02,9.435830325912828584e+02,9.470480166091614365e+02,9.503986294012656799e+02,9.536972477203203198e+02,9.569626389371017012e+02,9.601671995668705222e+02,9.632670994258744486e+02,9.662271100059481341e+02,9.690224654683891004e+02,9.716247460160996070e+02,9.740278374170127336e+02,9.761846349130007638e+02,9.780525261959444379e+02
8.890876986392522667e+02,8.913032975680691834e+02,8.940290702335306605e+02,8.970859115554261507e+02,9.003652132126067045e+02,9.037967933117290613e+02,9.072944203432623453e+02,9.108588812187933854e+02,9.145113069397132222e+02,9.181765098986161320e+02,9.218081255136041818e+02,9.254226700810488637e+02,9.290539389727100570e+02,9.326993655649439461e+02,9.362809965772926262e+02,9.397690120398192448e+02,9.432158038621387277e+02,9.466232386352162393e+02,9.499976193857099815e+02,9.533061252163362269e+02,9.565224612879384267e+02,9.596503517730832300e+02,9.627183134152303410e+02,9.656917386194444362e+02,9.685096000980965982e+02,9.711716254236348504e+02,9.736457616609961860e+02,9.758619055294907412e+02,9.777500649212283861e+02
8.891150906168310257e+02,8.913711317012700874e+02,8.940755947567910198e+02,8.970692530328321936e+02,9.002874202891159712e+02,9.036458042814754208e+02,9.070981116649343221e+02,9.106114185062317574e+02,9.141656048028298756e+02,9.177395511367939207e+02,9.213287094339234500e+02,9.249476291520616087e+02,9.285348752845457057e+02,9.320696864272874791e+02,9.355923650819481736e+02,9.390548329723899315e+02,9.424811789858124484e+02,9.458926907863585711e+02,9.492344396218413749e+02,9.525364694267636878e+02,9.557672153728692592e+02,9.588880916960745253e+02,9.619374351892038248e+02,9.648903268380893223e+02,9.677417629319888874e+02,9.704553468948755608e+02,9.729603613254678294e+02,9.751855560719501455e+02,9.770862109250386993e+02
8.891408458289413375e+02,8.913815284753269452e+02,8.940246441797197576e+02,8.969709014750687857e+02,9.001511699337290793e+02,9.034809214984586561e+02,9.069328683588938702e+02,9.104315062163032053e+02,9.139321120563822660e+02,9.174798583090995407e+02,9.210242951984553201e+02,9.245651292017599872e+02,9.280853315805327384e+02,9.315469529958013482e+02,9.350023248162951859e+02,9.384290319092386881e+02,9.418154256533039188e+02,9.451658997334523065e+02,9.484607973405800294e+02,9.517091054174061355e+02,9.548962435250743965e+02,9.579803512857588430e+02,9.609851160806844064e+02,9.639277330823836110e+02,9.667364706477322898e+02,9.694300675228441833e+02,9.719494656489539466e+02,9.741783321118211916e+02,9.761144756136695833e+02
8.854287052862501923e+02,8.831752915367455898e+02,8.804495737521749561e+02,8.774591709477861059e+02,8.742594137288460843e+02,8.708836130731931462e+02,8.674408768282439723e+02,8.639196132153643930e+02,8.602997953033184331e+02,8.566479088227069951e+02,8.529858674513869801e+02,8.493003705863293362e+02,8.455909212367682812e+02,8.418806018320487965e+02,8.382304610805078937e+02,8.345805647381782819e+02,8.309670481221075988e+02,8.274021332003410407e+02,8.239013327526206467e+02,8.205073679665515556e+02,8.171485282542111008e+02,8.138544212172726020e+02,8.106288435156457126e+02,8.074685597405737099e+02,8.044175078029800261e+02,8.014930088351550239e+02,7.987409116619835459e+02,7.962557828607201600e+02,7.941220498671502810e+02
8.863655223807058974e+02,8.841574694574828754e+02,8.814860692253600973e+02,8.784889759259624498e+02,8.752572543770895663e+02,8.718692832951160199e+02,8.683480500033208500e+02,8.647614009637659365e+02,8.611273569047341425e+02,8.574371768531963198e+02,8.537010393406000048e+02,8.499640671458332690e+02,8.462401895405610048e+02,8.425479411640056924e+02,8.388735342040730529e+02,8.352017372396226165e+02,8.315509148435269253e+02,8.279365697226044176e+02,8.243866513617701912e+02,8.209169881604343573e+02,8.175208472949033194e+02,8.141739216963982244e+02,8.108780917662600132e+02,8.076866110456471688e+02,8.046088103728671967e+02,8.016501897897906019e+02,7.988656645407844508e+02,7.963404083935250810e+02,7.941583541626990836e+02
8.868128514669961078e+02,8.846871528972084207e+02,8.820370672953484927e+02,8.790976637379781096e+02,8.759390673344607876e+02,8.725888503814463775e+02,8.690976829400912038e+02,8.654878326613826403e+02,8.617930593429812234e+02,8.580867734869718788e+02,8.543409067455747845e+02,8.505629068323889896e+02,8.467785505901907754e+02,8.430069279979364865e+02,8.393216446587614428e+02,8.356416564459764231e+02,8.319698906174598960e+02,8.283543382739812841e+02,8.247678898069491424e+02,8.212447043842373660e+02,8.177861520736240664e+02,8.143993237096731264e+02,8.111067885104978359e+02,8.078908439819161913e+02,8.047591437550422597e+02,8.017799730761330466e+02,7.989958008499220341e+02,7.964406975130320916e+02,7.941898613074481545e+02
8.871335097243288601e+02,8.850665097026828789e+02,8.824848243719816310e+02,8.795746658340830209e+02,8.764018465688681090e+02,8.730647359791541930e+02,8.695696720003617202e+02,8.659690361315454084e+02,8.622837186556312190e+02,8.585140385356888828e+02,8.547450038241861421e+02,8.509670786022113589e+02,8.471746588076423450e+02,8.434171578467439758e+02,8.396622888303272703e+02,8.358834347922661436e+02,8.321408747901750758e+02,8.284576417086116180e+02,8.248462569705786791e+02,8.213065515186478933e+02,8.177801521024759950e+02,8.143400416507658974e+02,8.110434229402571873e+02,8.078228748567305502e+02,8.047193961409039957e+02,8.017637190057995440e+02,7.989577861940507546e+02,7.964070381006717980e+02,7.941789186244543544e+02
8.876904357885898662e+02,8.856905480579772529e+02,8.831498789678596495e+02,8.802714974566990804e+02,8.771212804105365421e+02,8.737875335602150244e+02,8.703161973923054120e+02,8.667265190988387076e+02,8.630292986831918824e+02,8.592295021658362657e+02,8.553814679387227216e+02,8.515503825142786809e+02,8.477009956394360870e+02,8.438675116356978378e+02,8.400741843319995041e+02,8.362591601501360401e+02,8.324573681610211224e+02,8.287205435004609626e+02,8.250315576864991272e+02,8.213870462419840806e+02,8.178054667209130457e+02,8.142907455453955663e+02,8.108853599187007148e+02,8.076347761563185941e+02,8.045297728844732319e+02,8.016056172377143412e+02,7.988733697719912925e+02,7.963586866044589669e+02,7.941601143046068501e+02
8.877018763279772884e+02,8.857993610474366051e+02,8.833537350202093421e+02,8.805818344381564202e+02,8.775257419339322951e+02,8.742488030382569377e+02,8.707829333419711020e+02,8.671365309050223686e+02,8.633723668859429381e+02,8.595289416589085931e+02,8.556491997812606769e+02,8.517644014143143067e+02,8.478695923752393355e+02,8.439958583170405291e+02,8.401403330125457387e+02,8.362881990588965664e+02,8.324590074098364312e+02,8.286392707973909637e+02,8.248195288831826701e+02,8.211006797266331887e+02,8.174609467292751788e+02,8.138892963944929306e+02,8.104763707711867937e+02,8.072145369272249127e+02,8.041264504496674590e+02,8.012524791392488623e+02,7.985991788149592594e+02,7.962047030115926418e+02,7.941180484163330675e+02
8.879998319382707450e+02,8.861625350568093609e+02,8.838164714898703096e+02,8.811229617876097109e+02,8.781467449413075883e+02,8.749171704884754490e+02,8.714287935493698569e+02,8.677522256378949805e+02,8.639744185452302645e+02,8.600958342533415362e+02,8.561336181042699991e+02,8.521673473474368166e+02,8.482289292592913625e+02,8.443125757118323236e+02,8.404075225635783681e+02,8.365169143064977106e+02,8.326343352160625955e+02,8.287376446462430977e+02,8.248494064906046788e+02,8.209993615533298907e+02,8.172467873874584257e+02,8.136163737037030614e+02,8.101006549319204169e+02,8.067625394408642023e+02,8.036787958731558774e+02,8.008649808789618874e+02,7.983239805964857396e+02,7.960531798846162701e+02,7.940661155319105546e+02
8.880326646669720958e+02,8.862905220181364712e+02,8.840694423873007963e+02,8.814936803588323073e+02,8.785882229999806441e+02,8.754049229453448788e+02,8.719537301562193079e+02,8.682409406469666919e+02,8.643632694661403093e+02,8.603719789665636881e+02,8.563283365067237582e+02,8.523104019341823232e+02,8.483335600545549369e+02,8.443698679410852037e+02,8.404222750135397746e+02,8.364941100999919854e+02,8.325647634570689206e+02,8.286217406200819369e+02,8.246817240171073990e+02,8.207642805647772093e+02,8.169017120659492548e+02,8.131439700483724664e+02,8.095726037607380476e+02,8.062468784920846474e+02,8.032218289156194260e+02,8.004788175477659706e+02,7.979981065958759245e+02,7.958427236552124668e+02,7.939998900447872074e+02
8.881609974229278350e+02,8.865135827853320052e+02,8.844488362223432887e+02,8.820107483716458319e+02,8.792123367604351643e+02,8.760801808565630608e+02,8.726016524734627637e+02,8.688100635915523071e+02,8.648159699216233776e+02,8.607385202127682078e+02,8.566455314823404024e+02,8.526045528997094607e+02,8.486024781068124412e+02,8.446015551247221538e+02,8.406057183356741689e+02,8.365881300752188281e+02,8.325395133810458219e+02,8.284881130379369552e+02,8.244395958922775662e+02,8.204003953534040647e+02,8.163987116955728425e+02,8.125245003466443450e+02,8.088941215124864357e+02,8.055665530618362027e+02,8.025679757743273512e+02,7.999132765595402361e+02,7.976003762840744002e+02,7.956096741763225282e+02,7.939216428702277426e+02
8.879273409395036651e+02,8.864352298576998237e+02,8.845180870870724448e+02,8.822399664598947311e+02,8.795722881605345265e+02,8.764778418649427749e+02,8.729336246105762029e+02,8.690534313648433908e+02,8.650178111556990643e+02,8.608674463750510313e+02,8.566919682547501225e+02,8.525491633111801093e+02,8.484683189118719611e+02,8.444586493584083655e+02,8.404517272174407481e+02,8.364357110934989805e+02,8.323721053364788531e+02,8.282466143048527556e+02,8.241150645950451690e+02,8.199722939846997178e+02,8.158788745527029960e+02,8.119297137263670265e+02,8.082395140400784612e+02,8.049126509465102117e+02,8.019588557295409146e+02,7.993786312346338718e+02,7.971705089502231658e+02,7.953317883824674936e+02,7.938272795047712407e+02
8.878466274004626939e+02,8.865762116055124125e+02,8.849159927034911561e+02,8.828409903997926449e+02,8.802872273897297646e+02,8.771780062610930599e+02,8.735760221894058759e+02,8.695895747271376877e+02,8.653123601999809580e+02,8.609347162830847537e+02,8.565913139305969253e+02,8.522848514808198388e+02,8.480074655096573224e+02,8.438275609813830442e+02,8.396861484599487540e+02,8.355449896690138303e+02,8.313998924845600413e+02,8.272186741722368879e+02,8.230134429506695142e+02,8.187825558709789675e+02,8.145907099835704912e+02,8.105753895434094147e+02,8.068779777365271002e+02,8.035739979035001852e+02,8.007411613499028817e+02,7.984092706841955760e+02,7.964814332570772422e+02,7.949099807856298412e+02,7.936851022828917621e+02
8.889060706765956184e+02,8.878245895562872647e+02,8.863253237232387391e+02,8.844047252042932996e+02,8.819724451942036012e+02,8.788839143726070233e+02,8.752075901058364025e+02,8.710912096933773228e+02,8.666830427675831743e+02,8.621514893910388082e+02,8.576219812081594682e+02,8.531675138849107043e+02,8.488091743880902413e+02,8.445116432121021717e+02,8.402514661635357243e+02,8.360096941504973529e+02,8.317431878607085309e+02,8.274420424124980400e+02,8.230986597002847702e+02,8.187388680113006103e+02,8.144353321015117899e+02,8.102993458332530281e+02,8.064779325616422057e+02,8.031215966569305920e+02,8.002976345773415687e+02,7.980045813857285566e+02,7.961810954724595604e+02,7.947585056431173598e+02,7.936455725683094897e+02
8.897392842480971922e+02,8.888303535957427357e+02,8.875228113754735659e+02,8.857461551900643144e+02,8.833778339337975467e+02,8.803759999486160268e+02,8.767485716963039977e+02,8.725808547513977373e+02,8.680691946612371339e+02,8.633724602888385107e+02,8.586282661792330373e+02,8.539836559623565790e+02,8.495150679998457690e+02,8.451410726254068777e+02,8.408235116131859286e+02,8.365488775022994332e+02,8.322454024266226043e+02,8.278778546189726057e+02,8.234472085189945574e+02,8.189737781653818729e+02,8.145423318775410735e+02,8.103014729063113464e+02,8.063789000178018114e+02,8.029482046665805228e+02,8.000914097860332959e+02,7.977775400902255569e+02,7.959794061853449421e+02,7.946212715510504268e+02,7.935935844014741178e+02
8.897183874237853161e+02,8.889341169164906660e+02,8.877572605324637607e+02,8.861013964767103062e+02,8.838633610779090759e+02,8.809554768120208337e+02,8.773628717894571309e+02,8.731919105913411840e+02,8.686185377637673355e+02,8.638145233456830283e+02,8.589750896093371466e+02,8.542517410658705330e+02,8.496656709588139620e+02,8.452049890757368757e+02,8.408206108889221468e+02,8.364839442560996758e+02,8.321392998599376369e+02,8.277386934141350139e+02,8.232933547570139581e+02,8.188208624344063082e+02,8.143568374030838868e+02,8.100117919249958049e+02,8.060213856925940945e+02,8.025567558208921355e+02,7.997084452027099815e+02,7.974754322278633936e+02,7.957632457497566065e+02,7.944940409323924086e+02,7.935537380593559647e+02
8.899484809355404877e+02,8.893037412442009781e+02,8.882458538002147179e+02,8.867021102811120272e+02,8.845457598063208025e+02,8.816874013189567449e+02,8.781097384729127953e+02,8.738964658746725718e+02,8.692380689046094631e+02,8.643592032810774981e+02,8.594686819219894005e+02,8.546725259745801395e+02,8.500250164378076079e+02,8.455087306166126382e+02,8.410431337743916629e+02,8.366243645598378862e+02,8.322188960655166738e+02,8.277728131980419448e+02,8.232666068326129789e+02,8.187243088181152189e+02,8.142314372385003480e+02,8.098936207761294099e+02,8.058883718603864281e+02,8.023962561365333386e+02,7.995311159612576830e+02,7.973132138020687307e+02,7.956586023147789319e+02,7.944395461242556848e+02,7.935354586876283065e+02
8.891916776639169484e+02,8.886173272443226097e+02,8.876635433649096285e+02,8.862394112478924626e+02,8.842013425754637410e+02,8.814269325258030676e+02,8.778964453778269217e+02,8.737189177058583027e+02,8.690561376419825592e+02,8.641483715039865956e+02,8.592442766356873562e+02,8.544224440505489611e+02,8.497314732937720692e+02,8.451999159202464398e+02,8.407714109711500896e+02,8.363773910485455190e+02,8.319666185062806107e+02,8.275234486059656547e+02,8.230055021961937882e+02,8.184243389313543275e+02,8.138912966467694332e+02,8.095437332362607776e+02,8.055933539863051465e+02,8.021564071226952137e+02,7.993272993585308086e+02,7.971318633453697657e+02,7.955018875194658676e+02,7.943464469834838155e+02,7.935045589369362915e+02
8.884681391831111341e+02,8.879219196307853963e+02,8.870214029911707030e+02,8.856421658514955197e+02,8.836313697225602937e+02,8.809040391011714064e+02,8.774232569801097270e+02,8.732572546023181985e+02,8.686178296053046779e+02,8.637223950372974741e+02,8.587747345147970464e+02,8.539372000317554239e+02,8.492346878573963522e+02,8.446424803045138106e+02,8.401423401518347873e+02,8.357290297006475157e+02,8.313457894918321927e+02,8.269042607469111772e+02,8.223902068789016084e+02,8.178657762092550456e+02,8.134100100058499265e+02,8.091227720903231102e+02,8.051841445546406248e+02,8.017745895321852458e+02,7.989883723066628818e+02,7.968657252812845400e+02,7.953328355101685929e+02,7.942348215054144021e+02,7.934645431366062667e+02
8.869098316957667976e+02,8.863917829432423332e+02,8.855326030202174934e+02,8.841969207541069409e+02,8.822499995193809355e+02,8.796128879855274363e+02,8.762090287544049261e+02,8.721262686893969658e+02,8.675415135661738759e+02,8.626403643143623867e+02,8.577423312070289967e+02,8.529439235858346819e+02,8.482438709404206065e+02,8.437151529715183642e+02,8.392839660940786644e+02,8.349006124897928203e+02,8.305556673335888718e+02,8.261910758709238962e+02,8.217631788980804686e+02,8.172968396353572871e+02,8.128649579234231624e+02,8.086199704672533244e+02,8.047665187903535298e+02,8.014336244114510919e+02,7.987274098106984184e+02,7.966684550603256412e+02,7.951815718699024274e+02,7.941598493713900098e+02,7.934488834153935386e+02
8.852402208654359583e+02,8.847413761432219417e+02,8.839105583840907912e+02,8.826032769579243222e+02,8.806874250904977544e+02,8.780467947474469383e+02,8.746467277954366182e+02,8.705956930691502293e+02,8.660552854316773619e+02,8.612790359004736729e+02,8.564625228109305226e+02,8.517003295952129065e+02,8.470826891089436685e+02,8.425912336503751021e+02,8.382398621115999049e+02,8.339436814549314931e+02,8.296397956892417369e+02,8.253200425935078783e+02,8.209519542764130620e+02,8.165648531752470944e+02,8.122195007810848892e+02,8.080903624120080622e+02,8.043463696081132639e+02,8.011140387421701234e+02,7.984925394419183249e+02,7.965168458150365041e+02,7.950856537787237812e+02,7.940870523837279507e+02,7.934200267340308983e+02
8.833215574112841750e+02,8.828293393294718499e+02,8.820068925086700347e+02,8.807226374779678508e+02,8.788408815819166193e+02,8.762693118749965606e+02,8.729603113032045485e+02,8.690021662386468506e+02,8.645601658528464668e+02,8.598548642347061559e+02,8.551087530270897332e+02,8.504187776528738141e+02,8.458492608879216732e+02,8.414092891304378554e+02,8.370774424875160094e+02,8.328296004435744635e+02,8.286169667128152696e+02,8.243606751903673739e+02,8.200187843509561390e+02,8.157064349984475484e+02,8.114927237128672459e+02,8.074576975227776074e+02,8.038128215686303975e+02,8.007000973133747266e+02,7.981708277190309673e+02,7.962667669230800129e+02,7.949305151792364086e+02,7.940042144435682303e+02,7.933879975206712061e+02
8.883654283312146163e+02,8.888135419747000014e+02,8.895834858724822425e+02,8.908010258812171287e+02,8.926306571214561245e+02,8.951660481599004697e+02,8.984064687053394209e+02,9.022879850398584267e+02,9.066222208255330770e+02,9.111716795894127472e+02,9.157530765528936172e+02,9.202062111119671499e+02,9.245168143884509391e+02,9.287035579647497343e+02,9.327603172738067769e+02,9.367303093307912150e+02,9.406828295923097585e+02,9.446214946987633994e+02,9.485370168041540637e+02,9.524458590175947847e+02,9.562541122078997660e+02,9.598164949489455466e+02,9.629719021191309594e+02,9.656126851210021869e+02,9.676998967993229144e+02,9.692130043370692647e+02,9.702055551008792236e+02,9.708106246936633852e+02,9.711574957488896871e+02
8.883605365273217558e+02,8.887928901227786582e+02,8.895363865818330851e+02,8.907160703702211322e+02,8.924984833096602870e+02,8.949656730332483221e+02,8.981379731430206448e+02,9.019291850931933823e+02,9.062057207825151863e+02,9.107487422207603913e+02,9.153498281190925354e+02,9.198910511935586101e+02,9.242699899918160327e+02,9.284670495479531382e+02,9.325271090938057341e+02,9.365090503916885609e+02,9.404181760339824905e+02,9.442984570524724859e+02,9.482070151386985799e+02,9.520490101096227136e+02,9.557792962265582446e+02,9.593246751167846469e+02,9.624759358870637698e+02,9.651175418088141669e+02,9.672026261689999274e+02,9.687333529512678751e+02,9.697725079189112876e+02,9.704152126649244110e+02,9.707754325894868543e+02
8.883427936908468610e+02,8.887380810352486833e+02,8.894522189839567545e+02,8.905922665483307128e+02,8.922768360364539149e+02,8.946321767286542581e+02,8.977428608492838293e+02,9.015206399298721180e+02,9.057411675872656360e+02,9.102232840075616878e+02,9.148243570870806707e+02,9.193623652439093803e+02,9.237359579740065101e+02,9.279306559562689927e+02,9.319848166167005274e+02,9.359615553517318176e+02,9.398540262185287020e+02,9.436957041867375438e+02,9.475322782744690358e+02,9.513252271257513257e+02,9.550095295388758814e+02,9.584835683564667761e+02,9.615943195754132375e+02,9.641969582116263382e+02,9.662561948578243118e+02,9.677836655080210448e+02,9.688225521712018917e+02,9.694774510613565326e+02,9.698564399962806419e+02
8.883293639205875252e+02,8.886918021064395816e+02,8.893532626512728712e+02,8.904259061158350050e+02,8.920484159702481293e+02,8.943433668265938650e+02,8.973518528259660343e+02,9.010006199768570241e+02,9.051515866169283981e+02,9.095999488764957732e+02,9.141489543115357037e+02,9.186600712763879528e+02,9.230297986672774186e+02,9.272159654567249163e+02,9.312656664427770465e+02,9.352267738053874382e+02,9.391159147489490806e+02,9.429524125722489316e+02,9.467502739237795595e+02,9.504797972380081319e+02,9.540795063467289765e+02,9.574578232735420897e+02,9.604940859547913306e+02,9.630976934708528461e+02,9.651634273262806119e+02,9.666774591731999635e+02,9.677097457764999717e+02,9.683558845543975622e+02,9.687404823556134943e+02
8.883184205090810792e+02,8.886526907493901035e+02,8.892806175745122346e+02,8.903161074912391086e+02,8.918752624411813485e+02,8.940874103954504335e+02,8.969778686430852304e+02,9.005068203246539724e+02,9.045705883049486147e+02,9.089425542526744266e+02,9.134366074800011575e+02,9.179116753481065416e+02,9.222521099727281353e+02,9.264134438816006423e+02,9.304483809355322137e+02,9.343973463769946193e+02,9.382629663494810757e+02,9.420891587041976436e+02,9.458822372383529000e+02,9.495914593006380073e+02,9.531726521945181503e+02,9.565540164218405152e+02,9.595930180996747367e+02,9.621558024147593642e+02,9.641952978596455068e+02,9.656883786650560069e+02,9.667068699106594067e+02,9.673722959798645888e+02,9.677737640166567417e+02
8.883090707082042172e+02,8.886268090820998395e+02,8.892399840765187946e+02,8.902399281100097141e+02,8.917624660032975044e+02,8.939075582948343026e+02,8.966850420434243460e+02,9.001028952773848459e+02,9.040509014667975407e+02,9.083330095239141428e+02,9.127747197164727595e+02,9.171906425894319455e+02,9.214637477210424095e+02,9.255986220008279588e+02,9.296304127838574232e+02,9.335317497434473353e+02,9.373419735745129628e+02,9.411285806781022529e+02,9.448923596941601772e+02,9.485648098732372091e+02,9.520962257244394777e+02,9.554256159228002616e+02,9.583993074047966729e+02,9.608944644737083536e+02,9.628855883350183831e+02,9.643756787756707354e+02,9.654041354997539202e+02,9.660761510690451814e+02,9.664703750448161372e+02
8.883003152951573611e+02,8.885986846298771979e+02,8.891896001076374887e+02,8.901430295645259321e+02,8.915731196674646526e+02,8.935923919730532816e+02,8.962739312726378103e+02,8.995962235615157851e+02,9.034519050475441873e+02,9.076307040285379344e+02,9.119053366410843182e+02,9.161986553172632739e+02,9.204233241462104615e+02,9.245104747736758100e+02,9.284864731058676171e+02,9.323890974855526110e+02,9.362375054735676940e+02,9.400274504215187790e+02,9.437408680320640997e+02,9.473771471653788012e+02,9.508755376539454574e+02,9.541345917022763388e+02,9.570394470427779652e+02,9.595165777337265354e+02,9.615091336573339049e+02,9.629960100114788020e+02,9.640351716826257871e+02,9.647112424366275718e+02,9.651282522029456459e+02
8.883044332589906844e+02,8.885967023491878081e+02,8.891559841189593953e+02,8.900749506220906824e+02,8.914529296861735475e+02,8.933935737317137864e+02,8.959751577864421961e+02,8.991590616423321762e+02,9.028530989022423228e+02,9.069065283342981729e+02,9.110902455366533559e+02,9.152700449152825968e+02,9.193726344436283853e+02,9.233539786098767763e+02,9.272348603622235714e+02,9.310544641252586189e+02,9.348169179019743069e+02,9.385221592858180202e+02,9.421666018277139756e+02,9.457565649110758841e+02,9.492204166152471316e+02,9.523993268821106994e+02,9.552274340748444956e+02,9.576206472236104901e+02,9.595398458886502340e+02,9.609832754770706060e+02,9.619813043778906376e+02,9.626448382245959010e+02,9.630437752845971318e+02
8.882981182220778464e+02,8.885852672886801429e+02,8.891260086881370626e+02,8.900053267942205366e+02,8.913380575260779324e+02,8.932090089432165314e+02,8.956566407604193500e+02,8.987187245140507912e+02,9.023057564873686260e+02,9.062034395352040974e+02,9.102350022457169416e+02,9.142932355446985184e+02,9.182952804994389453e+02,9.221912728814995717e+02,9.260252079725377143e+02,9.297939854434355311e+02,9.335437149624785889e+02,9.372793393990755249e+02,9.409166631563880401e+02,9.444338301543509715e+02,9.478113147949632094e+02,9.509413514444170232e+02,9.536877973603953933e+02,9.559986854144710833e+02,9.578614774114818147e+02,9.592752700894338886e+02,9.602764615550847793e+02,9.609276677949485475e+02,9.613170533656145835e+02
8.883056164095625036e+02,8.885786189072523484e+02,8.890883254956875135e+02,8.899465939984041825e+02,8.912248352658396016e+02,8.930186448388759572e+02,8.953907606992229375e+02,8.982962927024260580e+02,9.016640108419110220e+02,9.053953925723367320e+02,9.092997141533687682e+02,9.132171395184236644e+02,9.170960245041728740e+02,9.209007252670214712e+02,9.246285828171637604e+02,9.283228547653985743e+02,9.320238910090627087e+02,9.356900121871015017e+02,9.392790865520564694e+02,9.427845281278091534e+02,9.460871008967008038e+02,9.490808339527350199e+02,9.517535741613570508e+02,9.540080801527060430e+02,9.557933585776918335e+02,9.571401958086894410e+02,9.580951634602081413e+02,9.587271628709979723e+02,9.591036166470184980e+02
8.773507660009204301e+02,8.770412522049780364e+02,8.764376271212022402e+02,8.754490896242891722e+02,8.739355689074643578e+02,8.718023230213495935e+02,8.690116215329976512e+02,8.655280567078252716e+02,8.614803119728727552e+02,8.570666772989700348e+02,8.524460865902121895e+02,8.477899910376481785e+02,8.432004862488730623e+02,8.387011932976691924e+02,8.342612179078143981e+02,8.298685123646915827e+02,8.255005323405832769e+02,8.211361819150163228e+02,8.168373644474191906e+02,8.126736221512550173e+02,8.087315037043297252e+02,8.051501885477798623e+02,8.019951696349776284e+02,7.993300058934377148e+02,7.972235500401000081e+02,7.956496365195484941e+02,7.945297942134053528e+02,7.937825734768919119e+02,7.933225355668494103e+02
8.765164856179085291e+02,8.762449202411758051e+02,8.757065835818402775e+02,8.747926852484354185e+02,8.733963141625167736e+02,8.714279720562501552e+02,8.688182999492566978e+02,8.655392285485622779e+02,8.616659527925551174e+02,8.573249793287920966e+02,8.527492569222456495e+02,8.481115592771848242e+02,8.434923379941574240e+02,8.389490781735953533e+02,8.344814380111013179e+02,8.300988099803167870e+02,8.257539066381604016e+02,8.214211109827489281e+02,8.171307046407239341e+02,8.129283132982670850e+02,8.089662389115742371e+02,8.053795591827661156e+02,8.022398730609654649e+02,7.995996501682632243e+02,7.974488246540599903e+02,7.957974261390149877e+02,7.946234266533367645e+02,7.938365904952981964e+02,7.933377405157825706e+02
8.755131639772380368e+02,8.752604725490962210e+02,8.747500706583168721e+02,8.738999812854546008e+02,8.725787524285497057e+02,8.706970746386418796e+02,8.682085420891546619e+02,8.650780526962939803e+02,8.613775493168436697e+02,8.572342383288510064e+02,8.527842449371686371e+02,8.481913938608580565e+02,8.436151147561306516e+02,8.391007204407424069e+02,8.346338320719106605e+02,8.302075139715969954e+02,8.258267887127954054e+02,8.215135114322746404e+02,8.172440888327341781e+02,8.130869031114877998e+02,8.091696336312575113e+02,8.055811043661067288e+02,8.023880510927497198e+02,7.996955899708068500e+02,7.975636961418263127e+02,7.959297682433941645e+02,7.947277938101656218e+02,7.939038534547254358e+02,7.933642777655607006e+02
8.740925688052202531e+02,8.738577683307216830e+02,8.733742420142793890e+02,8.725875429918845612e+02,8.713849817489435736e+02,8.696473949199848903e+02,8.673188546406045134e+02,8.643696670036412115e+02,8.608572931609808165e+02,8.568722953185824736e+02,8.525773986884707938e+02,8.481080375105827898e+02,8.435787517041966339e+02,8.390948310988776484e+02,8.346847620588624750e+02,8.303301365810643802e+02,8.259718604535994473e+02,8.216647562126870525e+02,8.174342642127951422e+02,8.132923227387850602e+02,8.093584724418146834e+02,8.057497390032744988e+02,8.025726676596322022e+02,7.998854943699137721e+02,7.976958486351387592e+02,7.960191988321666940e+02,7.947964459672914472e+02,7.939452102143939101e+02,7.933782450665224815e+02
8.731111822868226682e+02,8.728993118081475586e+02,8.724473669759743188e+02,8.717089240397924641e+02,8.705750967389019479e+02,8.689221038500490977e+02,8.666946071256134019e+02,8.638556117355017250e+02,8.604398714835427882e+02,8.565839925244106325e+02,8.523866579513571651e+02,8.479912207633605021e+02,8.435210118224140388e+02,8.390505157083448466e+02,8.346144559673177810e+02,8.302458580889982613e+02,8.259124941126549402e+02,8.216284831170303278e+02,8.174357778061921636e+02,8.133358612530710161e+02,8.094076529804865459e+02,8.057990031062231537e+02,8.026426475059208769e+02,7.999607065815002898e+02,7.977746765115653034e+02,7.960889959437763537e+02,7.948441203605074179e+02,7.939638093388431344e+02,7.933775542882767695e+02
8.712639513670876568e+02,8.710733786022794902e+02,8.706360739485096474e+02,8.698967263721337986e+02,8.687531913449488457e+02,8.671677205532025710e+02,8.650688443248911881e+02,8.623973151049028729e+02,8.591934092462377066e+02,8.555080114796228372e+02,8.514675754638061562e+02,8.472133064383981491e+02,8.428525416279903766e+02,8.384998345341073218e+02,8.341879716594407910e+02,8.299034617508477822e+02,8.256482565705566685e+02,8.213889646856039235e+02,8.172136320438315806e+02,8.131965575255325120e+02,8.093496484320648960e+02,8.057902946027184043e+02,8.026348679761181302e+02,7.999554006824033650e+02,7.977806204654830253e+02,7.960904971055419992e+02,7.948500251243893899e+02,7.939865664816463777e+02,7.933902676206625983e+02
8.697826939528321191e+02,8.695988006780962678e+02,8.691956132242810327e+02,8.685009746186278790e+02,8.674387125681953421e+02,8.659381613410732825e+02,8.639419591042103548e+02,8.614052106571862168e+02,8.583404243173946497e+02,8.547906506152053225e+02,8.508614238028297905e+02,8.466947801857091918e+02,8.423942587031062885e+02,8.380572049219365454e+02,8.337521377567484251e+02,8.295122113198835905e+02,8.253159674996727517e+02,8.211584513253626483e+02,8.170717871285803540e+02,8.131131603241315133e+02,8.093310268587681549e+02,8.058414025432535936e+02,8.027495337833605618e+02,8.000911126843159309e+02,7.978932062355584094e+02,7.961764581688729550e+02,7.949060187472921370e+02,7.940000440253311353e+02,7.933918616097632821e+02
8.677734948799471795e+02,8.675878629186870512e+02,8.671792291319464994e+02,8.664966286623011911e+02,8.654633137083941392e+02,8.640034115312191716e+02,8.620728879137896001e+02,8.596326950028758347e+02,8.566814377753885310e+02,8.533167857825771989e+02,8.495736247990479342e+02,8.455163943537286286e+02,8.413292322190220602e+02,8.371221655378592459e+02,8.329345794112985004e+02,8.287598574880209981e+02,8.246008550576384550e+02,8.204833326967784615e+02,8.164590590982611502e+02,8.125908954543579057e+02,8.089414286720614200e+02,8.055673031024088004e+02,8.025337034807702139e+02,7.999408416656336840e+02,7.978030001742060904e+02,7.961242182386752120e+02,7.948937234845543571e+02,7.940155283342108987e+02,7.934021241051700599e+02
8.657972501557836722e+02,8.655965240063783313e+02,8.651775875835987790e+02,8.645009864458322681e+02,8.634982772493060565e+02,8.620988141462643171e+02,8.602343652711829236e+02,8.578726495898617941e+02,8.550392179523705636e+02,8.517531698906229849e+02,8.481055962013122098e+02,8.442510899917959932e+02,8.402535758120516221e+02,8.361532667486872015e+02,8.320257329037278851e+02,8.279025509630635042e+02,8.238169837021116564e+02,8.197663214613925220e+02,8.157998993366013565e+02,8.120241651183803242e+02,8.084967221705499014e+02,8.052492852075679366e+02,8.023232488663783215e+02,7.997934328601054403e+02,7.977022164951546301e+02,7.960667859204638717e+02,7.948462287070296952e+02,7.939743878457396704e+02,7.933841941628656969e+02
8.637797360945296532e+02,8.635845970004231731e+02,8.631763765203135108e+02,8.624973735998064512e+02,8.614982684423650880e+02,8.601172895296974730e+02,8.582980294828854539e+02,8.559937999407518419e+02,8.532159162023560839e+02,8.500391018869146365e+02,8.465096500915075239e+02,8.426992678105084451e+02,8.387419676058159439e+02,8.347463621818568527e+02,8.307400294476552745e+02,8.267281792487053735e+02,8.227610779929484579e+02,8.188575794430641963e+02,8.150420133041360486e+02,8.114004166818664316e+02,8.079884549397032742e+02,8.048461119140708888e+02,8.020073343824942640e+02,7.995570688854195396e+02,7.975497230491243954e+02,7.959615649151660364e+02,7.947773694544096088e+02,7.939402549681838082e+02,7.933748103675625316e+02
8.716065384753453600e+02,8.717775740019257000e+02,8.721338309573416154e+02,8.727484884132099978e+02,8.736689232543521939e+02,8.749538618917605390e+02,8.766528694661143390e+02,8.787635678617634767e+02,8.813054387642696383e+02,8.842194975492782305e+02,8.874489886896674307e+02,8.909088870752756293e+02,8.944797562018561621e+02,8.980947907261618184e+02,9.016946279038193097e+02,9.052702724888608827e+02,9.087586111811369847e+02,9.121679382051645462e+02,9.155120202785572019e+02,9.186764820691945488e+02,9.215870864423734474e+02,9.242186256741556463e+02,9.265518038450212543e+02,9.285392468054884603e+02,9.301458458477102340e+02,9.313714496098976952e+02,9.322233970039114865e+02,9.327689375549407487e+02,9.330991250714209855e+02
8.715909482546212530e+02,8.717463446285203190e+02,8.720915844746480161e+02,8.726888834779259696e+02,8.736000534686876335e+02,8.748742046241172829e+02,8.765490979753092233e+02,8.786120084906374359e+02,8.810721174186493272e+02,8.839200726615750909e+02,8.871125238486497437e+02,8.905624849499472475e+02,8.941480555064906639e+02,8.978026413858660817e+02,9.014771160800127063e+02,9.051103708164241652e+02,9.086813006326307232e+02,9.121255054752516571e+02,9.154031979090450477e+02,9.185282961881546271e+02,9.214415482790909664e+02,9.240852517874520800e+02,9.264104087132238874e+02,9.283786312873313591e+02,9.299589853626496279e+02,9.311692688191600382e+02,9.320533277597126016e+02,9.326342674880104369e+02,9.329662965608765717e+02
8.715767531685704625e+02,8.717094845507862146e+02,8.720326532675036333e+02,8.725874162407371841e+02,8.734376939498106367e+02,8.746443897727724561e+02,8.762488894629639162e+02,8.782620741925281891e+02,8.806922818282785101e+02,8.835091270122953802e+02,8.866736206207428950e+02,8.901042910877558825e+02,8.936806870019350981e+02,8.973275660667115972e+02,9.009873907578889884e+02,9.045951491651780998e+02,9.081294976784959090e+02,9.115724190671730867e+02,9.148866302070919119e+02,9.180285424245075774e+02,9.209230841348812646e+02,9.235191078910352189e+02,9.257992737081599444e+02,9.277564634562972969e+02,9.293634449388591747e+02,9.305968521320521631e+02,9.314841769956740336e+02,9.320774241905119197e+02,9.324336758502295197e+02
8.715578567401148575e+02,8.716536450528551541e+02,8.719461553853152509e+02,8.724736868062698250e+02,8.732926512543717763e+02,8.744645398811458108e+02,8.760262835751625516e+02,8.780003582008718013e+02,8.803873022945083449e+02,8.831324738750437291e+02,8.862141447520561996e+02,8.895968290136406722e+02,8.931771614397964640e+02,8.968419464531716585e+02,9.005146046299886393e+02,9.041459454587827622e+02,9.076946413363402826e+02,9.111578270770016843e+02,9.144639723897171280e+02,9.175671090237749468e+02,9.204502044172388651e+02,9.230453796745498494e+02,9.253262046427781797e+02,9.272683123897018049e+02,9.288476754239312640e+02,9.300712695494503350e+02,9.309721876897117454e+02,9.315832136549427105e+02,9.319565054133104240e+02
8.715556654052074919e+02,8.716307448623226719e+02,8.718945988837261893e+02,8.724064878283788858e+02,8.731859258380654865e+02,8.742961071932527375e+02,8.757919013210664616e+02,8.776806968316260509e+02,8.799923025328403128e+02,8.826814202576517800e+02,8.856968233388911358e+02,8.890041716145381088e+02,8.925180482402145117e+02,8.961366465935871020e+02,8.998019780182735303e+02,9.034497738279026180e+02,9.069987875332733438e+02,9.104287798158321721e+02,9.137233456759229284e+02,9.168281907048681205e+02,9.197061218641847518e+02,9.223031639461149780e+02,9.245864297142752548e+02,9.265417422561046124e+02,9.281311471126692823e+02,9.293707793192421605e+02,9.302784018395366274e+02,9.308880688400161034e+02,9.312744740922933033e+02
8.715524270140069802e+02,8.716312299551578917e+02,8.718899264163003409e+02,8.723575206008896430e+02,8.730897172698344093e+02,8.741548495254685349e+02,8.755923639963802998e+02,8.774170546289412869e+02,8.796331569700878390e+02,8.822272108641600425e+02,8.851709125559016229e+02,8.884056466452882432e+02,8.918360185386979992e+02,8.954068963232048191e+02,8.990273909048833048e+02,9.026198034713421521e+02,9.061735625532178346e+02,9.096080052251370489e+02,9.128823689009518603e+02,9.159783045835251869e+02,9.188532700264547657e+02,9.214536910134374921e+02,9.237393622707279519e+02,9.256902753032081819e+02,9.272956161351589799e+02,9.285516040977229295e+02,9.294702611443304932e+02,9.300913506517256337e+02,9.304904208370719516e+02
8.715524801191697861e+02,8.716221997185239161e+02,8.718710419123885913e+02,8.723319829457136620e+02,8.730381676317861093e+02,8.740455979873639762e+02,8.754085490909774308e+02,8.771405376918135062e+02,8.792373931898762294e+02,8.817206924904411380e+02,8.845907227141418616e+02,8.877510369022318173e+02,8.911270701544617623e+02,8.946308171089076495e+02,8.981699463784107138e+02,9.017306610882537825e+02,9.052620600172783725e+02,9.086900753344243640e+02,9.119623962836378723e+02,9.150422449248346766e+02,9.179079372609257916e+02,9.205102145215621476e+02,9.227986572646520926e+02,9.247563713664590068e+02,9.263687177078975310e+02,9.276226396575202671e+02,9.285417997792204687e+02,9.291785940129597066e+02,9.295918133926458040e+02
8.715515095373962140e+02,8.716247580507612156e+02,8.718615230772655877e+02,8.722818805399481334e+02,8.729455941455362336e+02,8.739200390902558411e+02,8.752231045149167130e+02,8.768814022088540696e+02,8.789284194759247839e+02,8.813474969940277788e+02,8.840998640973409692e+02,8.871257190747362529e+02,8.903558428119960126e+02,8.937517424769624768e+02,8.972535728364638317e+02,9.007460476708388342e+02,9.042154369785146173e+02,9.076259019426247505e+02,9.108811540663191408e+02,9.139339345710181988e+02,9.167545656802401481e+02,9.193241191553794351e+02,9.215947976961335826e+02,9.235345401672641401e+02,9.251326452945545498e+02,9.263883194886291221e+02,9.273325513449500477e+02,9.279924587215045904e+02,9.284202642709119573e+02
8.715652150363032433e+02,8.716437043883108799e+02,8.718606009752834325e+02,8.722742951409459238e+02,8.729231954851238697e+02,8.738383519938923882e+02,8.750729139773909537e+02,8.766756392984948434e+02,8.786640559301496296e+02,8.809756240409188877e+02,8.835882170932133022e+02,8.865118524834674645e+02,8.896697068157659487e+02,8.929943904236206436e+02,8.964230698524249874e+02,8.998907418342450910e+02,9.033460838649568814e+02,9.067122446680519943e+02,9.098982897529990623e+02,9.128927128320353859e+02,9.157037460981789536e+02,9.182382370845496098e+02,9.204570212200612787e+02,9.223634191210958306e+02,9.239544552804939030e+02,9.252144523837788483e+02,9.261504274276314845e+02,9.268186961358230747e+02,9.272557612989619429e+02
8.715662493799341064e+02,8.716406643722837089e+02,8.718481011740198028e+02,8.722283167114700291e+02,8.728399342210136638e+02,8.737121912571099074e+02,8.748779509995690660e+02,8.763878046052602713e+02,8.782573058492447444e+02,8.804709378574530092e+02,8.829956547644817419e+02,8.858079286859028798e+02,8.888453755979219295e+02,8.920534267576908860e+02,8.953860180235008102e+02,8.987662364756286024e+02,9.021540030856529029e+02,9.054708710451657225e+02,9.086408813191131912e+02,9.116481507220147478e+02,9.144364522626717644e+02,9.169779946079243018e+02,9.192321010804763546e+02,9.211247070297474693e+02,9.226635923036941449e+02,9.238794778614333154e+02,9.247976160023750936e+02,9.254475995839446796e+02,9.258557017852497211e+02
1.014299528470300174e+03,1.014386352649532341e+03,1.014374734014580326e+03,1.014226350255826333e+03,1.013900988108923002e+03,1.013377442887414418e+03,1.012629014867332671e+03,1.011632504755304581e+03,1.010375674760034372e+03,1.008857905704623818e+03,1.007097724589936433e+03,1.005106996129777826e+03,1.002940776014076505e+03,1.000631369539883281e+03,9.981985729099412765e+02,9.957073758945437021e+02,9.932115858582741339e+02,9.907515443107349711e+02,9.883710736853165599e+02,9.861082740149145138e+02,9.840171168959241186e+02,9.821498245462662453e+02,9.805071352490142544e+02,9.791011268740483047e+02,9.779680775351246211e+02,9.771144552259441980e+02,9.765042843573800155e+02,9.760998848976385034e+02,9.758662417747583504e+02
1.014450230326311157e+03,1.014549010256064435e+03,1.014550150172747408e+03,1.014431876534098819e+03,1.014141629263348023e+03,1.013659218480509708e+03,1.012947992407414517e+03,1.011981666932020289e+03,1.010761720689042477e+03,1.009282608280719614e+03,1.007549206942748810e+03,1.005580515195552152e+03,1.003424246651242470e+03,1.001099309517420579e+03,9.986579446172011103e+02,9.961682244472992807e+02,9.936525650898219055e+02,9.911545305677832403e+02,9.887354789327971503e+02,9.864531554446452901e+02,9.843473612714576575e+02,9.824352570924460224e+02,9.807444245368446900e+02,9.793060648498927776e+02,9.781392559088092185e+02,9.772410105925221160e+02,9.765856254369041380e+02,9.761437078012994562e+02,9.758787369300245018e+02
1.014663217951648676e+03,1.014780745369673014e+03,1.014796741005589865e+03,1.014685988290257114e+03,1.014412827423801218e+03,1.013941583941721092e+03,1.013246562471843390e+03,1.012309233379295392e+03,1.011117559333923850e+03,1.009651143751478685e+03,1.007918976850016179e+03,1.005958618051022086e+03,1.003797754459320913e+03,1.001474540646403966e+03,9.990258102714210509e+02,9.965120015328051295e+02,9.939816490931009412e+02,9.914671502989697274e+02,9.890266423287541784e+02,9.867057588517515114e+02,9.845328918477966909e+02,9.825568191702524246e+02,9.808248378005914674e+02,9.793580465477014059e+02,9.781674112002632455e+02,9.772495557303443547e+02,9.765848145801453484e+02,9.761425521058828281e+02,9.758798877911517593e+02
1.014551519079539730e+03,1.014673799666612808e+03,1.014688109299315329e+03,1.014582340139099642e+03,1.014308877370448045e+03,1.013837272168287200e+03,1.013148159663795241e+03,1.012212989540545323e+03,1.011009040394068279e+03,1.009539947655226570e+03,1.007830988359993171e+03,1.005928879293592672e+03,1.003830401704630731e+03,1.001536392637393419e+03,9.991293487265388649e+02,9.966513008397345175e+02,9.941328584221730580e+02,9.916285720411253806e+02,9.891784778778549025e+02,9.868485091475863555e+02,9.846869510425816543e+02,9.826860602255621870e+02,9.809075285977926342e+02,9.794227665746036564e+02,9.782216538951427083e+02,9.772857103599707216e+02,9.766092543576428398e+02,9.761581187056655153e+02,9.758837337138038492e+02
1.014229993072747220e+03,1.014351559456666564e+03,1.014361874644315890e+03,1.014251428782573612e+03,1.013995264787374936e+03,1.013542199270866604e+03,1.012857814415445546e+03,1.011930762106505199e+03,1.010741458458230909e+03,1.009294576099878441e+03,1.007616263312698720e+03,1.005715855676040178e+03,1.003619825442683577e+03,1.001376352420236344e+03,9.990159862915072608e+02,9.965730202726599600e+02,9.940997450010679586e+02,9.916336644138173142e+02,9.891936462304540782e+02,9.868522147909370688e+02,9.846864276809227476e+02,9.827053537483191121e+02,9.809389855334106869e+02,9.794455690685668969e+02,9.782410201015245548e+02,9.772966913298168947e+02,9.766148077133241259e+02,9.761689555756536265e+02,9.758894216122698708e+02
1.013894311474383017e+03,1.014013482660562204e+03,1.014020690364113648e+03,1.013901145339678806e+03,1.013615509846877558e+03,1.013124996297537564e+03,1.012415203107394518e+03,1.011452619579573138e+03,1.010238244089677892e+03,1.008811673002239559e+03,1.007152957148333826e+03,1.005258769895720434e+03,1.003182235942038574e+03,1.000977870489181214e+03,9.986685735823175492e+02,9.962765748943731978e+02,9.938396758466942629e+02,9.913913777021616625e+02,9.890015092302037374e+02,9.867137146263112299e+02,9.845576278557421119e+02,9.826002626761885494e+02,9.808745557284519236e+02,9.794023420872891847e+02,9.781978018565380353e+02,9.772779550733182532e+02,9.766231952179728069e+02,9.761776442670081906e+02,9.758940046514560436e+02
1.013303967135378571e+03,1.013411537947141369e+03,1.013401093545502818e+03,1.013252263304005737e+03,1.012933553009207344e+03,1.012417771817802986e+03,1.011693636497230045e+03,1.010741135603770999e+03,1.009544433242873765e+03,1.008111933044752050e+03,1.006475126435168022e+03,1.004645154269250497e+03,1.002631209515213868e+03,1.000488568469692154e+03,9.982303058464808601e+02,9.958721626935116547e+02,9.934725296531132699e+02,9.910678756120209982e+02,9.887073905398142415e+02,9.864443466949740014e+02,9.843211952497636048e+02,9.823925008784133297e+02,9.806920645331492778e+02,9.792581938590710706e+02,9.781163085339916279e+02,9.772279985323499432e+02,9.765748883148879713e+02,9.761456395444737382e+02,9.758839906536816216e+02
1.012345408224990706e+03,1.012419923015520112e+03,1.012367022617000885e+03,1.012172765288023129e+03,1.011807830283130215e+03,1.011244344682397355e+03,1.010466129210792815e+03,1.009463526052943962e+03,1.008255247689120665e+03,1.006846215125034405e+03,1.005252796185621719e+03,1.003489139653237089e+03,1.001546701790609859e+03,9.994802687981776899e+02,9.973038306462631226e+02,9.950405547790037417e+02,9.927309640070632213e+02,9.904041139209904259e+02,9.881279579681781797e+02,9.859664577517871749e+02,9.839415762092667137e+02,9.820786512329827929e+02,9.804679126920525505e+02,9.791275750438433079e+02,9.780303200551750251e+02,9.771843398569501460e+02,9.765737648466169958e+02,9.761571011418502621e+02,9.758906212543315633e+02
1.011167397196781849e+03,1.011205418748722195e+03,1.011113456822220769e+03,1.010871577846256059e+03,1.010456004110242020e+03,1.009852061163056760e+03,1.009060473682396491e+03,1.008072264601190454e+03,1.006886874792012463e+03,1.005525182013800986e+03,1.003979532277259750e+03,1.002266916602212405e+03,1.000406420818556057e+03,9.984222908038320838e+02,9.963701632217794213e+02,9.942306194074271843e+02,9.920310812161970944e+02,9.898409669868399305e+02,9.876692855219232570e+02,9.855729885921786035e+02,9.836354212806334090e+02,9.818824383687942827e+02,9.803499307054369183e+02,9.790756151001337457e+02,9.780441028279617512e+02,9.772246557431158180e+02,9.766093357096281125e+02,9.761841021876712148e+02,9.758999873375443030e+02
1.009880220968484991e+03,1.009855185318398526e+03,1.009701180935551747e+03,1.009405391371528594e+03,1.008947052390490171e+03,1.008310772252129254e+03,1.007497989622893670e+03,1.006507474083853822e+03,1.005364554801464010e+03,1.004074553117137839e+03,1.002611251538308352e+03,1.000995173171530610e+03,9.992476939088054451e+02,9.973924304553606817e+02,9.954470653691489588e+02,9.934313878045752517e+02,9.913735169540573224e+02,9.892841436552062078e+02,9.871959214291284752e+02,9.851976113199498286e+02,9.833515735131645670e+02,9.817011740622228899e+02,9.802629170938000698e+02,9.790349136511499637e+02,9.780291895376863067e+02,9.772277265795889889e+02,9.766326895182884300e+02,9.762020384078593906e+02,9.759011567396454438e+02
1.012416258014113964e+03,1.012351229119351501e+03,1.012163546296356913e+03,1.011830386791393153e+03,1.011335889114695647e+03,1.010680368692346519e+03,1.009873313311613856e+03,1.008930648169546203e+03,1.007828963267947074e+03,1.006590377197134558e+03,1.005211735995320851e+03,1.003707724193070817e+03,1.002082866909522409e+03,1.000341010951667954e+03,9.985209897662991807e+02,9.966291786650297126e+02,9.946836613344330544e+02,9.927334319938086082e+02,9.908235864323189617e+02,9.889809243402000902e+02,9.872625435320505858e+02,9.856906913952002469e+02,9.842811039958970696e+02,9.830717830508472161e+02,9.820743357565569340e+02,9.812532763368785709e+02,9.805904211607810339e+02,9.800962955056256760e+02,9.797376996889643124e+02
1.012558756302842767e+03,1.012469620189509897e+03,1.012237648087889738e+03,1.011869392707462566e+03,1.011356000656213382e+03,1.010696518093876875e+03,1.009904463525112988e+03,1.008986524467668914e+03,1.007915350820725280e+03,1.006700327808708835e+03,1.005372739389778189e+03,1.003921752899743979e+03,1.002324694678022524e+03,1.000616330184908065e+03,9.988295305411115805e+02,9.969758460313053092e+02,9.950745899571556947e+02,9.931484549713791239e+02,9.912569753093632698e+02,9.894429314840213010e+02,9.877340566503243053e+02,9.861561169849783255e+02,9.847353783350597496e+02,9.834939005165008439e+02,9.824312053606536210e+02,9.815395673160140859e+02,9.808085296890087648e+02,9.802270662998680564e+02,9.797785694071449143e+02
1.012521602602864732e+03,1.012413086238203391e+03,1.012150836563446319e+03,1.011752842184403903e+03,1.011206834811078920e+03,1.010515562922294180e+03,1.009709449830993890e+03,1.008791067019086313e+03,1.007737759697013871e+03,1.006548940660492349e+03,1.005222046369726741e+03,1.003770809498924677e+03,1.002214469563818056e+03,1.000575772735686314e+03,9.988720162219201484e+02,9.970779722155521085e+02,9.952320611571644804e+02,9.933835750341872881e+02,9.915611619720245926e+02,9.897918176597142974e+02,9.881097558110902810e+02,9.865536830309614515e+02,9.851247955266785539e+02,9.838426576828514953e+02,9.827283771446202536e+02,9.817626055589701082e+02,9.809497021387421682e+02,9.803024241318876193e+02,9.798003838228444238e+02
1.012623660686062749e+03,1.012505887803615792e+03,1.012222138159606288e+03,1.011797564433405682e+03,1.011247257118679386e+03,1.010577121935142941e+03,1.009767879129039557e+03,1.008835124705620615e+03,1.007785013132800941e+03,1.006594350369393055e+03,1.005289429653731531e+03,1.003885304182067784e+03,1.002360834867079575e+03,1.000735832081079820e+03,9.990276027741923599e+02,9.972442863774813304e+02,9.954224399426700529e+02,9.935969001890949812e+02,9.917901437415575856e+02,9.900458360580902308e+02,9.883974275435384698e+02,9.868493814741519827e+02,9.854112818922842507e+02,9.841025386046439962e+02,9.829439571336787367e+02,9.819450739018990362e+02,9.810961745648609167e+02,9.803875771253169660e+02,9.798271215466538706e+02
1.012863413933566108e+03,1.012741493933905303e+03,1.012445402097415354e+03,1.012021787176939597e+03,1.011463638269588046e+03,1.010788910025956284e+03,1.009994946718886467e+03,1.009069323695723597e+03,1.008021368083065340e+03,1.006847519993913920e+03,1.005545582782920064e+03,1.004133991280661803e+03,1.002631989409409243e+03,1.001034183498085554e+03,9.993539395931215950e+02,9.975996265608264366e+02,9.958032610509549158e+02,9.940040788024990661e+02,9.922036759943989637e+02,9.904525511908029785e+02,9.887804545471956317e+02,9.871991284391926911e+02,9.857364225838516631e+02,9.843976096219951160e+02,9.831873622075893309e+02,9.821152241026052252e+02,9.811972171551958581e+02,9.804490089888373632e+02,9.798512267044250166e+02
1.012924655466863328e+03,1.012790512643548482e+03,1.012497603330185257e+03,1.012076334559344332e+03,1.011531725080292517e+03,1.010854327166218127e+03,1.010059430216819010e+03,1.009141177157753873e+03,1.008085078928801067e+03,1.006907726451392591e+03,1.005616035821830337e+03,1.004211179510022021e+03,1.002690754660245148e+03,1.001071816665349843e+03,9.993996986759487982e+02,9.976761862270232086e+02,9.959140187450811936e+02,9.941457030015583314e+02,9.923835594999625300e+02,9.906660238873309936e+02,9.890028380550497786e+02,9.874101771167372590e+02,9.859184607217573557e+02,9.845396446712920806e+02,9.832917725397446702e+02,9.821901363203037363e+02,9.812467700174058791e+02,9.804668703955715046e+02,9.798501292423586619e+02
1.013403734152199831e+03,1.013251551676920144e+03,1.012941089561295030e+03,1.012522618585744567e+03,1.011981884539172938e+03,1.011305976735295872e+03,1.010505863902030342e+03,1.009577856741041387e+03,1.008523408274565440e+03,1.007337216049840549e+03,1.006029904929901022e+03,1.004618518465087845e+03,1.003113577330873795e+03,1.001509595580147788e+03,9.998231773211207383e+02,9.980756309313412658e+02,9.962787027792635399e+02,9.944799172491418631e+02,9.927085566625481761e+02,9.909740538034022848e+02,9.892824758555840390e+02,9.876627776659563551e+02,9.861352406706873808e+02,9.847171819736172438e+02,9.834187816416883834e+02,9.822556161464104889e+02,9.812678372697885152e+02,9.804700809773746641e+02,9.798514656476866094e+02
1.013733367221279650e+03,1.013586459975562320e+03,1.013293473425426782e+03,1.012885997433950934e+03,1.012343943073342416e+03,1.011659936316899234e+03,1.010836641143153884e+03,1.009867328025030247e+03,1.008772369191285406e+03,1.007561830723459479e+03,1.006237603906524782e+03,1.004813238574030720e+03,1.003290037884204821e+03,1.001680420470388526e+03,9.999816608424029027e+02,9.982308326764972435e+02,9.964639600237796913e+02,9.946745477365213901e+02,9.928898510150718266e+02,9.911305440519706735e+02,9.894012781527599145e+02,9.877410412659044141e+02,9.861986033537241383e+02,9.847627957677107133e+02,9.834419197730517226e+02,9.822732226632863330e+02,9.812710655651687830e+02,9.804657006850595735e+02,9.798500138691715620e+02
1.014171740121648327e+03,1.014049134750083226e+03,1.013789494635253050e+03,1.013382920417511173e+03,1.012820120691153534e+03,1.012104934177636437e+03,1.011240462063478617e+03,1.010241427950655066e+03,1.009109737321474995e+03,1.007850497036300567e+03,1.006489802586797168e+03,1.005029302259023325e+03,1.003470466743267593e+03,1.001838401841173209e+03,1.000118461011609952e+03,9.983699323600066009e+02,9.966334661483920172e+02,9.948490243209087112e+02,9.930330721929982474e+02,9.912512193273709045e+02,9.895263502894165413e+02,9.878659055350470908e+02,9.862737916125382753e+02,9.847747333475510914e+02,9.834092700079747829e+02,9.822027433779556986e+02,9.811919997009666758e+02,9.804007291974776308e+02,9.798235329225522037e+02
1.014735846348546374e+03,1.014620759276579065e+03,1.014373912809778176e+03,1.013982421866112759e+03,1.013422144290403935e+03,1.012677108074899024e+03,1.011764454067797260e+03,1.010713990768739450e+03,1.009531078702433206e+03,1.008238701037424562e+03,1.006857191587425859e+03,1.005367716350750584e+03,1.003794604565478267e+03,1.002146839096741132e+03,1.000420921192099058e+03,9.986628302761999976e+02,9.968759722700833663e+02,9.950405666653978187e+02,9.932098859256657306e+02,9.914206556506406969e+02,9.896589698000320823e+02,9.879428660058025571e+02,9.863031461187047171e+02,9.847685875232115222e+02,9.833813920545509291e+02,9.821643244493272960e+02,9.811497009985753266e+02,9.803618852630734182e+02,9.798028947222434226e+02
