# # fluxmap[i, j] in W/m^2: i is index of the azimuthal position on the receiver surface (counter-clockwise from South); and j is index of height on the receiver from bottom to top.
1.011760500000000029e+05,1.279144999999999854e+05,1.575660000000000000e+05,1.844745000000000000e+05,2.096024999999999709e+05,2.295400000000000000e+05,2.633865000000000000e+05,2.937065000000000000e+05,3.204355000000000000e+05,3.388160000000000000e+05,3.616539999999999418e+05,3.844320000000000000e+05,4.040305000000000000e+05,4.230349999999999418e+05,4.365625000000000000e+05,4.545460000000000000e+05,4.629750000000000000e+05,4.669070000000000000e+05,4.692985000000000000e+05,4.595915000000000000e+05,4.621080000000000000e+05,4.493980000000000000e+05,4.273695000000000000e+05,4.026580000000000000e+05,3.681520000000000000e+05,3.379785000000000000e+05,2.902375000000000000e+05,2.473245000000000000e+05,1.938450000000000000e+05
9.390235000000000582e+04,1.313385000000000000e+05,1.665190000000000000e+05,1.959935000000000291e+05,2.265780000000000000e+05,2.478885000000000000e+05,2.720185000000000000e+05,2.993470000000000000e+05,3.310265000000000000e+05,3.596010000000000000e+05,3.795300000000000000e+05,4.000840000000000000e+05,4.238030000000000000e+05,4.386604999999999418e+05,4.482730000000000000e+05,4.749175000000000000e+05,4.777169999999999418e+05,4.785320000000000000e+05,4.807150000000000000e+05,4.752110000000000000e+05,4.822140000000000000e+05,4.641899999999999418e+05,4.380540000000000000e+05,4.263660000000000000e+05,3.877295000000000000e+05,3.441615000000000000e+05,3.072125000000000000e+05,2.544065000000000000e+05,2.096880000000000291e+05
9.540750000000000000e+04,1.405985000000000000e+05,1.722565000000000000e+05,1.991025000000000000e+05,2.261940000000000000e+05,2.633365000000000000e+05,2.877005000000000000e+05,3.123245000000000000e+05,3.453395000000000000e+05,3.643410000000000000e+05,3.975835000000000000e+05,4.206990000000000000e+05,4.373185000000000000e+05,4.591839999999999418e+05,4.746315000000000000e+05,4.894610000000000000e+05,4.929810000000000582e+05,4.974180000000000000e+05,4.992460000000000000e+05,4.909040000000000000e+05,4.841765000000000582e+05,4.743155000000000582e+05,4.453890000000000000e+05,4.313655000000000000e+05,3.883375000000000000e+05,3.571775000000000000e+05,3.034530000000000000e+05,2.567894999999999709e+05,2.185765000000000000e+05
8.808460000000000582e+04,1.439545000000000000e+05,1.780235000000000000e+05,2.031590000000000000e+05,2.371215000000000000e+05,2.684335000000000000e+05,3.036720000000000000e+05,3.350305000000000000e+05,3.582540000000000000e+05,3.877415000000000000e+05,4.048960000000000000e+05,4.362455000000000582e+05,4.517090000000000000e+05,4.790325000000000000e+05,4.940885000000000582e+05,5.038035000000000000e+05,5.046340000000000000e+05,5.276745000000000000e+05,5.186905000000000582e+05,5.102214999999999418e+05,4.964655000000000000e+05,4.912785000000000000e+05,4.621330000000000000e+05,4.463870000000000000e+05,4.084315000000000000e+05,3.661270000000000000e+05,3.189395000000000000e+05,2.655500000000000000e+05,2.140095000000000291e+05
8.943839999999999418e+04,1.447140000000000000e+05,1.803320000000000000e+05,2.153909999999999709e+05,2.420135000000000000e+05,2.758025000000000000e+05,3.105060000000000000e+05,3.417245000000000000e+05,3.720285000000000000e+05,3.939175000000000000e+05,4.255565000000000000e+05,4.514550000000000582e+05,4.660120000000000000e+05,4.975695000000000000e+05,5.108529999999999418e+05,5.137305000000000000e+05,5.235195000000000000e+05,5.310685000000000000e+05,5.361325000000000000e+05,5.232775000000000582e+05,5.232775000000000582e+05,5.016325000000000582e+05,4.678829999999999418e+05,4.407024999999999418e+05,4.106300000000000582e+05,3.629585000000000000e+05,3.202430000000000000e+05,2.774525000000000000e+05,2.207614999999999709e+05
9.246375000000000000e+04,1.507760000000000000e+05,1.839955000000000000e+05,2.190995000000000000e+05,2.539525000000000000e+05,2.914790000000000000e+05,3.242770000000000000e+05,3.579980000000000000e+05,3.946870000000000000e+05,4.230465000000000000e+05,4.462425000000000000e+05,4.631789999999999418e+05,4.771544999999999418e+05,4.995020000000000000e+05,5.230050000000000000e+05,5.297980000000000000e+05,5.322635000000000000e+05,5.499920000000000000e+05,5.484560000000000000e+05,5.430670000000000000e+05,5.274610000000000000e+05,5.036965000000000000e+05,4.870885000000000000e+05,4.590969999999999418e+05,4.148115000000000000e+05,3.699420000000000000e+05,3.198745000000000000e+05,2.686290000000000000e+05,2.157805000000000000e+05
9.620550000000000000e+04,1.508915000000000000e+05,1.901100000000000000e+05,2.236680000000000000e+05,2.631085000000000000e+05,2.933515000000000000e+05,3.369140000000000000e+05,3.766765000000000000e+05,4.026455000000000000e+05,4.345205000000000000e+05,4.627245000000000000e+05,4.833315000000000000e+05,4.964765000000000000e+05,5.263590000000000000e+05,5.255330000000000000e+05,5.402470000000000000e+05,5.582780000000000000e+05,5.625345000000000000e+05,5.452965000000000000e+05,5.466720000000000000e+05,5.342260000000000000e+05,5.214570000000000000e+05,4.967469999999999418e+05,4.611110000000000000e+05,4.158840000000000000e+05,3.655320000000000000e+05,3.260875000000000000e+05,2.677580000000000000e+05,2.132505000000000000e+05
1.006971000000000058e+05,1.507280000000000000e+05,1.864090000000000000e+05,2.281360000000000000e+05,2.681775000000000000e+05,3.155005000000000000e+05,3.515580000000000000e+05,3.930845000000000582e+05,4.319400000000000000e+05,4.528050000000000000e+05,4.741535000000000000e+05,4.987715000000000000e+05,5.067340000000000000e+05,5.192845000000000000e+05,5.449065000000000000e+05,5.474730000000000000e+05,5.541805000000000000e+05,5.694270000000000000e+05,5.656380000000000000e+05,5.698895000000000000e+05,5.408540000000000000e+05,5.323605000000000000e+05,5.048330000000000000e+05,4.676430000000000000e+05,4.268155000000000000e+05,3.768960000000000000e+05,3.262280000000000000e+05,2.615495000000000000e+05,2.058810000000000000e+05
1.016265500000000029e+05,1.459995000000000000e+05,1.835220000000000291e+05,2.302319999999999709e+05,2.780755000000000000e+05,3.238420000000000000e+05,3.792140000000000000e+05,4.092355000000000000e+05,4.399490000000000000e+05,4.605120000000000000e+05,4.894990000000000582e+05,4.990420000000000000e+05,5.157609999999999418e+05,5.357075000000000000e+05,5.515085000000000000e+05,5.561400000000000000e+05,5.646230000000000000e+05,5.781255000000000000e+05,5.772880000000000000e+05,5.748345000000000000e+05,5.595670000000000000e+05,5.405155000000000000e+05,5.247610000000000000e+05,4.731600000000000000e+05,4.278535000000000000e+05,3.721294999999999418e+05,3.090660000000000000e+05,2.467885000000000000e+05,1.904764999999999709e+05
1.034329499999999971e+05,1.423390000000000000e+05,1.868335000000000000e+05,2.334855000000000291e+05,2.862390000000000000e+05,3.492800000000000000e+05,3.870189999999999418e+05,4.128215000000000582e+05,4.455550000000000000e+05,4.740179999999999418e+05,4.878870000000000000e+05,5.100770000000000000e+05,5.251665000000000000e+05,5.418385000000000000e+05,5.566340000000000000e+05,5.560180000000000000e+05,5.912630000000000000e+05,5.871390000000000000e+05,5.875720000000000000e+05,5.691445000000000000e+05,5.712130000000000000e+05,5.527460000000000000e+05,5.204940000000000582e+05,4.786529999999999418e+05,4.346935000000000000e+05,3.701730000000000000e+05,2.932850000000000000e+05,2.313325000000000000e+05,1.705680000000000000e+05
9.779464999999997963e+04,1.380120000000000000e+05,1.967115000000000000e+05,2.523825000000000000e+05,3.148775000000000000e+05,3.776654999999999418e+05,4.352820000000000000e+05,4.736025000000000000e+05,5.104335000000000000e+05,5.284765000000000000e+05,5.504080000000000000e+05,5.764025000000000000e+05,5.834815000000000000e+05,6.087660000000000000e+05,6.317000000000000000e+05,6.357025000000000000e+05,6.495370000000000000e+05,6.513740000000000000e+05,6.571005000000000000e+05,6.625940000000000000e+05,6.502740000000000000e+05,6.210840000000000000e+05,5.935305000000000000e+05,5.434155000000000000e+05,4.665990000000000000e+05,3.998395000000000000e+05,3.228855000000000000e+05,2.340255000000000000e+05,1.727300000000000000e+05
8.853450000000000000e+04,1.385850000000000000e+05,1.962935000000000000e+05,2.711440000000000000e+05,3.325275000000000000e+05,4.011284999999999418e+05,4.697485000000000000e+05,5.174040000000000000e+05,5.490420000000000000e+05,5.665835000000000000e+05,5.819320000000000000e+05,5.961770000000000000e+05,6.146640000000000000e+05,6.365735000000000000e+05,6.521260000000000000e+05,6.590775000000000000e+05,6.717175000000000000e+05,6.858845000000000000e+05,7.008875000000000000e+05,6.955875000000000000e+05,6.719140000000000000e+05,6.634425000000000000e+05,6.290895000000000000e+05,5.744585000000000000e+05,5.030305000000000000e+05,4.155574999999999418e+05,3.281295000000000000e+05,2.406245000000000000e+05,1.704480000000000000e+05
8.294355000000000291e+04,1.385785000000000000e+05,2.041764999999999709e+05,2.700960000000000000e+05,3.461190000000000000e+05,4.359354999999999418e+05,4.891810000000000000e+05,5.412260000000000000e+05,5.791050000000000000e+05,6.073570000000000000e+05,6.191860000000000000e+05,6.368365000000000000e+05,6.437940000000000000e+05,6.600685000000000000e+05,6.768620000000000000e+05,6.910270000000000000e+05,6.997350000000000000e+05,7.123125000000000000e+05,7.313515000000000000e+05,7.116760000000000000e+05,7.148170000000000000e+05,6.998540000000000000e+05,6.531465000000000000e+05,6.001780000000000000e+05,5.150715000000000000e+05,4.334580000000000582e+05,3.315790000000000000e+05,2.389405000000000000e+05,1.704940000000000000e+05
7.427510000000000582e+04,1.383800000000000000e+05,2.110769999999999709e+05,2.861775000000000000e+05,3.807505000000000000e+05,4.534110000000000000e+05,5.292575000000000000e+05,5.731775000000000000e+05,6.132455000000000000e+05,6.303055000000000000e+05,6.451055000000000000e+05,6.527815000000000000e+05,6.701460000000000000e+05,6.852380000000000000e+05,6.965660000000000000e+05,7.102165000000000000e+05,7.279625000000000000e+05,7.295610000000000000e+05,7.381735000000000000e+05,7.545235000000000000e+05,7.290810000000000000e+05,7.228675000000000000e+05,6.943275000000000000e+05,6.226145000000000000e+05,5.381095000000000000e+05,4.335140000000000000e+05,3.380195000000000000e+05,2.465109999999999709e+05,1.737195000000000000e+05
7.203685000000000582e+04,1.512370000000000000e+05,2.254839999999999709e+05,3.061340000000000000e+05,3.987715000000000582e+05,4.793820000000000582e+05,5.527255000000000000e+05,5.897850000000000000e+05,6.385580000000000000e+05,6.536885000000000000e+05,6.552835000000000000e+05,6.885375000000000000e+05,6.830085000000000000e+05,7.131390000000000000e+05,7.078010000000000000e+05,7.201990000000000000e+05,7.330930000000000000e+05,7.446375000000000000e+05,7.521915000000000000e+05,7.611845000000000000e+05,7.484015000000000000e+05,7.394205000000000000e+05,6.976375000000000000e+05,6.322700000000000000e+05,5.448005000000000000e+05,4.504935000000000000e+05,3.341315000000000000e+05,2.386665000000000000e+05,1.670240000000000000e+05
7.533335000000000582e+04,1.637585000000000000e+05,2.423514999999999709e+05,3.308010000000000000e+05,4.288420000000000000e+05,5.128739999999999418e+05,5.760200000000000000e+05,6.187605000000000000e+05,6.513340000000000000e+05,6.765395000000000000e+05,6.740210000000000000e+05,6.818025000000000000e+05,7.062430000000000000e+05,7.076235000000000000e+05,7.296110000000000000e+05,7.296975000000000000e+05,7.356770000000000000e+05,7.501795000000001164e+05,7.582695000000001164e+05,7.666925000000000000e+05,7.743430000000000000e+05,7.441010000000001164e+05,7.037055000000000000e+05,6.418040000000000000e+05,5.549660000000000000e+05,4.477430000000000000e+05,3.363380000000000000e+05,2.416630000000000000e+05,1.774370000000000000e+05
9.237610000000000582e+04,1.779325000000000000e+05,2.686880000000000000e+05,3.679665000000000000e+05,4.528915000000000000e+05,5.313490000000000000e+05,5.963760000000000000e+05,6.280795000000000000e+05,6.604680000000000000e+05,6.717035000000000000e+05,6.820965000000000000e+05,7.072100000000000000e+05,7.041920000000000000e+05,7.208605000000000000e+05,7.220425000000000000e+05,7.320395000000000000e+05,7.318505000000000000e+05,7.566090000000000000e+05,7.509750000000000000e+05,7.697305000000000000e+05,7.746745000000000000e+05,7.525380000000000000e+05,6.919080000000000000e+05,6.387490000000000000e+05,5.442255000000000000e+05,4.244115000000000000e+05,3.371610000000000000e+05,2.390420000000000000e+05,1.738905000000000000e+05
1.211639999999999854e+05,2.186820000000000000e+05,2.965645000000000000e+05,3.888895000000000000e+05,4.765934999999999418e+05,5.537445000000000000e+05,6.020495000000000000e+05,6.386925000000000000e+05,6.691890000000000000e+05,6.881975000000000000e+05,6.904245000000000000e+05,7.067470000000000000e+05,7.112200000000000000e+05,7.104765000000000000e+05,7.250515000000000000e+05,7.300270000000000000e+05,7.426525000000000000e+05,7.496470000000000000e+05,7.515125000000000000e+05,7.575925000000000000e+05,7.498660000000001164e+05,7.349120000000000000e+05,6.861115000000000000e+05,6.314435000000000000e+05,5.374880000000000000e+05,4.355295000000000000e+05,3.319680000000000000e+05,2.404695000000000291e+05,1.693085000000000000e+05
1.470005000000000000e+05,2.373295000000000000e+05,3.267740000000000000e+05,4.190245000000000582e+05,5.031665000000000582e+05,5.644115000000000000e+05,6.137900000000000000e+05,6.571255000000000000e+05,6.734895000000000000e+05,6.796275000000000000e+05,6.951245000000000000e+05,6.899275000000000000e+05,7.034315000000000000e+05,7.156000000000000000e+05,7.093030000000000000e+05,7.122665000000000000e+05,7.296000000000000000e+05,7.332140000000000000e+05,7.346240000000000000e+05,7.415640000000000000e+05,7.290810000000000000e+05,7.086220000000000000e+05,6.662835000000000000e+05,6.004390000000000000e+05,5.111820000000000582e+05,4.284315000000000000e+05,3.141660000000000000e+05,2.353365000000000291e+05,1.751825000000000000e+05
1.872579999999999709e+05,2.708005000000000000e+05,3.577400000000000000e+05,4.504145000000000000e+05,5.145340000000000582e+05,5.713150000000000000e+05,6.172120000000000000e+05,6.362020000000000000e+05,6.648135000000000000e+05,6.692495000000000000e+05,6.925840000000000000e+05,6.881935000000000000e+05,6.899990000000000000e+05,6.999485000000000000e+05,7.094975000000000000e+05,6.948415000000000000e+05,7.061630000000000000e+05,7.112300000000000000e+05,7.170885000000000000e+05,7.136520000000000000e+05,7.041640000000000000e+05,6.855140000000000000e+05,6.331035000000000000e+05,5.750700000000000000e+05,4.916505000000000000e+05,4.143790000000000000e+05,3.153340000000000000e+05,2.430309999999999709e+05,1.785710000000000000e+05
2.324965000000000000e+05,3.203345000000000000e+05,4.229755000000000000e+05,5.144224999999999418e+05,5.666845000000000000e+05,6.294950000000000000e+05,6.572380000000000000e+05,6.947925000000000000e+05,7.288030000000000000e+05,7.351404999999998836e+05,7.538670000000000000e+05,7.459714999999998836e+05,7.523895000000000000e+05,7.516710000000001164e+05,7.475295000000000000e+05,7.617635000000000000e+05,7.431550000000001164e+05,7.536255000000000000e+05,7.489215000000000000e+05,7.289995000000000000e+05,7.125685000000000000e+05,7.050105000000000000e+05,6.671320000000000000e+05,6.055475000000000000e+05,5.283625000000000000e+05,4.524025000000000000e+05,3.567865000000000000e+05,2.842955000000000000e+05,2.191000000000000000e+05
2.459505000000000291e+05,3.666740000000000582e+05,4.608740000000000000e+05,5.430335000000000000e+05,6.134675000000000000e+05,6.709990000000000000e+05,7.049855000000000000e+05,7.340015000000000000e+05,7.454274999999998836e+05,7.607945000000000000e+05,7.626105000000000000e+05,7.566520000000000000e+05,7.775275000000000000e+05,7.699320000000000000e+05,7.658865000000000000e+05,7.783905000000000000e+05,7.598420000000000000e+05,7.539090000000000000e+05,7.480650000000000000e+05,7.291789999999998836e+05,7.229270000000000000e+05,6.941935000000000000e+05,6.447225000000000000e+05,5.985440000000000000e+05,5.369915000000000000e+05,4.781910000000000582e+05,3.949175000000000000e+05,3.148700000000000000e+05,2.433435000000000000e+05
2.661755000000000000e+05,3.951745000000000000e+05,4.970870000000000000e+05,5.768945000000000000e+05,6.476560000000000000e+05,6.927140000000000000e+05,7.339265000000000000e+05,7.423970000000001164e+05,7.693995000000000000e+05,7.770989999999998836e+05,7.876175000000000000e+05,7.890945000000000000e+05,7.901520000000000000e+05,7.756630000000000000e+05,7.769705000000001164e+05,7.668775000000000000e+05,7.631485000000000000e+05,7.537725000000000000e+05,7.414215000000000000e+05,7.412325000000000000e+05,7.113735000000000000e+05,6.871440000000000000e+05,6.492085000000000000e+05,6.008640000000000000e+05,5.562315000000000000e+05,4.855965000000000582e+05,4.160950000000000582e+05,3.432415000000000000e+05,2.728690000000000000e+05
2.670100000000000000e+05,4.300410000000000000e+05,5.342935000000000000e+05,6.040860000000000000e+05,6.693990000000000000e+05,7.199990000000000000e+05,7.503615000000000000e+05,7.658979999999998836e+05,7.981399999999998836e+05,7.940795000000000000e+05,8.031524999999998836e+05,7.922510000000000000e+05,7.927890000000000000e+05,7.948990000000000000e+05,7.814050000000000000e+05,7.739845000000000000e+05,7.578075000000000000e+05,7.635595000000000000e+05,7.409805000000000000e+05,7.183440000000000000e+05,7.066255000000000000e+05,6.751080000000000000e+05,6.372560000000000000e+05,6.104605000000000000e+05,5.537810000000000000e+05,4.988924999999999418e+05,4.388845000000000000e+05,3.734709999999999418e+05,2.950210000000000000e+05
2.604669999999999709e+05,4.566965000000000000e+05,5.583250000000000000e+05,6.430375000000000000e+05,6.888500000000000000e+05,7.353600000000000000e+05,7.751749999999998836e+05,7.890660000000000000e+05,8.037545000000001164e+05,8.095560000000000000e+05,8.183820000000001164e+05,8.159915000000000000e+05,8.091924999999998836e+05,7.959660000000001164e+05,7.890095000000000000e+05,7.822000000000000000e+05,7.717520000000000000e+05,7.559854999999998836e+05,7.433670000000000000e+05,7.212220000000000000e+05,6.926795000000000000e+05,6.842950000000000000e+05,6.446560000000000000e+05,6.214165000000000000e+05,5.830535000000000000e+05,5.252700000000000000e+05,4.645319999999999418e+05,3.823620000000000000e+05,3.218025000000000000e+05
2.733150000000000000e+05,4.602375000000000000e+05,5.737890000000000000e+05,6.517475000000000000e+05,7.145675000000000000e+05,7.504265000000000000e+05,7.766895000000000000e+05,7.939130000000000000e+05,8.099185000000000000e+05,8.153625000000000000e+05,8.190185000000000000e+05,8.170775000000000000e+05,8.136130000000000000e+05,8.080665000000000000e+05,7.951020000000000000e+05,7.787500000000001164e+05,7.597035000000000000e+05,7.598280000000000000e+05,7.379290000000000000e+05,7.169535000000000000e+05,7.057410000000000000e+05,6.837505000000000000e+05,6.438380000000000000e+05,6.200195000000000000e+05,5.928465000000000000e+05,5.513240000000000000e+05,4.916415000000000000e+05,3.951100000000000000e+05,3.273215000000000000e+05
2.983685000000000000e+05,4.809695000000000000e+05,5.870175000000000000e+05,6.577010000000000000e+05,7.264790000000000000e+05,7.703839999999998836e+05,8.041345000000000000e+05,8.111980000000000000e+05,8.144355000000000000e+05,8.167325000000000000e+05,8.089504999999998836e+05,8.171115000000000000e+05,8.010965000000000000e+05,7.846315000000000000e+05,7.916800000000000000e+05,7.753794999999998836e+05,7.646255000000000000e+05,7.405450000000000000e+05,7.320070000000000000e+05,7.080350000000000000e+05,7.074370000000000000e+05,6.769935000000000000e+05,6.583695000000000000e+05,6.385135000000000000e+05,6.038575000000000000e+05,5.510495000000000000e+05,4.868305000000000582e+05,4.132214999999999418e+05,3.376025000000000000e+05
3.169095000000000000e+05,4.694455000000000582e+05,5.845855000000000000e+05,6.685470000000000000e+05,7.288255000000000000e+05,7.718310000000000000e+05,8.000269999999998836e+05,8.124755000000000000e+05,8.155025000000000000e+05,8.152940000000000000e+05,8.314634999999998836e+05,8.068354999999998836e+05,8.074324999999998836e+05,7.853045000000000000e+05,7.820425000000000000e+05,7.667715000000000000e+05,7.723960000000000000e+05,7.430145000000000000e+05,7.372880000000000000e+05,7.138605000000000000e+05,7.020595000000000000e+05,6.943650000000000000e+05,6.723270000000000000e+05,6.520250000000000000e+05,6.080050000000000000e+05,5.670755000000000000e+05,5.027235000000000000e+05,4.249950000000000000e+05,3.340755000000000000e+05
3.448790000000000000e+05,4.733770000000000000e+05,5.779015000000000000e+05,6.628540000000000000e+05,7.267930000000000000e+05,7.641605000000000000e+05,8.017290000000000000e+05,8.031565000000000000e+05,8.004235000000000000e+05,8.160480000000000000e+05,8.062575000000000000e+05,8.099460000000000000e+05,7.904804999999998836e+05,7.856750000000000000e+05,7.757580000000001164e+05,7.678515000000000000e+05,7.488379999999998836e+05,7.535410000000000000e+05,7.308440000000000000e+05,7.111980000000000000e+05,7.127220000000000000e+05,6.964210000000000000e+05,6.703950000000000000e+05,6.533865000000000000e+05,6.252350000000000000e+05,5.778345000000000000e+05,5.079745000000000000e+05,4.284649999999999418e+05,3.394455000000000000e+05
3.589380000000000000e+05,4.656670000000000000e+05,5.819700000000000000e+05,6.597000000000000000e+05,7.281755000000000000e+05,7.662445000000000000e+05,7.738970000000000000e+05,7.947325000000000000e+05,7.976139999999998836e+05,7.938030000000000000e+05,7.957314999999998836e+05,7.934454999999998836e+05,7.729940000000000000e+05,7.677905000000000000e+05,7.637740000000001164e+05,7.558384999999998836e+05,7.388860000000001164e+05,7.292800000000000000e+05,7.266565000000000000e+05,7.240645000000000000e+05,7.017020000000000000e+05,7.091600000000000000e+05,6.809195000000000000e+05,6.643295000000000000e+05,6.407505000000000000e+05,5.900710000000000000e+05,5.130159999999998836e+05,4.151885000000000000e+05,3.322150000000000000e+05
3.579795000000000000e+05,4.956860000000000000e+05,5.884045000000000000e+05,6.952720000000000000e+05,7.498989999999998836e+05,8.143535000000001164e+05,8.377990000000000000e+05,8.483060000000000000e+05,8.524690000000000000e+05,8.631830000000000000e+05,8.586855000000001164e+05,8.410030000000000000e+05,8.399630000000000000e+05,8.439980000000000000e+05,8.231825000000000000e+05,8.107209999999998836e+05,8.057420000000001164e+05,8.072275000000000000e+05,7.838824999999998836e+05,7.979259999999998836e+05,7.744259999999998836e+05,7.672650000000000000e+05,7.611335000000000000e+05,7.450620000000000000e+05,7.014085000000000000e+05,6.497095000000000000e+05,5.533080000000000000e+05,4.598895000000000582e+05,3.535875000000000000e+05
3.443515000000000000e+05,4.967145000000000000e+05,6.128020000000000000e+05,7.176975000000000000e+05,7.864890000000000000e+05,8.359120000000000000e+05,8.659170000000001164e+05,8.723710000000000000e+05,8.799415000000000000e+05,8.712049999999998836e+05,8.723420000000000000e+05,8.629114999999998836e+05,8.564240000000000000e+05,8.351415000000001164e+05,8.410470000000000000e+05,8.321105000000000000e+05,8.309505000000000000e+05,8.227790000000000000e+05,8.162540000000000000e+05,8.157314999999998836e+05,8.121195000000000000e+05,8.068695000000001164e+05,7.974735000000001164e+05,7.798255000000000000e+05,7.268324999999998836e+05,6.742170000000000000e+05,6.001365000000000000e+05,4.812710000000000000e+05,3.871290000000000000e+05
3.342800000000000000e+05,4.965829999999999418e+05,6.316495000000000000e+05,7.404270000000001164e+05,8.151490000000000000e+05,8.584275000000000000e+05,8.949724999999998836e+05,8.997085000000001164e+05,9.052610000000000000e+05,8.957875000000000000e+05,9.033355000000001164e+05,8.821205000000000000e+05,8.784790000000000000e+05,8.653900000000000000e+05,8.482400000000000000e+05,8.637940000000000000e+05,8.364539999999998836e+05,8.330225000000000000e+05,8.353140000000000000e+05,8.279870000000000000e+05,8.210124999999998836e+05,8.327445000000000000e+05,8.144550000000000000e+05,7.886330000000000000e+05,7.516905000000000000e+05,7.013820000000000000e+05,6.142950000000000000e+05,4.952250000000000000e+05,3.992885000000000000e+05
3.166850000000000000e+05,5.148375000000000000e+05,6.455880000000000000e+05,7.484840000000001164e+05,8.549580000000000000e+05,8.873510000000000000e+05,9.037435000000000000e+05,9.165635000000000000e+05,9.096795000000000000e+05,9.085530000000000000e+05,9.053570000000000000e+05,8.889690000000000000e+05,8.877110000000000000e+05,8.686925000000000000e+05,8.684850000000001164e+05,8.630824999999998836e+05,8.479270000000000000e+05,8.541580000000000000e+05,8.548245000000000000e+05,8.444650000000000000e+05,8.383220000000001164e+05,8.353739999999998836e+05,8.236630000000000000e+05,8.172325000000000000e+05,7.709370000000000000e+05,7.130570000000000000e+05,6.259435000000000000e+05,5.239005000000000000e+05,4.136655000000000582e+05
3.106020000000000000e+05,5.264380000000000000e+05,6.529585000000000000e+05,7.738385000000000000e+05,8.445875000000000000e+05,8.931524999999998836e+05,9.338665000000000000e+05,9.224725000000001164e+05,9.236425000000000000e+05,9.194415000000001164e+05,8.936370000000000000e+05,8.888135000000000000e+05,8.722880000000001164e+05,8.768155000000000000e+05,8.631350000000000000e+05,8.678045000000001164e+05,8.629760000000000000e+05,8.438970000000000000e+05,8.422834999999998836e+05,8.429890000000001164e+05,8.634505000000000000e+05,8.452625000000000000e+05,8.438245000000001164e+05,8.176079999999998836e+05,7.873945000000001164e+05,7.233170000000000000e+05,6.337670000000000000e+05,5.261630000000000000e+05,4.158500000000000000e+05
3.305885000000000000e+05,5.409960000000000000e+05,6.690105000000000000e+05,7.845564999999998836e+05,8.521720000000000000e+05,9.073885000000000000e+05,9.211495000000000000e+05,9.348920000000000000e+05,9.402685000000000000e+05,9.131840000000000000e+05,9.097705000000001164e+05,8.920730000000000000e+05,8.807430000000000000e+05,8.752385000000000000e+05,8.656385000000000000e+05,8.549735000000000000e+05,8.555909999999998836e+05,8.464245000000000000e+05,8.394809999999998836e+05,8.423455000000000000e+05,8.446740000000000000e+05,8.360665000000000000e+05,8.440070000000000000e+05,8.089725000000000000e+05,7.830675000000000000e+05,7.311480000000000000e+05,6.171465000000000000e+05,5.314190000000000000e+05,4.209250000000000000e+05
3.551295000000000000e+05,5.545155000000000000e+05,6.763775000000000000e+05,7.786330000000000000e+05,8.422605000000001164e+05,9.141335000000000000e+05,9.209990000000000000e+05,9.187880000000000000e+05,9.251205000000000000e+05,9.061990000000000000e+05,9.150470000000000000e+05,9.039839999999998836e+05,8.888675000000001164e+05,8.692304999999998836e+05,8.636420000000000000e+05,8.508810000000000000e+05,8.552530000000001164e+05,8.443980000000000000e+05,8.338910000000000000e+05,8.457810000000000000e+05,8.420105000000001164e+05,8.258600000000001164e+05,8.365710000000000000e+05,8.137885000000000000e+05,7.665240000000000000e+05,7.135265000000000000e+05,6.248865000000000000e+05,5.107155000000000000e+05,4.198055000000000000e+05
3.767520000000000000e+05,5.507420000000000000e+05,6.853910000000000000e+05,7.852615000000000000e+05,8.511755000000000000e+05,8.877850000000000000e+05,8.996849999999998836e+05,9.081060000000000000e+05,9.020400000000001164e+05,8.891000000000001164e+05,8.809185000000000000e+05,8.586740000000000000e+05,8.673715000000001164e+05,8.460545000000001164e+05,8.601090000000000000e+05,8.359045000000000000e+05,8.473415000000000000e+05,8.405155000000000000e+05,8.279014999999998836e+05,8.282765000000000000e+05,8.299280000000000000e+05,8.196919999999998836e+05,7.951975000000000000e+05,7.978710000000001164e+05,7.617340000000000000e+05,6.895825000000000000e+05,5.978810000000000000e+05,5.101144999999999418e+05,4.061725000000000000e+05
4.143785000000000000e+05,5.555750000000000000e+05,6.684220000000000000e+05,7.654350000000000000e+05,8.213325000000000000e+05,8.740115000000000000e+05,8.723700000000000000e+05,8.784255000000001164e+05,8.779225000000000000e+05,8.616015000000000000e+05,8.585370000000000000e+05,8.533814999999998836e+05,8.437405000000000000e+05,8.467039999999998836e+05,8.251280000000000000e+05,8.253255000000000000e+05,8.117375000000000000e+05,8.153524999999998836e+05,8.004670000000000000e+05,7.953370000000000000e+05,8.020460000000000000e+05,8.124280000000000000e+05,7.852235000000000000e+05,7.535925000000000000e+05,7.267510000000000000e+05,6.844975000000000000e+05,5.895395000000000000e+05,4.952505000000000000e+05,3.976520000000000000e+05
4.271754999999999418e+05,5.458510000000000000e+05,6.630955000000000000e+05,7.439890000000000000e+05,8.004565000000001164e+05,8.243520000000001164e+05,8.439319999999998836e+05,8.555515000000000000e+05,8.482025000000001164e+05,8.467740000000000000e+05,8.431765000000001164e+05,8.439835000000000000e+05,8.180070000000000000e+05,8.163055000000000000e+05,8.212140000000000000e+05,8.163624999999998836e+05,7.883920000000000000e+05,7.934130000000001164e+05,7.989180000000000000e+05,7.862355000000000000e+05,7.794035000000000000e+05,7.797519999999998836e+05,7.483045000000000000e+05,7.326560000000001164e+05,6.907565000000000000e+05,6.318885000000000000e+05,5.725895000000000000e+05,4.805215000000000000e+05,3.830675000000000582e+05
4.665730000000000000e+05,5.790085000000000000e+05,6.943985000000000000e+05,7.603420000000000000e+05,8.163320000000000000e+05,8.568774999999998836e+05,8.536705000000001164e+05,8.596810000000000000e+05,8.739695000000000000e+05,8.785115000000000000e+05,8.588880000000000000e+05,8.577565000000001164e+05,8.552545000000000000e+05,8.495925000000000000e+05,8.403410000000000000e+05,8.240564999999998836e+05,8.162335000000000000e+05,8.206275000000000000e+05,7.987920000000001164e+05,8.022025000000000000e+05,8.050130000000000000e+05,7.799815000000000000e+05,7.771195000000000000e+05,7.444539999999998836e+05,6.993730000000000000e+05,6.557575000000000000e+05,5.765590000000000000e+05,5.004330000000000000e+05,4.001230000000000000e+05
4.545235000000000582e+05,5.908540000000000000e+05,6.950370000000000000e+05,7.675540000000000000e+05,8.220080000000000000e+05,8.500080000000000000e+05,8.852760000000000000e+05,8.948790000000000000e+05,8.856775000000000000e+05,8.806425000000001164e+05,8.662685000000000000e+05,8.809795000000000000e+05,8.534865000000000000e+05,8.518705000000000000e+05,8.494045000000000000e+05,8.278515000000001164e+05,8.332290000000000000e+05,8.241049999999998836e+05,8.137890000000000000e+05,8.071515000000001164e+05,7.954409999999998836e+05,7.789640000000000000e+05,7.525535000000000000e+05,7.322305000000001164e+05,6.932015000000000000e+05,6.495835000000000000e+05,5.835905000000000000e+05,5.081520000000000000e+05,4.167315000000000582e+05
4.551969999999999418e+05,6.103380000000000000e+05,7.011415000000000000e+05,7.784190000000001164e+05,8.192180000000000000e+05,8.564315000000000000e+05,8.757200000000000000e+05,8.919325000000000000e+05,8.827165000000000000e+05,8.784865000000000000e+05,8.803874999999998836e+05,8.803690000000000000e+05,8.613060000000000000e+05,8.664595000000000000e+05,8.424884999999998836e+05,8.351930000000000000e+05,8.261205000000000000e+05,8.111205000000000000e+05,8.063860000000000000e+05,7.972169999999998836e+05,7.935610000000000000e+05,7.620795000000000000e+05,7.535555000000000000e+05,7.321615000000000000e+05,6.979160000000000000e+05,6.439870000000000000e+05,5.829670000000000000e+05,5.049295000000000000e+05,4.282740000000000000e+05
4.522935000000000000e+05,6.069245000000000000e+05,7.111020000000000000e+05,7.695210000000000000e+05,8.302485000000000000e+05,8.632710000000001164e+05,8.812760000000000000e+05,8.876025000000000000e+05,8.962065000000000000e+05,8.982115000000000000e+05,8.940874999999998836e+05,8.876330000000000000e+05,8.716985000000000000e+05,8.627600000000000000e+05,8.516695000000000000e+05,8.408450000000000000e+05,8.259790000000000000e+05,8.227440000000000000e+05,8.163425000000000000e+05,7.929474999999998836e+05,7.808170000000000000e+05,7.663195000000001164e+05,7.535950000000000000e+05,7.195690000000000000e+05,6.863870000000000000e+05,6.437900000000000000e+05,5.931735000000000000e+05,5.175720000000000000e+05,4.378890000000000000e+05
4.411005000000000000e+05,6.228060000000000000e+05,7.078280000000000000e+05,7.751050000000000000e+05,8.274390000000001164e+05,8.545180000000000000e+05,8.849970000000000000e+05,8.783120000000000000e+05,8.854020000000000000e+05,8.787425000000000000e+05,8.674914999999998836e+05,8.695510000000000000e+05,8.676075000000000000e+05,8.493345000000000000e+05,8.366925000000000000e+05,8.212840000000000000e+05,8.252695000000000000e+05,8.200870000000000000e+05,7.959050000000000000e+05,7.935205000000001164e+05,7.755550000000000000e+05,7.637790000000000000e+05,7.437379999999998836e+05,7.145255000000000000e+05,6.896515000000000000e+05,6.287525000000000000e+05,5.735840000000000000e+05,5.170675000000000000e+05,4.388124999999999418e+05
4.571915000000000000e+05,6.400250000000000000e+05,7.063875000000000000e+05,7.823665000000000000e+05,8.325905000000001164e+05,8.510385000000000000e+05,8.698769999999998836e+05,8.758745000000000000e+05,8.745205000000000000e+05,8.844640000000000000e+05,8.703535000000000000e+05,8.581280000000000000e+05,8.497319999999998836e+05,8.526120000000000000e+05,8.411169999999998836e+05,8.422605000000000000e+05,8.159479999999998836e+05,8.109165000000000000e+05,7.952695000000001164e+05,7.813980000000000000e+05,7.669585000000000000e+05,7.559480000000000000e+05,7.305925000000000000e+05,7.099045000000000000e+05,6.771755000000000000e+05,6.295735000000000000e+05,5.799050000000000000e+05,5.227650000000000000e+05,4.619685000000000582e+05
4.652765000000000000e+05,6.236760000000000000e+05,7.155365000000000000e+05,7.705215000000000000e+05,8.123830000000000000e+05,8.403580000000000000e+05,8.646604999999998836e+05,8.734480000000000000e+05,8.831260000000000000e+05,8.478000000000000000e+05,8.636730000000000000e+05,8.574670000000000000e+05,8.594275000000000000e+05,8.357610000000000000e+05,8.309109999999998836e+05,8.243299999999998836e+05,8.085494999999998836e+05,7.984130000000000000e+05,7.881135000000000000e+05,7.758089999999998836e+05,7.541775000000000000e+05,7.523284999999998836e+05,7.221830000000000000e+05,7.081335000000000000e+05,6.720015000000000000e+05,6.296745000000000000e+05,5.805575000000000000e+05,5.104429999999999418e+05,4.495500000000000000e+05
4.848290000000000582e+05,6.124375000000000000e+05,6.985830000000000000e+05,7.617809999999998836e+05,8.068490000000000000e+05,8.267655000000001164e+05,8.386935000000000000e+05,8.521135000000000000e+05,8.476255000000001164e+05,8.427770000000000000e+05,8.476070000000000000e+05,8.284584999999998836e+05,8.503320000000001164e+05,8.328215000000000000e+05,8.093184999999998836e+05,8.098340000000000000e+05,8.001320000000000000e+05,7.802455000000001164e+05,7.781530000000000000e+05,7.600090000000000000e+05,7.594800000000000000e+05,7.317550000000000000e+05,7.188275000000000000e+05,6.866305000000000000e+05,6.734430000000000000e+05,6.310740000000000000e+05,5.712035000000000000e+05,5.148635000000000582e+05,4.493650000000000000e+05
4.951950000000000000e+05,6.119855000000000000e+05,6.919750000000000000e+05,7.478155000000000000e+05,7.928770000000000000e+05,8.124390000000000000e+05,8.267024999999998836e+05,8.359505000000000000e+05,8.400250000000001164e+05,8.328410000000000000e+05,8.332885000000000000e+05,8.196060000000001164e+05,8.087285000000000000e+05,8.046924999999998836e+05,8.051875000000000000e+05,7.838950000000000000e+05,7.822860000000000000e+05,7.680380000000000000e+05,7.603060000000000000e+05,7.549630000000000000e+05,7.418460000000000000e+05,7.208265000000000000e+05,7.022055000000000000e+05,6.837255000000000000e+05,6.669880000000000000e+05,6.263455000000000000e+05,5.795710000000000000e+05,5.122250000000000000e+05,4.505885000000000000e+05
4.905450000000000000e+05,5.986610000000000000e+05,6.741385000000000000e+05,7.228530000000000000e+05,7.583670000000000000e+05,7.909950000000001164e+05,8.053190000000000000e+05,7.928030000000000000e+05,7.945155000000000000e+05,8.088250000000000000e+05,8.121280000000000000e+05,8.111235000000001164e+05,8.007440000000000000e+05,7.819290000000000000e+05,7.849440000000000000e+05,7.805225000000001164e+05,7.711389999999998836e+05,7.674425000000000000e+05,7.533810000000000000e+05,7.406539999999998836e+05,7.223490000000000000e+05,7.162650000000000000e+05,6.940135000000000000e+05,6.832395000000000000e+05,6.406940000000000000e+05,6.137705000000000000e+05,5.684990000000000000e+05,5.107964999999999418e+05,4.360570000000000582e+05
5.016690000000000582e+05,6.000895000000000000e+05,6.632745000000000000e+05,7.218825000000000000e+05,7.545445000000000000e+05,7.869615000000000000e+05,8.064180000000000000e+05,8.121814999999998836e+05,8.201360000000000000e+05,8.130745000000001164e+05,8.183780000000000000e+05,8.003590000000000000e+05,8.081210000000000000e+05,8.067455000000001164e+05,7.922920000000000000e+05,7.805790000000000000e+05,7.816210000000000000e+05,7.825130000000000000e+05,7.507655000000000000e+05,7.454410000000001164e+05,7.497055000000000000e+05,7.286330000000000000e+05,7.063420000000000000e+05,6.815205000000000000e+05,6.644710000000000000e+05,6.302540000000000000e+05,5.806805000000000000e+05,5.115315000000000000e+05,4.449379999999999418e+05
4.749485000000000000e+05,5.933750000000000000e+05,6.670280000000000000e+05,7.314700000000000000e+05,7.558144999999998836e+05,7.979245000000000000e+05,8.044835000000000000e+05,8.278305000000000000e+05,8.223920000000000000e+05,8.251965000000000000e+05,8.255590000000000000e+05,8.278890000000000000e+05,8.075820000000000000e+05,8.060310000000000000e+05,8.038595000000001164e+05,8.054815000000000000e+05,7.913585000000000000e+05,7.876465000000000000e+05,7.792355000000000000e+05,7.634070000000000000e+05,7.446384999999998836e+05,7.351800000000001164e+05,7.166155000000000000e+05,7.040245000000000000e+05,6.765395000000000000e+05,6.449145000000000000e+05,6.005680000000000000e+05,5.310930000000000000e+05,4.588245000000000000e+05
4.662195000000000000e+05,5.737470000000000000e+05,6.661640000000000000e+05,7.122605000000000000e+05,7.653330000000001164e+05,7.886635000000000000e+05,8.024195000000000000e+05,8.378530000000000000e+05,8.318595000000000000e+05,8.306380000000000000e+05,8.357775000000000000e+05,8.259515000000000000e+05,8.224705000000000000e+05,8.114650000000001164e+05,8.218489999999998836e+05,7.993365000000000000e+05,7.966415000000000000e+05,7.873365000000000000e+05,7.732909999999998836e+05,7.729165000000000000e+05,7.594165000000000000e+05,7.583779999999998836e+05,7.352400000000000000e+05,7.104085000000000000e+05,6.908015000000000000e+05,6.469795000000000000e+05,6.028860000000000000e+05,5.408145000000000000e+05,4.670615000000000000e+05
4.414015000000000000e+05,5.719060000000000000e+05,6.611925000000000000e+05,7.218045000000000000e+05,7.528365000000001164e+05,8.042400000000000000e+05,8.099695000000000000e+05,8.205045000000001164e+05,8.352645000000000000e+05,8.400900000000000000e+05,8.291735000000000000e+05,8.443540000000001164e+05,8.168010000000000000e+05,8.238724999999998836e+05,8.139870000000000000e+05,8.178780000000000000e+05,8.154225000000000000e+05,8.100040000000000000e+05,7.999084999999998836e+05,7.854040000000000000e+05,7.657735000000000000e+05,7.630614999999998836e+05,7.406315000000000000e+05,7.385905000000000000e+05,6.912810000000000000e+05,6.519230000000000000e+05,6.272565000000000000e+05,5.555860000000000000e+05,4.860480000000000000e+05
4.187990000000000000e+05,5.750945000000000000e+05,6.491070000000000000e+05,7.214975000000000000e+05,7.631130000000000000e+05,7.857890000000000000e+05,8.126880000000001164e+05,8.221875000000000000e+05,8.312670000000000000e+05,8.358130000000000000e+05,8.428185000000000000e+05,8.321084999999998836e+05,8.255545000000001164e+05,8.241225000000000000e+05,8.257910000000000000e+05,8.113875000000000000e+05,8.093570000000000000e+05,8.079134999999998836e+05,7.969555000000000000e+05,7.876340000000000000e+05,7.755549999999998836e+05,7.635355000000000000e+05,7.410920000000000000e+05,7.393415000000000000e+05,7.079025000000000000e+05,6.789525000000000000e+05,6.160105000000000000e+05,5.712005000000000000e+05,4.919960000000000000e+05
4.248340000000000000e+05,5.723940000000000000e+05,6.590230000000000000e+05,7.139280000000000000e+05,7.596740000000000000e+05,7.893455000000000000e+05,8.097095000000000000e+05,8.050815000000000000e+05,8.211740000000000000e+05,8.208030000000000000e+05,8.241840000000000000e+05,8.300030000000000000e+05,8.058734999999998836e+05,8.220794999999998836e+05,8.161555000000001164e+05,8.220640000000000000e+05,8.097754999999998836e+05,8.089669999999998836e+05,7.945450000000000000e+05,7.881815000000001164e+05,7.713395000000000000e+05,7.607975000000001164e+05,7.537214999999998836e+05,7.369150000000000000e+05,7.053900000000000000e+05,6.729305000000000000e+05,6.279165000000000000e+05,5.632340000000000000e+05,4.953645000000000000e+05
4.421845000000000000e+05,5.869315000000000000e+05,6.616715000000000000e+05,7.208260000000000000e+05,7.430125000000000000e+05,7.853705000000000000e+05,8.023290000000000000e+05,8.150365000000001164e+05,8.224015000000000000e+05,8.258000000000001164e+05,8.185315000000000000e+05,8.266440000000000000e+05,8.072945000000000000e+05,8.231175000000000000e+05,8.091064999999998836e+05,7.983725000000000000e+05,8.036299999999998836e+05,8.008539999999998836e+05,7.978025000000001164e+05,7.869415000000000000e+05,7.831665000000000000e+05,7.683675000000000000e+05,7.514079999999998836e+05,7.321620000000000000e+05,7.068275000000000000e+05,6.747120000000000000e+05,6.201680000000000000e+05,5.623260000000000000e+05,4.911245000000000000e+05
4.518015000000000000e+05,5.797365000000000000e+05,6.530820000000000000e+05,7.092670000000000000e+05,7.313750000000000000e+05,7.731695000000000000e+05,7.995870000000000000e+05,8.051275000000001164e+05,8.146080000000000000e+05,8.207890000000000000e+05,8.155670000000000000e+05,8.096695000000000000e+05,8.109450000000000000e+05,8.240305000000000000e+05,8.154135000000000000e+05,7.998175000000000000e+05,8.052449999999998836e+05,7.962539999999998836e+05,7.776030000000000000e+05,7.838725000000000000e+05,7.811899999999998836e+05,7.649250000000000000e+05,7.448685000000001164e+05,7.434050000000000000e+05,7.150070000000000000e+05,6.773200000000000000e+05,6.235985000000000000e+05,5.705100000000000000e+05,4.963869999999999418e+05
4.626775000000000000e+05,5.724575000000000000e+05,6.399460000000000000e+05,6.924250000000000000e+05,7.322599999999998836e+05,7.608410000000000000e+05,7.692805000000000000e+05,7.875935000000000000e+05,8.134930000000000000e+05,7.983215000000000000e+05,7.996910000000000000e+05,7.942355000000000000e+05,7.945294999999998836e+05,7.940440000000000000e+05,7.951429999999998836e+05,7.919235000000000000e+05,7.855840000000000000e+05,7.845354999999998836e+05,7.672265000000000000e+05,7.680085000000001164e+05,7.701180000000000000e+05,7.506159999999998836e+05,7.459355000000000000e+05,7.230250000000000000e+05,7.166150000000000000e+05,6.686725000000000000e+05,6.180805000000000000e+05,5.649045000000000000e+05,4.896305000000000000e+05
4.852465000000000000e+05,5.681160000000000000e+05,6.323435000000000000e+05,6.867110000000000000e+05,7.230170000000000000e+05,7.534545000000000000e+05,7.610065000000000000e+05,7.720930000000000000e+05,7.656195000000000000e+05,7.971665000000000000e+05,7.897145000000000000e+05,7.939860000000000000e+05,7.881865000000000000e+05,7.902320000000000000e+05,7.635595000000000000e+05,7.683640000000001164e+05,7.788270000000001164e+05,7.724290000000000000e+05,7.655590000000000000e+05,7.713430000000001164e+05,7.612175000000000000e+05,7.546685000000000000e+05,7.334280000000000000e+05,7.312645000000001164e+05,7.026625000000000000e+05,6.660965000000000000e+05,6.113690000000000000e+05,5.539920000000000000e+05,4.841210000000000000e+05
4.864885000000000000e+05,5.761290000000000000e+05,6.444070000000000000e+05,6.883640000000000000e+05,7.205250000000001164e+05,7.551070000000000000e+05,7.601930000000000000e+05,7.744810000000000000e+05,7.836850000000001164e+05,7.765840000000000000e+05,7.802415000000000000e+05,7.829034999999998836e+05,7.826265000000000000e+05,7.623105000000000000e+05,7.640759999999998836e+05,7.560715000000000000e+05,7.573380000000000000e+05,7.492585000000000000e+05,7.498265000000000000e+05,7.507605000000000000e+05,7.319675000000000000e+05,7.334819999999998836e+05,7.289799999999998836e+05,7.107340000000000000e+05,6.887045000000000000e+05,6.619595000000000000e+05,6.174970000000000000e+05,5.458680000000000000e+05,4.813714999999999418e+05
4.798195000000000000e+05,5.952555000000000000e+05,6.595135000000000000e+05,7.112100000000000000e+05,7.354105000000001164e+05,7.672745000000000000e+05,7.804930000000000000e+05,7.837959999999998836e+05,7.795945000000000000e+05,7.988835000000000000e+05,7.964005000000000000e+05,7.958325000000000000e+05,7.856935000000001164e+05,7.829139999999998836e+05,7.813270000000000000e+05,7.723529999999998836e+05,7.611690000000000000e+05,7.645650000000000000e+05,7.692140000000000000e+05,7.591105000000000000e+05,7.508940000000000000e+05,7.538850000000000000e+05,7.310750000000001164e+05,7.198865000000000000e+05,6.899005000000000000e+05,6.735630000000000000e+05,6.374690000000000000e+05,5.731340000000000000e+05,4.939355000000000000e+05
4.630040000000000000e+05,5.990015000000000000e+05,6.630805000000000000e+05,7.313435000000000000e+05,7.665035000000000000e+05,7.871519999999998836e+05,8.026650000000000000e+05,7.942755000000000000e+05,8.000085000000001164e+05,8.197685000000000000e+05,8.092590000000000000e+05,8.074570000000000000e+05,7.958335000000000000e+05,7.937325000000000000e+05,7.916795000000000000e+05,7.816515000000001164e+05,7.810550000000000000e+05,7.757245000000000000e+05,7.828080000000000000e+05,7.667465000000000000e+05,7.601200000000000000e+05,7.534525000000000000e+05,7.523430000000001164e+05,7.280450000000000000e+05,7.117055000000000000e+05,6.877945000000000000e+05,6.414825000000000000e+05,5.811145000000000000e+05,5.111705000000000000e+05
4.543524999999999418e+05,6.036400000000000000e+05,6.750555000000000000e+05,7.382275000000000000e+05,7.710965000000000000e+05,7.911650000000000000e+05,7.933845000000000000e+05,8.172285000000000000e+05,8.258025000000000000e+05,8.159470000000000000e+05,8.170660000000000000e+05,8.192655000000000000e+05,8.069745000000000000e+05,7.953375000000000000e+05,7.988705000000000000e+05,7.902540000000000000e+05,7.963635000000000000e+05,7.763125000000000000e+05,7.892175000000001164e+05,7.736679999999998836e+05,7.627784999999998836e+05,7.618950000000000000e+05,7.331250000000000000e+05,7.294835000000000000e+05,7.238550000000000000e+05,6.810670000000000000e+05,6.546410000000000000e+05,5.862925000000000000e+05,5.170599999999998836e+05
4.370095000000000000e+05,6.072440000000000000e+05,6.833615000000000000e+05,7.490270000000000000e+05,7.713395000000001164e+05,7.972880000000000000e+05,8.166405000000000000e+05,8.096225000000000000e+05,8.175115000000000000e+05,8.235440000000000000e+05,8.149495000000000000e+05,8.074545000000000000e+05,8.098869999999998836e+05,8.170570000000000000e+05,8.102040000000000000e+05,7.804610000000000000e+05,7.922700000000000000e+05,7.859805000000000000e+05,7.777500000000000000e+05,7.751765000000000000e+05,7.718899999999998836e+05,7.716635000000000000e+05,7.455180000000000000e+05,7.413064999999998836e+05,7.242440000000000000e+05,6.955455000000000000e+05,6.475425000000000000e+05,5.883355000000000000e+05,5.200679999999999418e+05
4.308550000000000000e+05,6.067640000000000000e+05,6.715745000000000000e+05,7.426135000000000000e+05,7.787395000000001164e+05,7.975389999999998836e+05,8.129240000000000000e+05,8.088900000000000000e+05,8.354829999999998836e+05,8.276320000000001164e+05,8.280750000000000000e+05,8.075990000000000000e+05,8.112310000000000000e+05,8.084005000000000000e+05,8.033210000000000000e+05,7.945789999999998836e+05,7.874405000000000000e+05,7.938850000000000000e+05,7.732349999999998836e+05,7.811260000000000000e+05,7.724480000000000000e+05,7.505690000000001164e+05,7.500065000000000000e+05,7.398880000000000000e+05,7.211580000000000000e+05,6.958450000000000000e+05,6.478065000000000000e+05,5.817330000000000000e+05,5.139450000000001164e+05
4.395095000000000000e+05,6.037830000000000000e+05,6.833850000000000000e+05,7.349630000000000000e+05,7.712280000000000000e+05,7.933554999999998836e+05,8.202515000000000000e+05,8.222979999999998836e+05,8.274430000000000000e+05,8.170835000000000000e+05,8.180885000000000000e+05,8.096050000000000000e+05,8.144230000000000000e+05,8.093915000000000000e+05,7.941244999999998836e+05,7.985270000000000000e+05,7.869415000000000000e+05,7.833730000000000000e+05,7.772365000000000000e+05,7.809840000000000000e+05,7.621375000000000000e+05,7.561085000000000000e+05,7.459990000000000000e+05,7.404590000000000000e+05,6.999270000000000000e+05,6.808745000000000000e+05,6.306520000000000000e+05,5.732695000000000000e+05,5.009990000000000000e+05
4.459845000000000000e+05,5.949340000000000000e+05,6.666930000000000000e+05,7.283925000000000000e+05,7.715105000000001164e+05,7.936585000000000000e+05,8.105580000000000000e+05,8.103490000000000000e+05,7.988985000000000000e+05,8.138800000000000000e+05,8.106405000000001164e+05,8.028200000000000000e+05,8.054925000000000000e+05,7.899039999999998836e+05,7.891500000000000000e+05,7.820050000000000000e+05,7.826040000000000000e+05,7.729825000000001164e+05,7.657685000000000000e+05,7.703875000000001164e+05,7.576555000000000000e+05,7.499400000000001164e+05,7.425910000000000000e+05,7.174155000000000000e+05,6.945125000000000000e+05,6.704340000000000000e+05,6.164745000000000000e+05,5.489175000000000000e+05,4.781080000000000000e+05
4.586045000000000000e+05,5.939750000000000000e+05,6.685810000000000000e+05,7.322270000000000000e+05,7.591560000000000000e+05,7.827795000000000000e+05,8.076040000000000000e+05,8.056690000000000000e+05,8.168700000000000000e+05,8.087520000000000000e+05,8.043060000000000000e+05,7.951075000000000000e+05,7.742790000000000000e+05,7.850985000000000000e+05,7.851940000000000000e+05,7.726705000000000000e+05,7.735520000000000000e+05,7.610560000000000000e+05,7.686020000000000000e+05,7.546155000000000000e+05,7.472025000000000000e+05,7.324780000000000000e+05,7.156010000000000000e+05,7.103445000000000000e+05,6.844415000000000000e+05,6.492795000000000000e+05,6.040735000000000000e+05,5.418375000000000000e+05,4.525845000000000582e+05
4.797195000000000000e+05,5.881920000000000000e+05,6.571490000000000000e+05,7.197575000000000000e+05,7.585340000000000000e+05,7.760480000000000000e+05,7.990230000000000000e+05,8.027725000000000000e+05,7.944740000000000000e+05,7.854465000000000000e+05,7.936404999999998836e+05,7.821020000000001164e+05,7.724485000000000000e+05,7.756410000000000000e+05,7.686275000000000000e+05,7.552295000000000000e+05,7.559975000000001164e+05,7.526775000000000000e+05,7.357240000000000000e+05,7.478535000000000000e+05,7.264760000000000000e+05,7.131475000000000000e+05,7.042595000000000000e+05,6.946575000000000000e+05,6.817620000000000000e+05,6.383770000000000000e+05,5.734615000000000000e+05,5.187200000000000582e+05,4.332470000000000000e+05
4.787555000000000000e+05,5.750905000000000000e+05,6.618250000000000000e+05,7.054375000000000000e+05,7.438885000000000000e+05,7.556575000000000000e+05,7.748465000000000000e+05,7.780875000000000000e+05,7.719554999999998836e+05,7.675024999999998836e+05,7.607605000000001164e+05,7.583405000000000000e+05,7.457165000000000000e+05,7.356855000000000000e+05,7.332489999999998836e+05,7.226325000000000000e+05,7.008690000000000000e+05,7.022120000000000000e+05,6.838310000000000000e+05,6.916655000000000000e+05,6.673425000000000000e+05,6.702410000000000000e+05,6.585725000000000000e+05,6.430390000000000000e+05,6.218770000000000000e+05,5.968685000000000000e+05,5.448035000000000000e+05,4.752175000000000582e+05,3.965205000000000000e+05
4.497535000000000000e+05,5.883890000000000000e+05,6.708575000000000000e+05,7.221290000000000000e+05,7.685630000000000000e+05,7.878660000000000000e+05,7.964169999999998836e+05,7.932815000000001164e+05,7.967960000000000000e+05,7.883795000000000000e+05,7.889954999999998836e+05,7.684975000000000000e+05,7.781680000000000000e+05,7.567745000000000000e+05,7.384059999999998836e+05,7.475175000000001164e+05,7.211845000000000000e+05,7.182885000000000000e+05,7.121760000000000000e+05,6.923275000000000000e+05,6.744610000000000000e+05,6.744945000000000000e+05,6.651225000000000000e+05,6.408615000000000000e+05,6.283200000000000000e+05,5.987910000000000000e+05,5.520325000000000000e+05,4.807370000000000582e+05,4.070730000000000000e+05
4.279369999999999418e+05,5.942665000000000000e+05,6.823105000000000000e+05,7.315695000000001164e+05,7.828490000000000000e+05,8.072660000000000000e+05,8.074080000000001164e+05,8.149675000000000000e+05,8.161859999999998836e+05,7.999820000000000000e+05,7.911725000000000000e+05,7.893305000000000000e+05,7.703939999999998836e+05,7.695650000000000000e+05,7.553155000000000000e+05,7.409055000000000000e+05,7.359135000000001164e+05,7.254230000000000000e+05,7.021195000000000000e+05,7.130750000000000000e+05,6.872455000000000000e+05,6.768730000000000000e+05,6.621425000000000000e+05,6.434470000000000000e+05,6.239085000000000000e+05,5.919035000000000000e+05,5.559405000000000000e+05,4.911529999999999418e+05,4.090475000000000000e+05
3.921390000000000000e+05,5.885370000000000000e+05,6.818215000000000000e+05,7.339560000000000000e+05,7.839400000000000000e+05,8.043425000000000000e+05,8.222630000000000000e+05,8.105974999999998836e+05,8.264665000000000000e+05,8.178925000000001164e+05,7.998470000000000000e+05,7.884115000000000000e+05,7.874134999999998836e+05,7.821984999999998836e+05,7.625715000000000000e+05,7.522495000000000000e+05,7.552450000000000000e+05,7.335245000000000000e+05,7.306145000000000000e+05,7.166155000000000000e+05,6.923745000000000000e+05,6.782160000000000000e+05,6.672410000000000000e+05,6.450775000000000000e+05,6.194420000000000000e+05,5.857385000000000000e+05,5.453640000000000000e+05,4.713144999999999418e+05,4.013990000000000000e+05
3.655450000000000000e+05,5.671460000000000000e+05,6.662395000000000000e+05,7.354910000000000000e+05,7.819055000000000000e+05,7.999365000000001164e+05,8.093905000000000000e+05,8.269700000000000000e+05,8.333860000000000000e+05,8.276190000000000000e+05,8.207185000000000000e+05,8.103110000000001164e+05,7.971615000000001164e+05,7.804415000000001164e+05,7.790540000000000000e+05,7.722550000000000000e+05,7.724550000000000000e+05,7.423569999999998836e+05,7.421015000000000000e+05,7.219310000000000000e+05,7.008545000000000000e+05,6.723490000000000000e+05,6.692070000000000000e+05,6.320815000000000000e+05,6.115915000000000000e+05,5.839925000000000000e+05,5.227394999999999418e+05,4.584905000000000000e+05,4.073760000000000000e+05
3.502040000000000000e+05,5.363600000000000000e+05,6.444810000000000000e+05,7.305910000000000000e+05,7.816584999999998836e+05,8.001745000000001164e+05,8.170060000000000000e+05,8.326225000000000000e+05,8.305210000000001164e+05,8.397924999999998836e+05,8.358320000000000000e+05,8.109105000000001164e+05,8.069729999999998836e+05,8.083485000000000000e+05,7.910100000000000000e+05,7.694099999999998836e+05,7.668490000000000000e+05,7.726994999999998836e+05,7.444295000000000000e+05,7.193245000000000000e+05,7.110860000000000000e+05,6.896065000000000000e+05,6.526255000000000000e+05,6.282560000000000000e+05,6.017125000000000000e+05,5.539695000000000000e+05,5.077585000000000000e+05,4.465040000000000000e+05,3.881160000000000582e+05
3.345515000000000000e+05,5.109925000000000000e+05,6.130630000000000000e+05,6.911590000000000000e+05,7.509210000000000000e+05,8.010279999999998836e+05,8.138440000000000000e+05,8.241530000000000000e+05,8.228895000000001164e+05,8.322800000000000000e+05,8.349645000000000000e+05,8.351560000000000000e+05,8.159145000000001164e+05,8.013855000000000000e+05,7.973705000000000000e+05,7.837650000000000000e+05,7.830620000000001164e+05,7.784925000000000000e+05,7.652240000000000000e+05,7.457445000000001164e+05,7.096940000000000000e+05,6.875945000000000000e+05,6.516415000000000000e+05,6.181500000000000000e+05,5.667160000000000000e+05,5.308355000000000000e+05,4.821680000000000000e+05,4.319415000000000000e+05,3.601485000000000000e+05
3.192810000000000000e+05,4.693854999999999418e+05,5.668230000000000000e+05,6.476495000000000000e+05,7.221715000000000000e+05,7.717340000000000000e+05,8.022240000000000000e+05,8.213490000000000000e+05,8.427880000000000000e+05,8.387935000000000000e+05,8.325115000000000000e+05,8.245749999999998836e+05,8.273485000000001164e+05,8.036320000000000000e+05,8.039730000000000000e+05,8.037130000000000000e+05,7.861435000000000000e+05,7.798005000000000000e+05,7.673980000000000000e+05,7.570834999999998836e+05,7.234525000000000000e+05,6.817605000000000000e+05,6.482725000000000000e+05,5.902250000000000000e+05,5.514905000000000000e+05,4.902010000000000000e+05,4.501925000000000000e+05,3.842030000000000582e+05,3.372105000000000000e+05
2.995015000000000000e+05,4.257610000000000000e+05,5.154265000000000582e+05,6.197545000000000000e+05,6.951275000000000000e+05,7.447760000000000000e+05,7.744255000000000000e+05,8.108355000000000000e+05,8.364570000000000000e+05,8.333524999999998836e+05,8.348155000000001164e+05,8.429035000000000000e+05,8.205765000000000000e+05,8.139095000000000000e+05,8.028409999999998836e+05,7.919675000000001164e+05,7.875190000000000000e+05,7.890000000000000000e+05,7.841105000000000000e+05,7.626195000000001164e+05,7.429720000000001164e+05,6.801400000000000000e+05,6.349170000000000000e+05,5.811220000000000000e+05,5.257485000000000000e+05,4.683150000000000000e+05,4.144880000000000000e+05,3.583170000000000000e+05,3.026660000000000000e+05
2.708620000000000000e+05,3.794320000000000582e+05,4.722440000000000000e+05,5.716515000000000000e+05,6.610665000000000000e+05,7.178460000000000000e+05,7.752190000000000000e+05,8.041515000000000000e+05,8.256480000000000000e+05,8.260155000000000000e+05,8.331560000000000000e+05,8.179225000000000000e+05,8.170840000000000000e+05,8.001585000000000000e+05,8.078300000000000000e+05,8.040069999999998836e+05,7.918565000000000000e+05,7.908220000000000000e+05,7.831195000000000000e+05,7.800345000000000000e+05,7.274380000000000000e+05,6.878440000000000000e+05,6.359665000000000000e+05,5.661790000000000000e+05,4.888589999999999418e+05,4.320610000000000000e+05,3.783560000000000000e+05,3.220975000000000000e+05,2.625365000000000000e+05
2.229060000000000000e+05,3.182815000000000000e+05,3.976190000000000582e+05,5.005679999999999418e+05,5.854695000000000000e+05,6.652435000000000000e+05,7.213995000000001164e+05,7.728040000000000000e+05,7.954244999999998836e+05,8.050180000000000000e+05,8.012520000000000000e+05,7.814480000000000000e+05,7.799910000000000000e+05,7.686595000000000000e+05,7.655540000000001164e+05,7.609090000000000000e+05,7.664780000000000000e+05,7.749175000000000000e+05,7.654204999999998836e+05,7.452844999999998836e+05,7.112140000000000000e+05,6.476805000000000000e+05,5.913120000000000000e+05,5.060459999999999418e+05,4.268910000000000000e+05,3.585790000000000000e+05,2.981000000000000000e+05,2.526655000000000000e+05,2.057590000000000000e+05
1.768225000000000000e+05,2.686095000000000000e+05,3.609635000000000000e+05,4.636475000000000000e+05,5.522745000000000000e+05,6.562585000000000000e+05,7.350645000000000000e+05,7.907224999999998836e+05,8.331490000000000000e+05,8.394720000000000000e+05,8.306240000000000000e+05,8.316750000000000000e+05,8.146704999999998836e+05,8.005894999999998836e+05,7.921940000000000000e+05,7.979390000000000000e+05,7.824400000000000000e+05,7.906230000000000000e+05,8.042100000000000000e+05,7.809185000000000000e+05,7.349355000000000000e+05,6.775425000000000000e+05,6.121365000000000000e+05,5.246430000000000000e+05,4.332459999999999418e+05,3.601895000000000000e+05,2.924840000000000000e+05,2.266740000000000000e+05,1.864800000000000000e+05
1.421375000000000000e+05,2.290390000000000000e+05,3.175235000000000000e+05,4.160685000000000000e+05,5.273035000000000000e+05,6.276275000000000000e+05,7.225060000000000000e+05,7.922255000000001164e+05,8.428349999999998836e+05,8.695955000000000000e+05,8.598440000000000000e+05,8.627390000000000000e+05,8.456980000000000000e+05,8.177745000000000000e+05,8.105035000000001164e+05,8.146230000000001164e+05,8.153020000000001164e+05,8.210255000000001164e+05,8.226065000000000000e+05,8.007545000000000000e+05,7.612125000000000000e+05,7.109600000000000000e+05,6.361525000000000000e+05,5.357520000000000000e+05,4.434145000000000000e+05,3.561865000000000000e+05,2.844070000000000000e+05,2.215830000000000000e+05,1.766215000000000000e+05
1.100017000000000116e+05,1.911545000000000000e+05,2.752905000000000000e+05,3.851415000000000000e+05,4.806644999999999418e+05,5.946115000000000000e+05,7.051480000000000000e+05,7.945775000000000000e+05,8.544344999999998836e+05,8.944265000000001164e+05,8.919460000000000000e+05,8.865589999999998836e+05,8.543130000000001164e+05,8.413985000000000000e+05,8.300670000000001164e+05,8.195380000000000000e+05,8.280570000000001164e+05,8.288275000000000000e+05,8.418200000000000000e+05,8.237040000000000000e+05,7.942950000000000000e+05,7.292585000000000000e+05,6.534300000000000000e+05,5.588060000000000000e+05,4.593615000000000000e+05,3.677310000000000000e+05,2.818330000000000000e+05,2.129580000000000000e+05,1.649605000000000000e+05
9.010280000000000291e+04,1.687315000000000000e+05,2.427779999999999709e+05,3.396605000000000000e+05,4.558559999999999418e+05,5.713360000000000000e+05,6.805280000000000000e+05,7.776554999999998836e+05,8.531264999999998836e+05,8.932370000000001164e+05,8.998700000000001164e+05,8.862500000000000000e+05,8.768430000000000000e+05,8.519854999999998836e+05,8.332969999999998836e+05,8.418145000000000000e+05,8.434730000000000000e+05,8.482665000000000000e+05,8.342730000000000000e+05,8.404365000000000000e+05,8.057365000000000000e+05,7.317165000000000000e+05,6.633600000000000000e+05,5.666880000000000000e+05,4.563300000000000000e+05,3.621545000000000000e+05,2.754470000000000000e+05,2.059765000000000000e+05,1.556920000000000000e+05
8.172819999999999709e+04,1.491790000000000000e+05,2.136010000000000291e+05,3.093085000000000000e+05,4.193785000000000000e+05,5.370360000000000000e+05,6.485850000000000000e+05,7.615225000000000000e+05,8.372295000000001164e+05,8.818084999999998836e+05,9.099610000000000000e+05,9.004184999999998836e+05,8.769275000000000000e+05,8.772370000000000000e+05,8.522620000000000000e+05,8.551780000000001164e+05,8.419605000000000000e+05,8.491205000000000000e+05,8.474080000000001164e+05,8.338739999999998836e+05,8.041425000000000000e+05,7.323205000000000000e+05,6.602260000000000000e+05,5.476205000000000000e+05,4.602820000000000000e+05,3.608920000000000000e+05,2.745190000000000000e+05,2.102415000000000000e+05,1.521910000000000000e+05
7.874410000000000582e+04,1.312615000000000000e+05,1.955045000000000000e+05,2.811960000000000000e+05,3.868305000000000000e+05,5.080870000000000582e+05,6.222465000000000000e+05,7.359615000000000000e+05,8.281765000000000000e+05,8.809554999999998836e+05,9.083020000000000000e+05,9.063955000000001164e+05,8.935474999999998836e+05,8.639515000000000000e+05,8.609290000000000000e+05,8.544845000000000000e+05,8.427735000000000000e+05,8.406844999999998836e+05,8.342445000000000000e+05,8.211215000000000000e+05,7.853650000000000000e+05,7.273550000000000000e+05,6.451030000000000000e+05,5.499985000000000000e+05,4.631995000000000000e+05,3.550285000000000000e+05,2.711455000000000000e+05,1.987315000000000000e+05,1.496950000000000000e+05
7.584375000000000000e+04,1.299185000000000146e+05,1.877870000000000000e+05,2.617595000000000000e+05,3.639990000000000000e+05,4.773950000000000000e+05,5.876610000000000000e+05,6.987640000000000000e+05,7.887734999999998836e+05,8.495595000000000000e+05,8.817655000000001164e+05,8.972390000000001164e+05,8.866125000000000000e+05,8.525275000000000000e+05,8.462625000000000000e+05,8.411260000000000000e+05,8.450820000000000000e+05,8.352380000000000000e+05,8.392665000000000000e+05,8.084255000000000000e+05,7.577319999999998836e+05,7.035720000000000000e+05,6.189350000000000000e+05,5.421660000000000000e+05,4.431740000000000582e+05,3.441325000000000000e+05,2.654440000000000000e+05,1.981315000000000000e+05,1.405685000000000000e+05
7.373950000000000000e+04,1.202265000000000000e+05,1.735115000000000000e+05,2.528350000000000000e+05,3.446500000000000000e+05,4.506065000000000000e+05,5.666695000000000000e+05,6.681110000000000000e+05,7.695390000000001164e+05,8.307145000000000000e+05,8.667260000000000000e+05,8.708595000000000000e+05,8.724415000000000000e+05,8.537835000000000000e+05,8.387585000000000000e+05,8.421555000000000000e+05,8.356205000000000000e+05,8.325940000000000000e+05,8.074950000000000000e+05,7.878635000000000000e+05,7.425320000000000000e+05,6.885805000000000000e+05,6.017615000000000000e+05,5.248380000000000000e+05,4.254275000000000582e+05,3.350065000000000000e+05,2.466710000000000000e+05,1.842605000000000000e+05,1.379655000000000000e+05
7.868325000000000000e+04,1.094620000000000000e+05,1.685770000000000000e+05,2.396265000000000000e+05,3.269265000000000000e+05,4.323660000000000000e+05,5.426490000000000000e+05,6.416065000000000000e+05,7.428265000000000000e+05,8.029635000000000000e+05,8.503735000000000000e+05,8.548195000000000000e+05,8.542670000000000000e+05,8.467119999999998836e+05,8.336450000000000000e+05,8.224305000000000000e+05,8.180340000000000000e+05,8.114715000000000000e+05,7.906260000000000000e+05,7.563645000000000000e+05,7.076555000000000000e+05,6.461625000000000000e+05,5.729225000000000000e+05,4.914640000000000582e+05,3.996955000000000000e+05,3.127270000000000000e+05,2.367705000000000000e+05,1.744005000000000000e+05,1.240015000000000000e+05
6.609875000000000000e+04,1.051924499999999971e+05,1.567770000000000000e+05,2.195755000000000000e+05,3.064375000000000000e+05,3.990225000000000000e+05,4.934714999999999418e+05,6.114890000000000000e+05,6.957095000000000000e+05,7.429784999999998836e+05,7.876729999999998836e+05,7.822910000000000000e+05,8.036875000000001164e+05,7.794250000000000000e+05,7.647884999999998836e+05,7.554400000000000000e+05,7.512595000000000000e+05,7.273115000000000000e+05,7.139520000000000000e+05,6.775460000000000000e+05,6.345430000000000000e+05,5.607540000000000000e+05,4.915270000000000582e+05,4.207415000000000000e+05,3.344210000000000000e+05,2.614040000000000000e+05,1.963305000000000000e+05,1.400665000000000000e+05,9.802744999999998254e+04
6.190885000000000582e+04,1.029826000000000058e+05,1.451495000000000000e+05,2.114295000000000000e+05,2.918415000000000000e+05,3.917755000000000582e+05,4.915875000000000000e+05,5.871675000000000000e+05,6.826555000000000000e+05,7.558540000000000000e+05,8.023000000000001164e+05,8.179170000000000000e+05,8.174260000000001164e+05,8.077190000000000000e+05,7.875235000000001164e+05,7.743219999999998836e+05,7.682715000000000000e+05,7.480910000000000000e+05,7.167665000000000000e+05,6.845965000000000000e+05,6.294560000000000000e+05,5.629200000000000000e+05,4.900200000000000000e+05,4.173310000000000000e+05,3.333890000000000000e+05,2.631735000000000000e+05,1.956685000000000000e+05,1.421620000000000000e+05,1.033476999999999971e+05
5.456259999999999854e+04,9.308800000000000000e+04,1.374975000000000000e+05,2.056590000000000000e+05,2.824390000000000000e+05,3.790165000000000000e+05,4.747330000000000000e+05,5.817455000000000000e+05,6.705510000000000000e+05,7.508140000000000000e+05,7.976090000000001164e+05,8.368320000000000000e+05,8.341090000000000000e+05,8.358610000000001164e+05,7.967084999999998836e+05,7.762254999999998836e+05,7.748420000000000000e+05,7.574550000000000000e+05,7.249145000000000000e+05,6.868425000000000000e+05,6.340985000000000000e+05,5.749560000000000000e+05,4.992970000000000000e+05,4.127510000000000000e+05,3.294305000000000000e+05,2.546025000000000000e+05,1.938165000000000000e+05,1.407855000000000000e+05,1.040728000000000175e+05
4.982270000000000437e+04,9.151444999999999709e+04,1.311850000000000000e+05,1.940165000000000000e+05,2.635250000000000000e+05,3.708735000000000000e+05,4.646980000000000000e+05,5.637690000000000000e+05,6.574175000000000000e+05,7.452660000000000000e+05,7.974355000000000000e+05,8.275360000000000000e+05,8.435955000000000000e+05,8.345430000000001164e+05,8.096950000000000000e+05,7.969725000000000000e+05,7.712240000000000000e+05,7.513560000000000000e+05,7.218160000000000000e+05,6.844895000000000000e+05,6.349275000000000000e+05,5.717100000000000000e+05,4.984980000000000000e+05,4.212199999999999418e+05,3.387495000000000000e+05,2.684230000000000000e+05,2.008650000000000000e+05,1.464080000000000000e+05,1.058490000000000000e+05
4.834515000000000146e+04,8.760535000000000582e+04,1.331335000000000000e+05,1.933550000000000000e+05,2.662305000000000000e+05,3.500260000000000000e+05,4.433110000000000000e+05,5.444280000000000000e+05,6.452505000000000000e+05,7.240605000000000000e+05,7.897955000000000000e+05,8.291515000000000000e+05,8.266330000000000000e+05,8.207990000000000000e+05,8.276790000000001164e+05,7.909884999999998836e+05,7.903855000000000000e+05,7.531380000000000000e+05,7.124305000000000000e+05,6.869670000000000000e+05,6.378690000000000000e+05,5.674790000000000000e+05,4.964760000000000000e+05,4.243045000000000000e+05,3.468755000000000000e+05,2.703510000000000000e+05,1.987820000000000000e+05,1.454915000000000000e+05,1.098585000000000000e+05
4.671969999999999709e+04,9.194639999999999418e+04,1.342495000000000000e+05,1.858919999999999709e+05,2.582620000000000000e+05,3.408600000000000000e+05,4.254455000000000000e+05,5.256650000000000000e+05,6.251670000000000000e+05,6.965605000000000000e+05,7.640655000000000000e+05,7.965875000000001164e+05,8.150550000000000000e+05,8.128960000000000000e+05,8.086520000000000000e+05,7.933105000000000000e+05,7.695480000000000000e+05,7.478070000000000000e+05,7.146970000000000000e+05,6.827660000000000000e+05,6.227505000000000000e+05,5.691500000000000000e+05,4.985715000000000000e+05,4.252895000000000000e+05,3.438460000000000000e+05,2.724685000000000000e+05,2.120759999999999709e+05,1.514185000000000000e+05,1.120899999999999854e+05
4.885630000000000291e+04,9.494019999999999709e+04,1.366835000000000000e+05,1.887950000000000291e+05,2.498780000000000000e+05,3.286595000000000000e+05,4.140345000000000000e+05,5.095050000000000000e+05,5.915905000000000000e+05,6.605190000000000000e+05,7.316350000000000000e+05,7.644415000000000000e+05,7.968290000000000000e+05,7.845504999999998836e+05,7.885605000000000000e+05,7.639145000000001164e+05,7.506925000000000000e+05,7.181725000000000000e+05,7.023845000000000000e+05,6.658405000000000000e+05,6.187360000000000000e+05,5.591680000000000000e+05,4.991230000000000000e+05,4.202625000000000000e+05,3.507035000000000000e+05,2.819910000000000000e+05,2.209955000000000000e+05,1.645880000000000000e+05,1.209114999999999854e+05
5.975204999999999563e+04,9.667589999999999418e+04,1.372615000000000000e+05,1.845885000000000000e+05,2.440990000000000000e+05,3.183075000000000000e+05,3.961120000000000000e+05,4.786500000000000000e+05,5.602360000000000000e+05,6.311785000000000000e+05,6.916855000000000000e+05,7.285165000000000000e+05,7.469575000000000000e+05,7.477200000000000000e+05,7.509840000000001164e+05,7.234520000000000000e+05,7.268490000000000000e+05,7.034665000000000000e+05,6.711900000000000000e+05,6.460025000000000000e+05,6.064645000000000000e+05,5.544580000000000000e+05,4.938930000000000000e+05,4.290210000000000582e+05,3.587425000000000000e+05,2.965520000000000000e+05,2.343775000000000000e+05,1.785465000000000000e+05,1.376780000000000000e+05
6.660814999999999418e+04,1.031906499999999942e+05,1.371290000000000000e+05,1.905015000000000000e+05,2.466020000000000000e+05,3.096520000000000000e+05,3.851965000000000000e+05,4.630650000000000000e+05,5.301950000000000000e+05,5.866990000000000000e+05,6.334540000000000000e+05,6.811970000000000000e+05,7.024875000000000000e+05,7.069895000000000000e+05,7.118475000000000000e+05,6.996650000000000000e+05,6.813475000000000000e+05,6.630610000000000000e+05,6.461265000000000000e+05,6.246070000000000000e+05,5.911100000000000000e+05,5.450525000000000000e+05,4.913505000000000000e+05,4.295009999999999418e+05,3.695495000000000000e+05,3.015440000000000000e+05,2.430945000000000291e+05,1.878025000000000000e+05,1.442135000000000000e+05
8.119929999999998836e+04,1.089009999999999854e+05,1.442115000000000000e+05,1.885855000000000000e+05,2.436785000000000000e+05,2.994990000000000000e+05,3.619430000000000000e+05,4.325540000000000000e+05,4.846005000000000582e+05,5.527830000000000000e+05,5.906655000000000000e+05,6.297510000000000000e+05,6.507140000000000000e+05,6.595205000000000000e+05,6.552325000000000000e+05,6.574510000000000000e+05,6.461805000000000000e+05,6.410410000000000000e+05,6.273340000000000000e+05,6.032845000000000000e+05,5.718070000000000000e+05,5.362800000000000000e+05,4.881785000000000000e+05,4.259820000000000000e+05,3.686640000000000000e+05,3.150010000000000000e+05,2.527610000000000000e+05,2.004570000000000000e+05,1.547850000000000000e+05
8.887575000000000000e+04,1.152510000000000146e+05,1.531345000000000000e+05,1.962080000000000000e+05,2.424235000000000000e+05,2.906170000000000000e+05,3.448185000000000000e+05,3.970030000000000000e+05,4.391740000000000000e+05,4.810129999999999418e+05,5.137125000000000000e+05,5.469525000000000000e+05,5.580500000000000000e+05,5.692560000000000000e+05,5.702400000000000000e+05,5.694850000000000000e+05,5.740125000000000000e+05,5.689515000000000000e+05,5.499780000000000000e+05,5.405555000000000000e+05,5.279570000000000000e+05,4.975895000000000000e+05,4.634460000000000582e+05,4.257160000000000000e+05,3.648010000000000582e+05,3.122155000000000000e+05,2.573295000000000000e+05,2.082479999999999709e+05,1.675200000000000000e+05
8.872954999999998836e+04,1.326850000000000000e+05,1.665995000000000000e+05,2.075275000000000000e+05,2.488770000000000000e+05,2.947560000000000000e+05,3.434005000000000000e+05,3.870370000000000582e+05,4.281770000000000000e+05,4.637919999999999418e+05,4.877890000000000000e+05,5.249090000000000000e+05,5.388895000000000000e+05,5.507180000000000000e+05,5.610800000000000000e+05,5.605645000000000000e+05,5.531685000000000000e+05,5.624615000000000000e+05,5.570135000000000000e+05,5.474500000000000000e+05,5.305850000000000000e+05,5.142225000000000000e+05,4.727505000000000000e+05,4.377525000000000000e+05,3.888880000000000000e+05,3.336295000000000000e+05,2.820305000000000000e+05,2.348480000000000000e+05,1.892604999999999709e+05
9.147744999999999709e+04,1.415800000000000000e+05,1.768315000000000000e+05,2.190960000000000291e+05,2.633565000000000000e+05,2.975445000000000000e+05,3.395765000000000000e+05,3.759735000000000000e+05,4.182440000000000000e+05,4.504545000000000000e+05,4.741110000000000000e+05,4.890850000000000000e+05,5.157775000000000582e+05,5.248715000000000000e+05,5.332455000000000000e+05,5.445570000000000000e+05,5.458305000000000000e+05,5.511810000000000000e+05,5.546370000000000000e+05,5.409555000000000000e+05,5.384270000000000000e+05,5.096275000000000000e+05,4.937640000000000000e+05,4.518339999999999418e+05,4.046085000000000000e+05,3.572785000000000000e+05,3.017255000000000000e+05,2.515645000000000291e+05,2.124465000000000000e+05
9.544225000000001455e+04,1.501540000000000000e+05,1.802465000000000000e+05,2.240385000000000000e+05,2.678390000000000000e+05,3.010835000000000000e+05,3.413475000000000000e+05,3.732540000000000000e+05,4.059550000000000000e+05,4.275940000000000582e+05,4.500725000000000000e+05,4.759435000000000000e+05,4.885465000000000582e+05,5.090900000000000582e+05,5.126554999999999418e+05,5.366060000000000000e+05,5.305000000000000000e+05,5.380390000000000000e+05,5.414635000000000000e+05,5.466170000000000000e+05,5.320150000000000000e+05,5.190050000000000000e+05,4.933080000000000000e+05,4.674750000000000000e+05,4.152879999999999418e+05,3.704430000000000000e+05,3.174860000000000000e+05,2.605385000000000291e+05,2.156165000000000000e+05
8.653360000000000582e+04,1.517370000000000000e+05,1.896690000000000000e+05,2.194920000000000000e+05,2.657085000000000000e+05,3.036415000000000000e+05,3.414120000000000000e+05,3.680035000000000000e+05,3.968965000000000000e+05,4.178120000000000000e+05,4.319695000000000000e+05,4.518690000000000000e+05,4.724880000000000000e+05,4.907680000000000000e+05,5.026704999999999418e+05,5.119090000000000000e+05,5.190575000000000000e+05,5.281730000000000000e+05,5.350870000000000000e+05,5.329895000000000000e+05,5.389445000000000000e+05,5.145175000000000000e+05,5.006910000000000000e+05,4.666250000000000582e+05,4.204315000000000000e+05,3.810740000000000000e+05,3.298545000000000000e+05,2.750150000000000000e+05,2.335045000000000291e+05
8.861519999999999709e+04,1.478555000000000000e+05,1.899005000000000000e+05,2.290400000000000000e+05,2.684495000000000000e+05,2.963550000000000000e+05,3.316525000000000000e+05,3.591535000000000000e+05,3.887620000000000000e+05,4.066230000000000582e+05,4.262735000000000000e+05,4.400625000000000000e+05,4.498030000000000000e+05,4.703305000000000582e+05,4.954690000000000000e+05,5.085789999999999418e+05,5.170784999999998836e+05,5.268800000000000000e+05,5.316915000000000000e+05,5.311160000000000000e+05,5.310055000000000000e+05,5.228505000000000000e+05,4.981505000000000582e+05,4.778815000000000000e+05,4.308015000000000000e+05,3.859500000000000000e+05,3.310645000000000000e+05,2.796225000000000000e+05,2.403310000000000000e+05
8.858669999999999709e+04,1.486575000000000000e+05,1.876810000000000000e+05,2.281150000000000000e+05,2.663070000000000000e+05,3.024195000000000000e+05,3.277125000000000000e+05,3.565430000000000000e+05,3.734785000000000000e+05,3.905835000000000000e+05,4.113840000000000582e+05,4.219960000000000000e+05,4.375815000000000000e+05,4.523290000000000000e+05,4.713820000000000000e+05,4.850940000000000000e+05,5.025835000000000000e+05,5.131739999999999418e+05,5.264150000000000000e+05,5.244460000000000000e+05,5.238524999999998836e+05,5.167315000000000000e+05,4.990655000000000000e+05,4.709555000000000000e+05,4.298215000000000582e+05,3.804410000000000000e+05,3.340225000000000000e+05,2.773185000000000000e+05,2.366885000000000000e+05
9.935035000000000582e+04,1.518115000000000000e+05,1.861150000000000000e+05,2.231110000000000000e+05,2.593630000000000000e+05,2.917815000000000000e+05,3.123900000000000000e+05,3.427505000000000000e+05,3.595905000000000000e+05,3.744920000000000582e+05,3.916955000000000000e+05,4.021689999999999418e+05,4.178659999999999418e+05,4.363360000000000000e+05,4.519330000000000000e+05,4.667705000000000000e+05,4.868895000000000000e+05,5.040150000000000000e+05,5.173719999999999418e+05,5.183594999999999418e+05,5.189380000000000582e+05,5.099905000000000000e+05,4.864665000000000000e+05,4.569895000000000582e+05,4.170255000000000582e+05,3.830279999999999418e+05,3.244245000000000000e+05,2.785995000000000000e+05,2.243710000000000000e+05
1.109523999999999942e+05,1.460005000000000000e+05,1.865985000000000000e+05,2.221795000000000000e+05,2.549454999999999709e+05,2.807035000000000000e+05,3.057030000000000000e+05,3.269390000000000000e+05,3.475315000000000000e+05,3.600580000000000000e+05,3.776675000000000582e+05,3.906665000000000000e+05,4.192135000000000000e+05,4.262849999999999418e+05,4.391955000000000000e+05,4.607655000000000000e+05,4.796175000000000000e+05,4.813485000000000000e+05,4.907254999999999418e+05,4.975430000000000000e+05,4.981490000000000000e+05,5.005485000000000000e+05,4.802785000000000000e+05,4.499490000000000000e+05,4.041255000000000000e+05,3.661495000000000000e+05,3.194745000000000000e+05,2.565590000000000582e+05,2.196020000000000291e+05
1.136115000000000000e+05,1.489055000000000000e+05,1.794115000000000000e+05,2.166740000000000000e+05,2.459120000000000000e+05,2.746325000000000000e+05,2.974475000000000000e+05,3.129780000000000000e+05,3.285775000000000000e+05,3.423940000000000000e+05,3.580290000000000000e+05,3.773370000000000000e+05,3.946930000000000000e+05,4.106560000000000000e+05,4.319730000000000000e+05,4.408190000000000000e+05,4.580660000000000582e+05,4.626725000000000000e+05,4.769385000000000000e+05,4.839510000000000582e+05,4.776409999999999418e+05,4.824120000000000000e+05,4.567710000000000000e+05,4.331385000000000000e+05,3.913230000000000000e+05,3.485425000000000000e+05,3.034155000000000000e+05,2.512250000000000291e+05,2.067410000000000000e+05
1.105035000000000000e+05,1.410675000000000000e+05,1.815610000000000000e+05,2.068494999999999709e+05,2.360485000000000000e+05,2.573310000000000000e+05,2.771695000000000000e+05,2.965655000000000000e+05,3.125545000000000000e+05,3.332055000000000000e+05,3.482740000000000000e+05,3.580790000000000000e+05,3.760340000000000000e+05,3.914420000000000000e+05,4.029120000000000000e+05,4.335719999999999418e+05,4.442390000000000000e+05,4.483685000000000000e+05,4.520595000000000000e+05,4.605900000000000000e+05,4.607765000000000000e+05,4.515185000000000000e+05,4.326765000000000000e+05,4.086434999999999418e+05,3.813824999999999418e+05,3.326470000000000000e+05,2.901175000000000000e+05,2.433034999999999709e+05,1.955320000000000291e+05
1.007053999999999796e+05,1.339225000000000000e+05,1.698115000000000000e+05,2.031205000000000000e+05,2.299230000000000000e+05,2.549065000000000000e+05,2.780530000000000000e+05,2.978210000000000000e+05,3.165685000000000000e+05,3.340680000000000000e+05,3.505115000000000000e+05,3.663180000000000582e+05,3.839129999999999418e+05,3.957250000000000000e+05,4.247025000000000000e+05,4.321860000000000000e+05,4.420955000000000582e+05,4.496455000000000000e+05,4.632425000000000582e+05,4.656495000000000000e+05,4.680670000000000000e+05,4.509549999999999418e+05,4.397775000000000582e+05,4.094335000000000000e+05,3.821040000000000000e+05,3.415925000000000000e+05,2.927930000000000000e+05,2.487165000000000000e+05,2.037345000000000000e+05
9.277030000000000291e+04,1.403830000000000000e+05,1.695930000000000000e+05,2.032475000000000000e+05,2.356915000000000000e+05,2.508990000000000000e+05,2.823675000000000000e+05,2.956240000000000000e+05,3.193310000000000000e+05,3.276700000000000000e+05,3.526590000000000000e+05,3.665075000000000000e+05,3.896915000000000582e+05,3.999240000000000000e+05,4.195555000000000000e+05,4.308640000000000582e+05,4.400945000000000582e+05,4.545625000000000000e+05,4.617780000000000000e+05,4.646410000000000000e+05,4.569400000000000000e+05,4.557935000000000000e+05,4.310530000000000582e+05,4.164244999999999418e+05,3.868205000000000000e+05,3.408450000000000000e+05,3.021075000000000000e+05,2.530289999999999709e+05,2.121260000000000000e+05
8.602889999999999418e+04,1.328815000000000000e+05,1.684375000000000000e+05,2.025225000000000291e+05,2.318850000000000000e+05,2.592269999999999418e+05,2.741660000000000000e+05,2.971170000000000000e+05,3.195650000000000000e+05,3.328460000000000000e+05,3.512325000000000000e+05,3.705175000000000000e+05,3.874410000000000000e+05,4.121145000000000000e+05,4.206150000000000000e+05,4.402644999999999418e+05,4.510070000000000582e+05,4.566375000000000000e+05,4.594084999999999418e+05,4.649000000000000000e+05,4.586305000000000000e+05,4.442639999999999418e+05,4.311670000000000582e+05,4.136310000000000000e+05,3.796169999999999418e+05,3.428000000000000000e+05,3.026160000000000000e+05,2.525800000000000000e+05,2.143040000000000000e+05
8.399930000000000291e+04,1.374210000000000000e+05,1.699175000000000000e+05,2.038715000000000000e+05,2.298875000000000000e+05,2.577410000000000000e+05,2.697205000000000000e+05,2.976805000000000000e+05,3.180950000000000000e+05,3.379030000000000000e+05,3.562205000000000000e+05,3.802544999999999418e+05,3.980379999999999418e+05,4.064245000000000000e+05,4.282695000000000000e+05,4.370350000000000000e+05,4.460785000000000000e+05,4.589640000000000000e+05,4.630040000000000582e+05,4.589245000000000582e+05,4.587894999999999418e+05,4.482965000000000000e+05,4.336660000000000000e+05,4.106090000000000582e+05,3.773775000000000000e+05,3.481520000000000000e+05,3.030445000000000000e+05,2.557430000000000000e+05,2.129625000000000000e+05
8.522144999999999709e+04,1.340850000000000000e+05,1.689815000000000000e+05,1.986905000000000000e+05,2.246985000000000000e+05,2.517940000000000000e+05,2.764685000000000000e+05,2.996915000000000000e+05,3.153420000000000000e+05,3.392475000000000000e+05,3.528700000000000000e+05,3.737800000000000582e+05,3.884020000000000000e+05,4.093670000000000000e+05,4.205855000000000000e+05,4.427870000000000000e+05,4.568315000000000000e+05,4.544515000000000582e+05,4.612649999999999418e+05,4.611239999999999418e+05,4.586120000000000000e+05,4.432700000000000000e+05,4.285520000000000000e+05,4.081250000000000000e+05,3.764625000000000000e+05,3.391870000000000000e+05,3.002870000000000000e+05,2.541380000000000000e+05,2.159075000000000000e+05
8.926144999999999709e+04,1.353085000000000000e+05,1.679725000000000000e+05,1.955650000000000291e+05,2.275150000000000000e+05,2.496910000000000000e+05,2.731965000000000000e+05,2.946490000000000000e+05,3.128770000000000000e+05,3.368975000000000000e+05,3.501450000000000000e+05,3.732695000000000000e+05,3.923965000000000000e+05,4.104150000000000000e+05,4.247435000000000000e+05,4.385805000000000000e+05,4.488630000000000000e+05,4.481300000000000582e+05,4.544040000000000000e+05,4.539455000000000000e+05,4.471375000000000000e+05,4.420570000000000000e+05,4.265245000000000000e+05,4.086920000000000000e+05,3.788045000000000000e+05,3.424565000000000000e+05,3.020735000000000000e+05,2.527655000000000000e+05,2.090600000000000291e+05
9.234694999999999709e+04,1.301945000000000000e+05,1.632510000000000000e+05,1.958570000000000000e+05,2.215295000000000000e+05,2.444740000000000000e+05,2.718505000000000000e+05,2.901575000000000000e+05,3.173345000000000000e+05,3.364380000000000000e+05,3.595025000000000000e+05,3.772090000000000000e+05,3.906379999999999418e+05,4.063455000000000000e+05,4.226215000000000000e+05,4.361115000000000582e+05,4.425810000000000582e+05,4.431975000000000000e+05,4.564510000000000000e+05,4.506935000000000000e+05,4.445170000000000000e+05,4.421279999999999418e+05,4.254525000000000000e+05,4.037725000000000000e+05,3.714969999999999418e+05,3.349265000000000000e+05,2.919735000000000000e+05,2.491625000000000291e+05,2.051985000000000000e+05
9.606555000000000291e+04,1.311805000000000000e+05,1.595210000000000000e+05,1.916300000000000000e+05,2.162210000000000291e+05,2.385575000000000291e+05,2.615625000000000291e+05,2.867370000000000000e+05,3.042595000000000000e+05,3.303760000000000000e+05,3.568280000000000000e+05,3.746720000000000582e+05,3.867265000000000000e+05,4.063905000000000000e+05,4.183485000000000582e+05,4.198685000000000000e+05,4.384780000000000582e+05,4.446120000000000582e+05,4.503620000000000582e+05,4.409840000000000000e+05,4.386510000000000000e+05,4.348004999999999418e+05,4.123445000000000582e+05,4.029260000000000000e+05,3.677765000000000000e+05,3.337525000000000000e+05,2.846390000000000000e+05,2.390270000000000291e+05,1.959200000000000000e+05
1.001522500000000146e+05,1.304110000000000000e+05,1.577580000000000000e+05,1.796110000000000000e+05,2.166015000000000000e+05,2.352585000000000000e+05,2.668105000000000000e+05,2.841325000000000000e+05,3.041335000000000000e+05,3.293370000000000000e+05,3.462045000000000000e+05,3.694565000000000000e+05,3.847455000000000000e+05,3.985830000000000000e+05,4.085900000000000000e+05,4.147170000000000000e+05,4.247690000000000000e+05,4.303015000000000000e+05,4.413580000000000000e+05,4.314580000000000582e+05,4.352305000000000000e+05,4.249690000000000582e+05,4.092555000000000582e+05,3.858480000000000000e+05,3.577565000000000000e+05,3.220975000000000000e+05,2.841720000000000000e+05,2.335185000000000000e+05,1.912739999999999709e+05
