# # azimuth[i, j] in rad: i is index of the azimuthal position on the receiver surface (counter-clockwise from South); and j is index of height on the receiver from bottom to top.
2.617993877991494148e-02,2.617993877991494148e-02,2.617993877991494148e-02,2.617993877991494148e-02,2.617993877991494148e-02,2.617993877991494148e-02,2.617993877991494148e-02,2.617993877991494148e-02,2.617993877991494148e-02,2.617993877991494148e-02,2.617993877991494148e-02,2.617993877991494148e-02,2.617993877991494148e-02,2.617993877991494148e-02,2.617993877991494148e-02,2.617993877991494148e-02,2.617993877991494148e-02,2.617993877991494148e-02,2.617993877991494148e-02,2.617993877991494148e-02,2.617993877991494148e-02,2.617993877991494148e-02,2.617993877991494148e-02,2.617993877991494148e-02,2.617993877991494148e-02,2.617993877991494148e-02,2.617993877991494148e-02,2.617993877991494148e-02,2.617993877991494148e-02
7.853981633974482790e-02,7.853981633974482790e-02,7.853981633974482790e-02,7.853981633974482790e-02,7.853981633974482790e-02,7.853981633974482790e-02,7.853981633974482790e-02,7.853981633974482790e-02,7.853981633974482790e-02,7.853981633974482790e-02,7.853981633974482790e-02,7.853981633974482790e-02,7.853981633974482790e-02,7.853981633974482790e-02,7.853981633974482790e-02,7.853981633974482790e-02,7.853981633974482790e-02,7.853981633974482790e-02,7.853981633974482790e-02,7.853981633974482790e-02,7.853981633974482790e-02,7.853981633974482790e-02,7.853981633974482790e-02,7.853981633974482790e-02,7.853981633974482790e-02,7.853981633974482790e-02,7.853981633974482790e-02,7.853981633974482790e-02,7.853981633974482790e-02
1.308996938995747039e-01,1.308996938995747039e-01,1.308996938995747039e-01,1.308996938995747039e-01,1.308996938995747039e-01,1.308996938995747039e-01,1.308996938995747039e-01,1.308996938995747039e-01,1.308996938995747039e-01,1.308996938995747039e-01,1.308996938995747039e-01,1.308996938995747039e-01,1.308996938995747039e-01,1.308996938995747039e-01,1.308996938995747039e-01,1.308996938995747039e-01,1.308996938995747039e-01,1.308996938995747039e-01,1.308996938995747039e-01,1.308996938995747039e-01,1.308996938995747039e-01,1.308996938995747039e-01,1.308996938995747039e-01,1.308996938995747039e-01,1.308996938995747039e-01,1.308996938995747039e-01,1.308996938995747039e-01,1.308996938995747039e-01,1.308996938995747039e-01
1.832595714594045799e-01,1.832595714594045799e-01,1.832595714594045799e-01,1.832595714594045799e-01,1.832595714594045799e-01,1.832595714594045799e-01,1.832595714594045799e-01,1.832595714594045799e-01,1.832595714594045799e-01,1.832595714594045799e-01,1.832595714594045799e-01,1.832595714594045799e-01,1.832595714594045799e-01,1.832595714594045799e-01,1.832595714594045799e-01,1.832595714594045799e-01,1.832595714594045799e-01,1.832595714594045799e-01,1.832595714594045799e-01,1.832595714594045799e-01,1.832595714594045799e-01,1.832595714594045799e-01,1.832595714594045799e-01,1.832595714594045799e-01,1.832595714594045799e-01,1.832595714594045799e-01,1.832595714594045799e-01,1.832595714594045799e-01,1.832595714594045799e-01
2.356194490192344837e-01,2.356194490192344837e-01,2.356194490192344837e-01,2.356194490192344837e-01,2.356194490192344837e-01,2.356194490192344837e-01,2.356194490192344837e-01,2.356194490192344837e-01,2.356194490192344837e-01,2.356194490192344837e-01,2.356194490192344837e-01,2.356194490192344837e-01,2.356194490192344837e-01,2.356194490192344837e-01,2.356194490192344837e-01,2.356194490192344837e-01,2.356194490192344837e-01,2.356194490192344837e-01,2.356194490192344837e-01,2.356194490192344837e-01,2.356194490192344837e-01,2.356194490192344837e-01,2.356194490192344837e-01,2.356194490192344837e-01,2.356194490192344837e-01,2.356194490192344837e-01,2.356194490192344837e-01,2.356194490192344837e-01,2.356194490192344837e-01
2.879793265790643320e-01,2.879793265790643320e-01,2.879793265790643320e-01,2.879793265790643320e-01,2.879793265790643320e-01,2.879793265790643320e-01,2.879793265790643320e-01,2.879793265790643320e-01,2.879793265790643320e-01,2.879793265790643320e-01,2.879793265790643320e-01,2.879793265790643320e-01,2.879793265790643320e-01,2.879793265790643320e-01,2.879793265790643320e-01,2.879793265790643320e-01,2.879793265790643320e-01,2.879793265790643320e-01,2.879793265790643320e-01,2.879793265790643320e-01,2.879793265790643320e-01,2.879793265790643320e-01,2.879793265790643320e-01,2.879793265790643320e-01,2.879793265790643320e-01,2.879793265790643320e-01,2.879793265790643320e-01,2.879793265790643320e-01,2.879793265790643320e-01
3.403392041388942357e-01,3.403392041388942357e-01,3.403392041388942357e-01,3.403392041388942357e-01,3.403392041388942357e-01,3.403392041388942357e-01,3.403392041388942357e-01,3.403392041388942357e-01,3.403392041388942357e-01,3.403392041388942357e-01,3.403392041388942357e-01,3.403392041388942357e-01,3.403392041388942357e-01,3.403392041388942357e-01,3.403392041388942357e-01,3.403392041388942357e-01,3.403392041388942357e-01,3.403392041388942357e-01,3.403392041388942357e-01,3.403392041388942357e-01,3.403392041388942357e-01,3.403392041388942357e-01,3.403392041388942357e-01,3.403392041388942357e-01,3.403392041388942357e-01,3.403392041388942357e-01,3.403392041388942357e-01,3.403392041388942357e-01,3.403392041388942357e-01
3.926990816987241395e-01,3.926990816987241395e-01,3.926990816987241395e-01,3.926990816987241395e-01,3.926990816987241395e-01,3.926990816987241395e-01,3.926990816987241395e-01,3.926990816987241395e-01,3.926990816987241395e-01,3.926990816987241395e-01,3.926990816987241395e-01,3.926990816987241395e-01,3.926990816987241395e-01,3.926990816987241395e-01,3.926990816987241395e-01,3.926990816987241395e-01,3.926990816987241395e-01,3.926990816987241395e-01,3.926990816987241395e-01,3.926990816987241395e-01,3.926990816987241395e-01,3.926990816987241395e-01,3.926990816987241395e-01,3.926990816987241395e-01,3.926990816987241395e-01,3.926990816987241395e-01,3.926990816987241395e-01,3.926990816987241395e-01,3.926990816987241395e-01
4.450589592585539878e-01,4.450589592585539878e-01,4.450589592585539878e-01,4.450589592585539878e-01,4.450589592585539878e-01,4.450589592585539878e-01,4.450589592585539878e-01,4.450589592585539878e-01,4.450589592585539878e-01,4.450589592585539878e-01,4.450589592585539878e-01,4.450589592585539878e-01,4.450589592585539878e-01,4.450589592585539878e-01,4.450589592585539878e-01,4.450589592585539878e-01,4.450589592585539878e-01,4.450589592585539878e-01,4.450589592585539878e-01,4.450589592585539878e-01,4.450589592585539878e-01,4.450589592585539878e-01,4.450589592585539878e-01,4.450589592585539878e-01,4.450589592585539878e-01,4.450589592585539878e-01,4.450589592585539878e-01,4.450589592585539878e-01,4.450589592585539878e-01
4.974188368183838915e-01,4.974188368183838915e-01,4.974188368183838915e-01,4.974188368183838915e-01,4.974188368183838915e-01,4.974188368183838915e-01,4.974188368183838915e-01,4.974188368183838915e-01,4.974188368183838915e-01,4.974188368183838915e-01,4.974188368183838915e-01,4.974188368183838915e-01,4.974188368183838915e-01,4.974188368183838915e-01,4.974188368183838915e-01,4.974188368183838915e-01,4.974188368183838915e-01,4.974188368183838915e-01,4.974188368183838915e-01,4.974188368183838915e-01,4.974188368183838915e-01,4.974188368183838915e-01,4.974188368183838915e-01,4.974188368183838915e-01,4.974188368183838915e-01,4.974188368183838915e-01,4.974188368183838915e-01,4.974188368183838915e-01,4.974188368183838915e-01
5.497787143782137953e-01,5.497787143782137953e-01,5.497787143782137953e-01,5.497787143782137953e-01,5.497787143782137953e-01,5.497787143782137953e-01,5.497787143782137953e-01,5.497787143782137953e-01,5.497787143782137953e-01,5.497787143782137953e-01,5.497787143782137953e-01,5.497787143782137953e-01,5.497787143782137953e-01,5.497787143782137953e-01,5.497787143782137953e-01,5.497787143782137953e-01,5.497787143782137953e-01,5.497787143782137953e-01,5.497787143782137953e-01,5.497787143782137953e-01,5.497787143782137953e-01,5.497787143782137953e-01,5.497787143782137953e-01,5.497787143782137953e-01,5.497787143782137953e-01,5.497787143782137953e-01,5.497787143782137953e-01,5.497787143782137953e-01,5.497787143782137953e-01
6.021385919380436436e-01,6.021385919380436436e-01,6.021385919380436436e-01,6.021385919380436436e-01,6.021385919380436436e-01,6.021385919380436436e-01,6.021385919380436436e-01,6.021385919380436436e-01,6.021385919380436436e-01,6.021385919380436436e-01,6.021385919380436436e-01,6.021385919380436436e-01,6.021385919380436436e-01,6.021385919380436436e-01,6.021385919380436436e-01,6.021385919380436436e-01,6.021385919380436436e-01,6.021385919380436436e-01,6.021385919380436436e-01,6.021385919380436436e-01,6.021385919380436436e-01,6.021385919380436436e-01,6.021385919380436436e-01,6.021385919380436436e-01,6.021385919380436436e-01,6.021385919380436436e-01,6.021385919380436436e-01,6.021385919380436436e-01,6.021385919380436436e-01
6.544984694978734918e-01,6.544984694978734918e-01,6.544984694978734918e-01,6.544984694978734918e-01,6.544984694978734918e-01,6.544984694978734918e-01,6.544984694978734918e-01,6.544984694978734918e-01,6.544984694978734918e-01,6.544984694978734918e-01,6.544984694978734918e-01,6.544984694978734918e-01,6.544984694978734918e-01,6.544984694978734918e-01,6.544984694978734918e-01,6.544984694978734918e-01,6.544984694978734918e-01,6.544984694978734918e-01,6.544984694978734918e-01,6.544984694978734918e-01,6.544984694978734918e-01,6.544984694978734918e-01,6.544984694978734918e-01,6.544984694978734918e-01,6.544984694978734918e-01,6.544984694978734918e-01,6.544984694978734918e-01,6.544984694978734918e-01,6.544984694978734918e-01
7.068583470577034511e-01,7.068583470577034511e-01,7.068583470577034511e-01,7.068583470577034511e-01,7.068583470577034511e-01,7.068583470577034511e-01,7.068583470577034511e-01,7.068583470577034511e-01,7.068583470577034511e-01,7.068583470577034511e-01,7.068583470577034511e-01,7.068583470577034511e-01,7.068583470577034511e-01,7.068583470577034511e-01,7.068583470577034511e-01,7.068583470577034511e-01,7.068583470577034511e-01,7.068583470577034511e-01,7.068583470577034511e-01,7.068583470577034511e-01,7.068583470577034511e-01,7.068583470577034511e-01,7.068583470577034511e-01,7.068583470577034511e-01,7.068583470577034511e-01,7.068583470577034511e-01,7.068583470577034511e-01,7.068583470577034511e-01,7.068583470577034511e-01
7.592182246175332994e-01,7.592182246175332994e-01,7.592182246175332994e-01,7.592182246175332994e-01,7.592182246175332994e-01,7.592182246175332994e-01,7.592182246175332994e-01,7.592182246175332994e-01,7.592182246175332994e-01,7.592182246175332994e-01,7.592182246175332994e-01,7.592182246175332994e-01,7.592182246175332994e-01,7.592182246175332994e-01,7.592182246175332994e-01,7.592182246175332994e-01,7.592182246175332994e-01,7.592182246175332994e-01,7.592182246175332994e-01,7.592182246175332994e-01,7.592182246175332994e-01,7.592182246175332994e-01,7.592182246175332994e-01,7.592182246175332994e-01,7.592182246175332994e-01,7.592182246175332994e-01,7.592182246175332994e-01,7.592182246175332994e-01,7.592182246175332994e-01
8.115781021773631476e-01,8.115781021773631476e-01,8.115781021773631476e-01,8.115781021773631476e-01,8.115781021773631476e-01,8.115781021773631476e-01,8.115781021773631476e-01,8.115781021773631476e-01,8.115781021773631476e-01,8.115781021773631476e-01,8.115781021773631476e-01,8.115781021773631476e-01,8.115781021773631476e-01,8.115781021773631476e-01,8.115781021773631476e-01,8.115781021773631476e-01,8.115781021773631476e-01,8.115781021773631476e-01,8.115781021773631476e-01,8.115781021773631476e-01,8.115781021773631476e-01,8.115781021773631476e-01,8.115781021773631476e-01,8.115781021773631476e-01,8.115781021773631476e-01,8.115781021773631476e-01,8.115781021773631476e-01,8.115781021773631476e-01,8.115781021773631476e-01
8.639379797371931069e-01,8.639379797371931069e-01,8.639379797371931069e-01,8.639379797371931069e-01,8.639379797371931069e-01,8.639379797371931069e-01,8.639379797371931069e-01,8.639379797371931069e-01,8.639379797371931069e-01,8.639379797371931069e-01,8.639379797371931069e-01,8.639379797371931069e-01,8.639379797371931069e-01,8.639379797371931069e-01,8.639379797371931069e-01,8.639379797371931069e-01,8.639379797371931069e-01,8.639379797371931069e-01,8.639379797371931069e-01,8.639379797371931069e-01,8.639379797371931069e-01,8.639379797371931069e-01,8.639379797371931069e-01,8.639379797371931069e-01,8.639379797371931069e-01,8.639379797371931069e-01,8.639379797371931069e-01,8.639379797371931069e-01,8.639379797371931069e-01
9.162978572970229552e-01,9.162978572970229552e-01,9.162978572970229552e-01,9.162978572970229552e-01,9.162978572970229552e-01,9.162978572970229552e-01,9.162978572970229552e-01,9.162978572970229552e-01,9.162978572970229552e-01,9.162978572970229552e-01,9.162978572970229552e-01,9.162978572970229552e-01,9.162978572970229552e-01,9.162978572970229552e-01,9.162978572970229552e-01,9.162978572970229552e-01,9.162978572970229552e-01,9.162978572970229552e-01,9.162978572970229552e-01,9.162978572970229552e-01,9.162978572970229552e-01,9.162978572970229552e-01,9.162978572970229552e-01,9.162978572970229552e-01,9.162978572970229552e-01,9.162978572970229552e-01,9.162978572970229552e-01,9.162978572970229552e-01,9.162978572970229552e-01
9.686577348568528034e-01,9.686577348568528034e-01,9.686577348568528034e-01,9.686577348568528034e-01,9.686577348568528034e-01,9.686577348568528034e-01,9.686577348568528034e-01,9.686577348568528034e-01,9.686577348568528034e-01,9.686577348568528034e-01,9.686577348568528034e-01,9.686577348568528034e-01,9.686577348568528034e-01,9.686577348568528034e-01,9.686577348568528034e-01,9.686577348568528034e-01,9.686577348568528034e-01,9.686577348568528034e-01,9.686577348568528034e-01,9.686577348568528034e-01,9.686577348568528034e-01,9.686577348568528034e-01,9.686577348568528034e-01,9.686577348568528034e-01,9.686577348568528034e-01,9.686577348568528034e-01,9.686577348568528034e-01,9.686577348568528034e-01,9.686577348568528034e-01
1.021017612416682763e+00,1.021017612416682763e+00,1.021017612416682763e+00,1.021017612416682763e+00,1.021017612416682763e+00,1.021017612416682763e+00,1.021017612416682763e+00,1.021017612416682763e+00,1.021017612416682763e+00,1.021017612416682763e+00,1.021017612416682763e+00,1.021017612416682763e+00,1.021017612416682763e+00,1.021017612416682763e+00,1.021017612416682763e+00,1.021017612416682763e+00,1.021017612416682763e+00,1.021017612416682763e+00,1.021017612416682763e+00,1.021017612416682763e+00,1.021017612416682763e+00,1.021017612416682763e+00,1.021017612416682763e+00,1.021017612416682763e+00,1.021017612416682763e+00,1.021017612416682763e+00,1.021017612416682763e+00,1.021017612416682763e+00,1.021017612416682763e+00
1.073377489976512500e+00,1.073377489976512500e+00,1.073377489976512500e+00,1.073377489976512500e+00,1.073377489976512500e+00,1.073377489976512500e+00,1.073377489976512500e+00,1.073377489976512500e+00,1.073377489976512500e+00,1.073377489976512500e+00,1.073377489976512500e+00,1.073377489976512500e+00,1.073377489976512500e+00,1.073377489976512500e+00,1.073377489976512500e+00,1.073377489976512500e+00,1.073377489976512500e+00,1.073377489976512500e+00,1.073377489976512500e+00,1.073377489976512500e+00,1.073377489976512500e+00,1.073377489976512500e+00,1.073377489976512500e+00,1.073377489976512500e+00,1.073377489976512500e+00,1.073377489976512500e+00,1.073377489976512500e+00,1.073377489976512500e+00,1.073377489976512500e+00
1.125737367536342459e+00,1.125737367536342459e+00,1.125737367536342459e+00,1.125737367536342459e+00,1.125737367536342459e+00,1.125737367536342459e+00,1.125737367536342459e+00,1.125737367536342459e+00,1.125737367536342459e+00,1.125737367536342459e+00,1.125737367536342459e+00,1.125737367536342459e+00,1.125737367536342459e+00,1.125737367536342459e+00,1.125737367536342459e+00,1.125737367536342459e+00,1.125737367536342459e+00,1.125737367536342459e+00,1.125737367536342459e+00,1.125737367536342459e+00,1.125737367536342459e+00,1.125737367536342459e+00,1.125737367536342459e+00,1.125737367536342459e+00,1.125737367536342459e+00,1.125737367536342459e+00,1.125737367536342459e+00,1.125737367536342459e+00,1.125737367536342459e+00
1.178097245096172418e+00,1.178097245096172418e+00,1.178097245096172418e+00,1.178097245096172418e+00,1.178097245096172418e+00,1.178097245096172418e+00,1.178097245096172418e+00,1.178097245096172418e+00,1.178097245096172418e+00,1.178097245096172418e+00,1.178097245096172418e+00,1.178097245096172418e+00,1.178097245096172418e+00,1.178097245096172418e+00,1.178097245096172418e+00,1.178097245096172418e+00,1.178097245096172418e+00,1.178097245096172418e+00,1.178097245096172418e+00,1.178097245096172418e+00,1.178097245096172418e+00,1.178097245096172418e+00,1.178097245096172418e+00,1.178097245096172418e+00,1.178097245096172418e+00,1.178097245096172418e+00,1.178097245096172418e+00,1.178097245096172418e+00,1.178097245096172418e+00
1.230457122656002156e+00,1.230457122656002156e+00,1.230457122656002156e+00,1.230457122656002156e+00,1.230457122656002156e+00,1.230457122656002156e+00,1.230457122656002156e+00,1.230457122656002156e+00,1.230457122656002156e+00,1.230457122656002156e+00,1.230457122656002156e+00,1.230457122656002156e+00,1.230457122656002156e+00,1.230457122656002156e+00,1.230457122656002156e+00,1.230457122656002156e+00,1.230457122656002156e+00,1.230457122656002156e+00,1.230457122656002156e+00,1.230457122656002156e+00,1.230457122656002156e+00,1.230457122656002156e+00,1.230457122656002156e+00,1.230457122656002156e+00,1.230457122656002156e+00,1.230457122656002156e+00,1.230457122656002156e+00,1.230457122656002156e+00,1.230457122656002156e+00
1.282817000215832115e+00,1.282817000215832115e+00,1.282817000215832115e+00,1.282817000215832115e+00,1.282817000215832115e+00,1.282817000215832115e+00,1.282817000215832115e+00,1.282817000215832115e+00,1.282817000215832115e+00,1.282817000215832115e+00,1.282817000215832115e+00,1.282817000215832115e+00,1.282817000215832115e+00,1.282817000215832115e+00,1.282817000215832115e+00,1.282817000215832115e+00,1.282817000215832115e+00,1.282817000215832115e+00,1.282817000215832115e+00,1.282817000215832115e+00,1.282817000215832115e+00,1.282817000215832115e+00,1.282817000215832115e+00,1.282817000215832115e+00,1.282817000215832115e+00,1.282817000215832115e+00,1.282817000215832115e+00,1.282817000215832115e+00,1.282817000215832115e+00
1.335176877775662074e+00,1.335176877775662074e+00,1.335176877775662074e+00,1.335176877775662074e+00,1.335176877775662074e+00,1.335176877775662074e+00,1.335176877775662074e+00,1.335176877775662074e+00,1.335176877775662074e+00,1.335176877775662074e+00,1.335176877775662074e+00,1.335176877775662074e+00,1.335176877775662074e+00,1.335176877775662074e+00,1.335176877775662074e+00,1.335176877775662074e+00,1.335176877775662074e+00,1.335176877775662074e+00,1.335176877775662074e+00,1.335176877775662074e+00,1.335176877775662074e+00,1.335176877775662074e+00,1.335176877775662074e+00,1.335176877775662074e+00,1.335176877775662074e+00,1.335176877775662074e+00,1.335176877775662074e+00,1.335176877775662074e+00,1.335176877775662074e+00
1.387536755335491812e+00,1.387536755335491812e+00,1.387536755335491812e+00,1.387536755335491812e+00,1.387536755335491812e+00,1.387536755335491812e+00,1.387536755335491812e+00,1.387536755335491812e+00,1.387536755335491812e+00,1.387536755335491812e+00,1.387536755335491812e+00,1.387536755335491812e+00,1.387536755335491812e+00,1.387536755335491812e+00,1.387536755335491812e+00,1.387536755335491812e+00,1.387536755335491812e+00,1.387536755335491812e+00,1.387536755335491812e+00,1.387536755335491812e+00,1.387536755335491812e+00,1.387536755335491812e+00,1.387536755335491812e+00,1.387536755335491812e+00,1.387536755335491812e+00,1.387536755335491812e+00,1.387536755335491812e+00,1.387536755335491812e+00,1.387536755335491812e+00
1.439896632895321771e+00,1.439896632895321771e+00,1.439896632895321771e+00,1.439896632895321771e+00,1.439896632895321771e+00,1.439896632895321771e+00,1.439896632895321771e+00,1.439896632895321771e+00,1.439896632895321771e+00,1.439896632895321771e+00,1.439896632895321771e+00,1.439896632895321771e+00,1.439896632895321771e+00,1.439896632895321771e+00,1.439896632895321771e+00,1.439896632895321771e+00,1.439896632895321771e+00,1.439896632895321771e+00,1.439896632895321771e+00,1.439896632895321771e+00,1.439896632895321771e+00,1.439896632895321771e+00,1.439896632895321771e+00,1.439896632895321771e+00,1.439896632895321771e+00,1.439896632895321771e+00,1.439896632895321771e+00,1.439896632895321771e+00,1.439896632895321771e+00
1.492256510455151730e+00,1.492256510455151730e+00,1.492256510455151730e+00,1.492256510455151730e+00,1.492256510455151730e+00,1.492256510455151730e+00,1.492256510455151730e+00,1.492256510455151730e+00,1.492256510455151730e+00,1.492256510455151730e+00,1.492256510455151730e+00,1.492256510455151730e+00,1.492256510455151730e+00,1.492256510455151730e+00,1.492256510455151730e+00,1.492256510455151730e+00,1.492256510455151730e+00,1.492256510455151730e+00,1.492256510455151730e+00,1.492256510455151730e+00,1.492256510455151730e+00,1.492256510455151730e+00,1.492256510455151730e+00,1.492256510455151730e+00,1.492256510455151730e+00,1.492256510455151730e+00,1.492256510455151730e+00,1.492256510455151730e+00,1.492256510455151730e+00
1.544616388014981467e+00,1.544616388014981467e+00,1.544616388014981467e+00,1.544616388014981467e+00,1.544616388014981467e+00,1.544616388014981467e+00,1.544616388014981467e+00,1.544616388014981467e+00,1.544616388014981467e+00,1.544616388014981467e+00,1.544616388014981467e+00,1.544616388014981467e+00,1.544616388014981467e+00,1.544616388014981467e+00,1.544616388014981467e+00,1.544616388014981467e+00,1.544616388014981467e+00,1.544616388014981467e+00,1.544616388014981467e+00,1.544616388014981467e+00,1.544616388014981467e+00,1.544616388014981467e+00,1.544616388014981467e+00,1.544616388014981467e+00,1.544616388014981467e+00,1.544616388014981467e+00,1.544616388014981467e+00,1.544616388014981467e+00,1.544616388014981467e+00
1.596976265574811427e+00,1.596976265574811427e+00,1.596976265574811427e+00,1.596976265574811427e+00,1.596976265574811427e+00,1.596976265574811427e+00,1.596976265574811427e+00,1.596976265574811427e+00,1.596976265574811427e+00,1.596976265574811427e+00,1.596976265574811427e+00,1.596976265574811427e+00,1.596976265574811427e+00,1.596976265574811427e+00,1.596976265574811427e+00,1.596976265574811427e+00,1.596976265574811427e+00,1.596976265574811427e+00,1.596976265574811427e+00,1.596976265574811427e+00,1.596976265574811427e+00,1.596976265574811427e+00,1.596976265574811427e+00,1.596976265574811427e+00,1.596976265574811427e+00,1.596976265574811427e+00,1.596976265574811427e+00,1.596976265574811427e+00,1.596976265574811427e+00
1.649336143134641386e+00,1.649336143134641386e+00,1.649336143134641386e+00,1.649336143134641386e+00,1.649336143134641386e+00,1.649336143134641386e+00,1.649336143134641386e+00,1.649336143134641386e+00,1.649336143134641386e+00,1.649336143134641386e+00,1.649336143134641386e+00,1.649336143134641386e+00,1.649336143134641386e+00,1.649336143134641386e+00,1.649336143134641386e+00,1.649336143134641386e+00,1.649336143134641386e+00,1.649336143134641386e+00,1.649336143134641386e+00,1.649336143134641386e+00,1.649336143134641386e+00,1.649336143134641386e+00,1.649336143134641386e+00,1.649336143134641386e+00,1.649336143134641386e+00,1.649336143134641386e+00,1.649336143134641386e+00,1.649336143134641386e+00,1.649336143134641386e+00
1.701696020694471123e+00,1.701696020694471123e+00,1.701696020694471123e+00,1.701696020694471123e+00,1.701696020694471123e+00,1.701696020694471123e+00,1.701696020694471123e+00,1.701696020694471123e+00,1.701696020694471123e+00,1.701696020694471123e+00,1.701696020694471123e+00,1.701696020694471123e+00,1.701696020694471123e+00,1.701696020694471123e+00,1.701696020694471123e+00,1.701696020694471123e+00,1.701696020694471123e+00,1.701696020694471123e+00,1.701696020694471123e+00,1.701696020694471123e+00,1.701696020694471123e+00,1.701696020694471123e+00,1.701696020694471123e+00,1.701696020694471123e+00,1.701696020694471123e+00,1.701696020694471123e+00,1.701696020694471123e+00,1.701696020694471123e+00,1.701696020694471123e+00
1.754055898254301082e+00,1.754055898254301082e+00,1.754055898254301082e+00,1.754055898254301082e+00,1.754055898254301082e+00,1.754055898254301082e+00,1.754055898254301082e+00,1.754055898254301082e+00,1.754055898254301082e+00,1.754055898254301082e+00,1.754055898254301082e+00,1.754055898254301082e+00,1.754055898254301082e+00,1.754055898254301082e+00,1.754055898254301082e+00,1.754055898254301082e+00,1.754055898254301082e+00,1.754055898254301082e+00,1.754055898254301082e+00,1.754055898254301082e+00,1.754055898254301082e+00,1.754055898254301082e+00,1.754055898254301082e+00,1.754055898254301082e+00,1.754055898254301082e+00,1.754055898254301082e+00,1.754055898254301082e+00,1.754055898254301082e+00,1.754055898254301082e+00
1.806415775814131042e+00,1.806415775814131042e+00,1.806415775814131042e+00,1.806415775814131042e+00,1.806415775814131042e+00,1.806415775814131042e+00,1.806415775814131042e+00,1.806415775814131042e+00,1.806415775814131042e+00,1.806415775814131042e+00,1.806415775814131042e+00,1.806415775814131042e+00,1.806415775814131042e+00,1.806415775814131042e+00,1.806415775814131042e+00,1.806415775814131042e+00,1.806415775814131042e+00,1.806415775814131042e+00,1.806415775814131042e+00,1.806415775814131042e+00,1.806415775814131042e+00,1.806415775814131042e+00,1.806415775814131042e+00,1.806415775814131042e+00,1.806415775814131042e+00,1.806415775814131042e+00,1.806415775814131042e+00,1.806415775814131042e+00,1.806415775814131042e+00
1.858775653373960779e+00,1.858775653373960779e+00,1.858775653373960779e+00,1.858775653373960779e+00,1.858775653373960779e+00,1.858775653373960779e+00,1.858775653373960779e+00,1.858775653373960779e+00,1.858775653373960779e+00,1.858775653373960779e+00,1.858775653373960779e+00,1.858775653373960779e+00,1.858775653373960779e+00,1.858775653373960779e+00,1.858775653373960779e+00,1.858775653373960779e+00,1.858775653373960779e+00,1.858775653373960779e+00,1.858775653373960779e+00,1.858775653373960779e+00,1.858775653373960779e+00,1.858775653373960779e+00,1.858775653373960779e+00,1.858775653373960779e+00,1.858775653373960779e+00,1.858775653373960779e+00,1.858775653373960779e+00,1.858775653373960779e+00,1.858775653373960779e+00
1.911135530933790738e+00,1.911135530933790738e+00,1.911135530933790738e+00,1.911135530933790738e+00,1.911135530933790738e+00,1.911135530933790738e+00,1.911135530933790738e+00,1.911135530933790738e+00,1.911135530933790738e+00,1.911135530933790738e+00,1.911135530933790738e+00,1.911135530933790738e+00,1.911135530933790738e+00,1.911135530933790738e+00,1.911135530933790738e+00,1.911135530933790738e+00,1.911135530933790738e+00,1.911135530933790738e+00,1.911135530933790738e+00,1.911135530933790738e+00,1.911135530933790738e+00,1.911135530933790738e+00,1.911135530933790738e+00,1.911135530933790738e+00,1.911135530933790738e+00,1.911135530933790738e+00,1.911135530933790738e+00,1.911135530933790738e+00,1.911135530933790738e+00
1.963495408493620697e+00,1.963495408493620697e+00,1.963495408493620697e+00,1.963495408493620697e+00,1.963495408493620697e+00,1.963495408493620697e+00,1.963495408493620697e+00,1.963495408493620697e+00,1.963495408493620697e+00,1.963495408493620697e+00,1.963495408493620697e+00,1.963495408493620697e+00,1.963495408493620697e+00,1.963495408493620697e+00,1.963495408493620697e+00,1.963495408493620697e+00,1.963495408493620697e+00,1.963495408493620697e+00,1.963495408493620697e+00,1.963495408493620697e+00,1.963495408493620697e+00,1.963495408493620697e+00,1.963495408493620697e+00,1.963495408493620697e+00,1.963495408493620697e+00,1.963495408493620697e+00,1.963495408493620697e+00,1.963495408493620697e+00,1.963495408493620697e+00
2.015855286053450435e+00,2.015855286053450435e+00,2.015855286053450435e+00,2.015855286053450435e+00,2.015855286053450435e+00,2.015855286053450435e+00,2.015855286053450435e+00,2.015855286053450435e+00,2.015855286053450435e+00,2.015855286053450435e+00,2.015855286053450435e+00,2.015855286053450435e+00,2.015855286053450435e+00,2.015855286053450435e+00,2.015855286053450435e+00,2.015855286053450435e+00,2.015855286053450435e+00,2.015855286053450435e+00,2.015855286053450435e+00,2.015855286053450435e+00,2.015855286053450435e+00,2.015855286053450435e+00,2.015855286053450435e+00,2.015855286053450435e+00,2.015855286053450435e+00,2.015855286053450435e+00,2.015855286053450435e+00,2.015855286053450435e+00,2.015855286053450435e+00
2.068215163613280616e+00,2.068215163613280616e+00,2.068215163613280616e+00,2.068215163613280616e+00,2.068215163613280616e+00,2.068215163613280616e+00,2.068215163613280616e+00,2.068215163613280616e+00,2.068215163613280616e+00,2.068215163613280616e+00,2.068215163613280616e+00,2.068215163613280616e+00,2.068215163613280616e+00,2.068215163613280616e+00,2.068215163613280616e+00,2.068215163613280616e+00,2.068215163613280616e+00,2.068215163613280616e+00,2.068215163613280616e+00,2.068215163613280616e+00,2.068215163613280616e+00,2.068215163613280616e+00,2.068215163613280616e+00,2.068215163613280616e+00,2.068215163613280616e+00,2.068215163613280616e+00,2.068215163613280616e+00,2.068215163613280616e+00,2.068215163613280616e+00
2.120575041173109909e+00,2.120575041173109909e+00,2.120575041173109909e+00,2.120575041173109909e+00,2.120575041173109909e+00,2.120575041173109909e+00,2.120575041173109909e+00,2.120575041173109909e+00,2.120575041173109909e+00,2.120575041173109909e+00,2.120575041173109909e+00,2.120575041173109909e+00,2.120575041173109909e+00,2.120575041173109909e+00,2.120575041173109909e+00,2.120575041173109909e+00,2.120575041173109909e+00,2.120575041173109909e+00,2.120575041173109909e+00,2.120575041173109909e+00,2.120575041173109909e+00,2.120575041173109909e+00,2.120575041173109909e+00,2.120575041173109909e+00,2.120575041173109909e+00,2.120575041173109909e+00,2.120575041173109909e+00,2.120575041173109909e+00,2.120575041173109909e+00
2.172934918732940091e+00,2.172934918732940091e+00,2.172934918732940091e+00,2.172934918732940091e+00,2.172934918732940091e+00,2.172934918732940091e+00,2.172934918732940091e+00,2.172934918732940091e+00,2.172934918732940091e+00,2.172934918732940091e+00,2.172934918732940091e+00,2.172934918732940091e+00,2.172934918732940091e+00,2.172934918732940091e+00,2.172934918732940091e+00,2.172934918732940091e+00,2.172934918732940091e+00,2.172934918732940091e+00,2.172934918732940091e+00,2.172934918732940091e+00,2.172934918732940091e+00,2.172934918732940091e+00,2.172934918732940091e+00,2.172934918732940091e+00,2.172934918732940091e+00,2.172934918732940091e+00,2.172934918732940091e+00,2.172934918732940091e+00,2.172934918732940091e+00
2.225294796292770272e+00,2.225294796292770272e+00,2.225294796292770272e+00,2.225294796292770272e+00,2.225294796292770272e+00,2.225294796292770272e+00,2.225294796292770272e+00,2.225294796292770272e+00,2.225294796292770272e+00,2.225294796292770272e+00,2.225294796292770272e+00,2.225294796292770272e+00,2.225294796292770272e+00,2.225294796292770272e+00,2.225294796292770272e+00,2.225294796292770272e+00,2.225294796292770272e+00,2.225294796292770272e+00,2.225294796292770272e+00,2.225294796292770272e+00,2.225294796292770272e+00,2.225294796292770272e+00,2.225294796292770272e+00,2.225294796292770272e+00,2.225294796292770272e+00,2.225294796292770272e+00,2.225294796292770272e+00,2.225294796292770272e+00,2.225294796292770272e+00
2.277654673852599565e+00,2.277654673852599565e+00,2.277654673852599565e+00,2.277654673852599565e+00,2.277654673852599565e+00,2.277654673852599565e+00,2.277654673852599565e+00,2.277654673852599565e+00,2.277654673852599565e+00,2.277654673852599565e+00,2.277654673852599565e+00,2.277654673852599565e+00,2.277654673852599565e+00,2.277654673852599565e+00,2.277654673852599565e+00,2.277654673852599565e+00,2.277654673852599565e+00,2.277654673852599565e+00,2.277654673852599565e+00,2.277654673852599565e+00,2.277654673852599565e+00,2.277654673852599565e+00,2.277654673852599565e+00,2.277654673852599565e+00,2.277654673852599565e+00,2.277654673852599565e+00,2.277654673852599565e+00,2.277654673852599565e+00,2.277654673852599565e+00
2.330014551412429746e+00,2.330014551412429746e+00,2.330014551412429746e+00,2.330014551412429746e+00,2.330014551412429746e+00,2.330014551412429746e+00,2.330014551412429746e+00,2.330014551412429746e+00,2.330014551412429746e+00,2.330014551412429746e+00,2.330014551412429746e+00,2.330014551412429746e+00,2.330014551412429746e+00,2.330014551412429746e+00,2.330014551412429746e+00,2.330014551412429746e+00,2.330014551412429746e+00,2.330014551412429746e+00,2.330014551412429746e+00,2.330014551412429746e+00,2.330014551412429746e+00,2.330014551412429746e+00,2.330014551412429746e+00,2.330014551412429746e+00,2.330014551412429746e+00,2.330014551412429746e+00,2.330014551412429746e+00,2.330014551412429746e+00,2.330014551412429746e+00
2.382374428972259928e+00,2.382374428972259928e+00,2.382374428972259928e+00,2.382374428972259928e+00,2.382374428972259928e+00,2.382374428972259928e+00,2.382374428972259928e+00,2.382374428972259928e+00,2.382374428972259928e+00,2.382374428972259928e+00,2.382374428972259928e+00,2.382374428972259928e+00,2.382374428972259928e+00,2.382374428972259928e+00,2.382374428972259928e+00,2.382374428972259928e+00,2.382374428972259928e+00,2.382374428972259928e+00,2.382374428972259928e+00,2.382374428972259928e+00,2.382374428972259928e+00,2.382374428972259928e+00,2.382374428972259928e+00,2.382374428972259928e+00,2.382374428972259928e+00,2.382374428972259928e+00,2.382374428972259928e+00,2.382374428972259928e+00,2.382374428972259928e+00
2.434734306532089221e+00,2.434734306532089221e+00,2.434734306532089221e+00,2.434734306532089221e+00,2.434734306532089221e+00,2.434734306532089221e+00,2.434734306532089221e+00,2.434734306532089221e+00,2.434734306532089221e+00,2.434734306532089221e+00,2.434734306532089221e+00,2.434734306532089221e+00,2.434734306532089221e+00,2.434734306532089221e+00,2.434734306532089221e+00,2.434734306532089221e+00,2.434734306532089221e+00,2.434734306532089221e+00,2.434734306532089221e+00,2.434734306532089221e+00,2.434734306532089221e+00,2.434734306532089221e+00,2.434734306532089221e+00,2.434734306532089221e+00,2.434734306532089221e+00,2.434734306532089221e+00,2.434734306532089221e+00,2.434734306532089221e+00,2.434734306532089221e+00
2.487094184091919402e+00,2.487094184091919402e+00,2.487094184091919402e+00,2.487094184091919402e+00,2.487094184091919402e+00,2.487094184091919402e+00,2.487094184091919402e+00,2.487094184091919402e+00,2.487094184091919402e+00,2.487094184091919402e+00,2.487094184091919402e+00,2.487094184091919402e+00,2.487094184091919402e+00,2.487094184091919402e+00,2.487094184091919402e+00,2.487094184091919402e+00,2.487094184091919402e+00,2.487094184091919402e+00,2.487094184091919402e+00,2.487094184091919402e+00,2.487094184091919402e+00,2.487094184091919402e+00,2.487094184091919402e+00,2.487094184091919402e+00,2.487094184091919402e+00,2.487094184091919402e+00,2.487094184091919402e+00,2.487094184091919402e+00,2.487094184091919402e+00
2.539454061651749583e+00,2.539454061651749583e+00,2.539454061651749583e+00,2.539454061651749583e+00,2.539454061651749583e+00,2.539454061651749583e+00,2.539454061651749583e+00,2.539454061651749583e+00,2.539454061651749583e+00,2.539454061651749583e+00,2.539454061651749583e+00,2.539454061651749583e+00,2.539454061651749583e+00,2.539454061651749583e+00,2.539454061651749583e+00,2.539454061651749583e+00,2.539454061651749583e+00,2.539454061651749583e+00,2.539454061651749583e+00,2.539454061651749583e+00,2.539454061651749583e+00,2.539454061651749583e+00,2.539454061651749583e+00,2.539454061651749583e+00,2.539454061651749583e+00,2.539454061651749583e+00,2.539454061651749583e+00,2.539454061651749583e+00,2.539454061651749583e+00
2.591813939211578877e+00,2.591813939211578877e+00,2.591813939211578877e+00,2.591813939211578877e+00,2.591813939211578877e+00,2.591813939211578877e+00,2.591813939211578877e+00,2.591813939211578877e+00,2.591813939211578877e+00,2.591813939211578877e+00,2.591813939211578877e+00,2.591813939211578877e+00,2.591813939211578877e+00,2.591813939211578877e+00,2.591813939211578877e+00,2.591813939211578877e+00,2.591813939211578877e+00,2.591813939211578877e+00,2.591813939211578877e+00,2.591813939211578877e+00,2.591813939211578877e+00,2.591813939211578877e+00,2.591813939211578877e+00,2.591813939211578877e+00,2.591813939211578877e+00,2.591813939211578877e+00,2.591813939211578877e+00,2.591813939211578877e+00,2.591813939211578877e+00
2.644173816771409058e+00,2.644173816771409058e+00,2.644173816771409058e+00,2.644173816771409058e+00,2.644173816771409058e+00,2.644173816771409058e+00,2.644173816771409058e+00,2.644173816771409058e+00,2.644173816771409058e+00,2.644173816771409058e+00,2.644173816771409058e+00,2.644173816771409058e+00,2.644173816771409058e+00,2.644173816771409058e+00,2.644173816771409058e+00,2.644173816771409058e+00,2.644173816771409058e+00,2.644173816771409058e+00,2.644173816771409058e+00,2.644173816771409058e+00,2.644173816771409058e+00,2.644173816771409058e+00,2.644173816771409058e+00,2.644173816771409058e+00,2.644173816771409058e+00,2.644173816771409058e+00,2.644173816771409058e+00,2.644173816771409058e+00,2.644173816771409058e+00
2.696533694331239239e+00,2.696533694331239239e+00,2.696533694331239239e+00,2.696533694331239239e+00,2.696533694331239239e+00,2.696533694331239239e+00,2.696533694331239239e+00,2.696533694331239239e+00,2.696533694331239239e+00,2.696533694331239239e+00,2.696533694331239239e+00,2.696533694331239239e+00,2.696533694331239239e+00,2.696533694331239239e+00,2.696533694331239239e+00,2.696533694331239239e+00,2.696533694331239239e+00,2.696533694331239239e+00,2.696533694331239239e+00,2.696533694331239239e+00,2.696533694331239239e+00,2.696533694331239239e+00,2.696533694331239239e+00,2.696533694331239239e+00,2.696533694331239239e+00,2.696533694331239239e+00,2.696533694331239239e+00,2.696533694331239239e+00,2.696533694331239239e+00
2.748893571891068532e+00,2.748893571891068532e+00,2.748893571891068532e+00,2.748893571891068532e+00,2.748893571891068532e+00,2.748893571891068532e+00,2.748893571891068532e+00,2.748893571891068532e+00,2.748893571891068532e+00,2.748893571891068532e+00,2.748893571891068532e+00,2.748893571891068532e+00,2.748893571891068532e+00,2.748893571891068532e+00,2.748893571891068532e+00,2.748893571891068532e+00,2.748893571891068532e+00,2.748893571891068532e+00,2.748893571891068532e+00,2.748893571891068532e+00,2.748893571891068532e+00,2.748893571891068532e+00,2.748893571891068532e+00,2.748893571891068532e+00,2.748893571891068532e+00,2.748893571891068532e+00,2.748893571891068532e+00,2.748893571891068532e+00,2.748893571891068532e+00
2.801253449450898714e+00,2.801253449450898714e+00,2.801253449450898714e+00,2.801253449450898714e+00,2.801253449450898714e+00,2.801253449450898714e+00,2.801253449450898714e+00,2.801253449450898714e+00,2.801253449450898714e+00,2.801253449450898714e+00,2.801253449450898714e+00,2.801253449450898714e+00,2.801253449450898714e+00,2.801253449450898714e+00,2.801253449450898714e+00,2.801253449450898714e+00,2.801253449450898714e+00,2.801253449450898714e+00,2.801253449450898714e+00,2.801253449450898714e+00,2.801253449450898714e+00,2.801253449450898714e+00,2.801253449450898714e+00,2.801253449450898714e+00,2.801253449450898714e+00,2.801253449450898714e+00,2.801253449450898714e+00,2.801253449450898714e+00,2.801253449450898714e+00
2.853613327010728895e+00,2.853613327010728895e+00,2.853613327010728895e+00,2.853613327010728895e+00,2.853613327010728895e+00,2.853613327010728895e+00,2.853613327010728895e+00,2.853613327010728895e+00,2.853613327010728895e+00,2.853613327010728895e+00,2.853613327010728895e+00,2.853613327010728895e+00,2.853613327010728895e+00,2.853613327010728895e+00,2.853613327010728895e+00,2.853613327010728895e+00,2.853613327010728895e+00,2.853613327010728895e+00,2.853613327010728895e+00,2.853613327010728895e+00,2.853613327010728895e+00,2.853613327010728895e+00,2.853613327010728895e+00,2.853613327010728895e+00,2.853613327010728895e+00,2.853613327010728895e+00,2.853613327010728895e+00,2.853613327010728895e+00,2.853613327010728895e+00
2.905973204570558188e+00,2.905973204570558188e+00,2.905973204570558188e+00,2.905973204570558188e+00,2.905973204570558188e+00,2.905973204570558188e+00,2.905973204570558188e+00,2.905973204570558188e+00,2.905973204570558188e+00,2.905973204570558188e+00,2.905973204570558188e+00,2.905973204570558188e+00,2.905973204570558188e+00,2.905973204570558188e+00,2.905973204570558188e+00,2.905973204570558188e+00,2.905973204570558188e+00,2.905973204570558188e+00,2.905973204570558188e+00,2.905973204570558188e+00,2.905973204570558188e+00,2.905973204570558188e+00,2.905973204570558188e+00,2.905973204570558188e+00,2.905973204570558188e+00,2.905973204570558188e+00,2.905973204570558188e+00,2.905973204570558188e+00,2.905973204570558188e+00
2.958333082130388370e+00,2.958333082130388370e+00,2.958333082130388370e+00,2.958333082130388370e+00,2.958333082130388370e+00,2.958333082130388370e+00,2.958333082130388370e+00,2.958333082130388370e+00,2.958333082130388370e+00,2.958333082130388370e+00,2.958333082130388370e+00,2.958333082130388370e+00,2.958333082130388370e+00,2.958333082130388370e+00,2.958333082130388370e+00,2.958333082130388370e+00,2.958333082130388370e+00,2.958333082130388370e+00,2.958333082130388370e+00,2.958333082130388370e+00,2.958333082130388370e+00,2.958333082130388370e+00,2.958333082130388370e+00,2.958333082130388370e+00,2.958333082130388370e+00,2.958333082130388370e+00,2.958333082130388370e+00,2.958333082130388370e+00,2.958333082130388370e+00
3.010692959690218551e+00,3.010692959690218551e+00,3.010692959690218551e+00,3.010692959690218551e+00,3.010692959690218551e+00,3.010692959690218551e+00,3.010692959690218551e+00,3.010692959690218551e+00,3.010692959690218551e+00,3.010692959690218551e+00,3.010692959690218551e+00,3.010692959690218551e+00,3.010692959690218551e+00,3.010692959690218551e+00,3.010692959690218551e+00,3.010692959690218551e+00,3.010692959690218551e+00,3.010692959690218551e+00,3.010692959690218551e+00,3.010692959690218551e+00,3.010692959690218551e+00,3.010692959690218551e+00,3.010692959690218551e+00,3.010692959690218551e+00,3.010692959690218551e+00,3.010692959690218551e+00,3.010692959690218551e+00,3.010692959690218551e+00,3.010692959690218551e+00
3.063052837250047844e+00,3.063052837250047844e+00,3.063052837250047844e+00,3.063052837250047844e+00,3.063052837250047844e+00,3.063052837250047844e+00,3.063052837250047844e+00,3.063052837250047844e+00,3.063052837250047844e+00,3.063052837250047844e+00,3.063052837250047844e+00,3.063052837250047844e+00,3.063052837250047844e+00,3.063052837250047844e+00,3.063052837250047844e+00,3.063052837250047844e+00,3.063052837250047844e+00,3.063052837250047844e+00,3.063052837250047844e+00,3.063052837250047844e+00,3.063052837250047844e+00,3.063052837250047844e+00,3.063052837250047844e+00,3.063052837250047844e+00,3.063052837250047844e+00,3.063052837250047844e+00,3.063052837250047844e+00,3.063052837250047844e+00,3.063052837250047844e+00
3.115412714809878025e+00,3.115412714809878025e+00,3.115412714809878025e+00,3.115412714809878025e+00,3.115412714809878025e+00,3.115412714809878025e+00,3.115412714809878025e+00,3.115412714809878025e+00,3.115412714809878025e+00,3.115412714809878025e+00,3.115412714809878025e+00,3.115412714809878025e+00,3.115412714809878025e+00,3.115412714809878025e+00,3.115412714809878025e+00,3.115412714809878025e+00,3.115412714809878025e+00,3.115412714809878025e+00,3.115412714809878025e+00,3.115412714809878025e+00,3.115412714809878025e+00,3.115412714809878025e+00,3.115412714809878025e+00,3.115412714809878025e+00,3.115412714809878025e+00,3.115412714809878025e+00,3.115412714809878025e+00,3.115412714809878025e+00,3.115412714809878025e+00
3.167772592369708207e+00,3.167772592369708207e+00,3.167772592369708207e+00,3.167772592369708207e+00,3.167772592369708207e+00,3.167772592369708207e+00,3.167772592369708207e+00,3.167772592369708207e+00,3.167772592369708207e+00,3.167772592369708207e+00,3.167772592369708207e+00,3.167772592369708207e+00,3.167772592369708207e+00,3.167772592369708207e+00,3.167772592369708207e+00,3.167772592369708207e+00,3.167772592369708207e+00,3.167772592369708207e+00,3.167772592369708207e+00,3.167772592369708207e+00,3.167772592369708207e+00,3.167772592369708207e+00,3.167772592369708207e+00,3.167772592369708207e+00,3.167772592369708207e+00,3.167772592369708207e+00,3.167772592369708207e+00,3.167772592369708207e+00,3.167772592369708207e+00
3.220132469929537500e+00,3.220132469929537500e+00,3.220132469929537500e+00,3.220132469929537500e+00,3.220132469929537500e+00,3.220132469929537500e+00,3.220132469929537500e+00,3.220132469929537500e+00,3.220132469929537500e+00,3.220132469929537500e+00,3.220132469929537500e+00,3.220132469929537500e+00,3.220132469929537500e+00,3.220132469929537500e+00,3.220132469929537500e+00,3.220132469929537500e+00,3.220132469929537500e+00,3.220132469929537500e+00,3.220132469929537500e+00,3.220132469929537500e+00,3.220132469929537500e+00,3.220132469929537500e+00,3.220132469929537500e+00,3.220132469929537500e+00,3.220132469929537500e+00,3.220132469929537500e+00,3.220132469929537500e+00,3.220132469929537500e+00,3.220132469929537500e+00
3.272492347489367681e+00,3.272492347489367681e+00,3.272492347489367681e+00,3.272492347489367681e+00,3.272492347489367681e+00,3.272492347489367681e+00,3.272492347489367681e+00,3.272492347489367681e+00,3.272492347489367681e+00,3.272492347489367681e+00,3.272492347489367681e+00,3.272492347489367681e+00,3.272492347489367681e+00,3.272492347489367681e+00,3.272492347489367681e+00,3.272492347489367681e+00,3.272492347489367681e+00,3.272492347489367681e+00,3.272492347489367681e+00,3.272492347489367681e+00,3.272492347489367681e+00,3.272492347489367681e+00,3.272492347489367681e+00,3.272492347489367681e+00,3.272492347489367681e+00,3.272492347489367681e+00,3.272492347489367681e+00,3.272492347489367681e+00,3.272492347489367681e+00
3.324852225049197862e+00,3.324852225049197862e+00,3.324852225049197862e+00,3.324852225049197862e+00,3.324852225049197862e+00,3.324852225049197862e+00,3.324852225049197862e+00,3.324852225049197862e+00,3.324852225049197862e+00,3.324852225049197862e+00,3.324852225049197862e+00,3.324852225049197862e+00,3.324852225049197862e+00,3.324852225049197862e+00,3.324852225049197862e+00,3.324852225049197862e+00,3.324852225049197862e+00,3.324852225049197862e+00,3.324852225049197862e+00,3.324852225049197862e+00,3.324852225049197862e+00,3.324852225049197862e+00,3.324852225049197862e+00,3.324852225049197862e+00,3.324852225049197862e+00,3.324852225049197862e+00,3.324852225049197862e+00,3.324852225049197862e+00,3.324852225049197862e+00
3.377212102609027156e+00,3.377212102609027156e+00,3.377212102609027156e+00,3.377212102609027156e+00,3.377212102609027156e+00,3.377212102609027156e+00,3.377212102609027156e+00,3.377212102609027156e+00,3.377212102609027156e+00,3.377212102609027156e+00,3.377212102609027156e+00,3.377212102609027156e+00,3.377212102609027156e+00,3.377212102609027156e+00,3.377212102609027156e+00,3.377212102609027156e+00,3.377212102609027156e+00,3.377212102609027156e+00,3.377212102609027156e+00,3.377212102609027156e+00,3.377212102609027156e+00,3.377212102609027156e+00,3.377212102609027156e+00,3.377212102609027156e+00,3.377212102609027156e+00,3.377212102609027156e+00,3.377212102609027156e+00,3.377212102609027156e+00,3.377212102609027156e+00
3.429571980168857337e+00,3.429571980168857337e+00,3.429571980168857337e+00,3.429571980168857337e+00,3.429571980168857337e+00,3.429571980168857337e+00,3.429571980168857337e+00,3.429571980168857337e+00,3.429571980168857337e+00,3.429571980168857337e+00,3.429571980168857337e+00,3.429571980168857337e+00,3.429571980168857337e+00,3.429571980168857337e+00,3.429571980168857337e+00,3.429571980168857337e+00,3.429571980168857337e+00,3.429571980168857337e+00,3.429571980168857337e+00,3.429571980168857337e+00,3.429571980168857337e+00,3.429571980168857337e+00,3.429571980168857337e+00,3.429571980168857337e+00,3.429571980168857337e+00,3.429571980168857337e+00,3.429571980168857337e+00,3.429571980168857337e+00,3.429571980168857337e+00
3.481931857728687518e+00,3.481931857728687518e+00,3.481931857728687518e+00,3.481931857728687518e+00,3.481931857728687518e+00,3.481931857728687518e+00,3.481931857728687518e+00,3.481931857728687518e+00,3.481931857728687518e+00,3.481931857728687518e+00,3.481931857728687518e+00,3.481931857728687518e+00,3.481931857728687518e+00,3.481931857728687518e+00,3.481931857728687518e+00,3.481931857728687518e+00,3.481931857728687518e+00,3.481931857728687518e+00,3.481931857728687518e+00,3.481931857728687518e+00,3.481931857728687518e+00,3.481931857728687518e+00,3.481931857728687518e+00,3.481931857728687518e+00,3.481931857728687518e+00,3.481931857728687518e+00,3.481931857728687518e+00,3.481931857728687518e+00,3.481931857728687518e+00
3.534291735288516811e+00,3.534291735288516811e+00,3.534291735288516811e+00,3.534291735288516811e+00,3.534291735288516811e+00,3.534291735288516811e+00,3.534291735288516811e+00,3.534291735288516811e+00,3.534291735288516811e+00,3.534291735288516811e+00,3.534291735288516811e+00,3.534291735288516811e+00,3.534291735288516811e+00,3.534291735288516811e+00,3.534291735288516811e+00,3.534291735288516811e+00,3.534291735288516811e+00,3.534291735288516811e+00,3.534291735288516811e+00,3.534291735288516811e+00,3.534291735288516811e+00,3.534291735288516811e+00,3.534291735288516811e+00,3.534291735288516811e+00,3.534291735288516811e+00,3.534291735288516811e+00,3.534291735288516811e+00,3.534291735288516811e+00,3.534291735288516811e+00
3.586651612848346993e+00,3.586651612848346993e+00,3.586651612848346993e+00,3.586651612848346993e+00,3.586651612848346993e+00,3.586651612848346993e+00,3.586651612848346993e+00,3.586651612848346993e+00,3.586651612848346993e+00,3.586651612848346993e+00,3.586651612848346993e+00,3.586651612848346993e+00,3.586651612848346993e+00,3.586651612848346993e+00,3.586651612848346993e+00,3.586651612848346993e+00,3.586651612848346993e+00,3.586651612848346993e+00,3.586651612848346993e+00,3.586651612848346993e+00,3.586651612848346993e+00,3.586651612848346993e+00,3.586651612848346993e+00,3.586651612848346993e+00,3.586651612848346993e+00,3.586651612848346993e+00,3.586651612848346993e+00,3.586651612848346993e+00,3.586651612848346993e+00
3.639011490408177174e+00,3.639011490408177174e+00,3.639011490408177174e+00,3.639011490408177174e+00,3.639011490408177174e+00,3.639011490408177174e+00,3.639011490408177174e+00,3.639011490408177174e+00,3.639011490408177174e+00,3.639011490408177174e+00,3.639011490408177174e+00,3.639011490408177174e+00,3.639011490408177174e+00,3.639011490408177174e+00,3.639011490408177174e+00,3.639011490408177174e+00,3.639011490408177174e+00,3.639011490408177174e+00,3.639011490408177174e+00,3.639011490408177174e+00,3.639011490408177174e+00,3.639011490408177174e+00,3.639011490408177174e+00,3.639011490408177174e+00,3.639011490408177174e+00,3.639011490408177174e+00,3.639011490408177174e+00,3.639011490408177174e+00,3.639011490408177174e+00
3.691371367968006467e+00,3.691371367968006467e+00,3.691371367968006467e+00,3.691371367968006467e+00,3.691371367968006467e+00,3.691371367968006467e+00,3.691371367968006467e+00,3.691371367968006467e+00,3.691371367968006467e+00,3.691371367968006467e+00,3.691371367968006467e+00,3.691371367968006467e+00,3.691371367968006467e+00,3.691371367968006467e+00,3.691371367968006467e+00,3.691371367968006467e+00,3.691371367968006467e+00,3.691371367968006467e+00,3.691371367968006467e+00,3.691371367968006467e+00,3.691371367968006467e+00,3.691371367968006467e+00,3.691371367968006467e+00,3.691371367968006467e+00,3.691371367968006467e+00,3.691371367968006467e+00,3.691371367968006467e+00,3.691371367968006467e+00,3.691371367968006467e+00
3.743731245527836649e+00,3.743731245527836649e+00,3.743731245527836649e+00,3.743731245527836649e+00,3.743731245527836649e+00,3.743731245527836649e+00,3.743731245527836649e+00,3.743731245527836649e+00,3.743731245527836649e+00,3.743731245527836649e+00,3.743731245527836649e+00,3.743731245527836649e+00,3.743731245527836649e+00,3.743731245527836649e+00,3.743731245527836649e+00,3.743731245527836649e+00,3.743731245527836649e+00,3.743731245527836649e+00,3.743731245527836649e+00,3.743731245527836649e+00,3.743731245527836649e+00,3.743731245527836649e+00,3.743731245527836649e+00,3.743731245527836649e+00,3.743731245527836649e+00,3.743731245527836649e+00,3.743731245527836649e+00,3.743731245527836649e+00,3.743731245527836649e+00
3.796091123087666830e+00,3.796091123087666830e+00,3.796091123087666830e+00,3.796091123087666830e+00,3.796091123087666830e+00,3.796091123087666830e+00,3.796091123087666830e+00,3.796091123087666830e+00,3.796091123087666830e+00,3.796091123087666830e+00,3.796091123087666830e+00,3.796091123087666830e+00,3.796091123087666830e+00,3.796091123087666830e+00,3.796091123087666830e+00,3.796091123087666830e+00,3.796091123087666830e+00,3.796091123087666830e+00,3.796091123087666830e+00,3.796091123087666830e+00,3.796091123087666830e+00,3.796091123087666830e+00,3.796091123087666830e+00,3.796091123087666830e+00,3.796091123087666830e+00,3.796091123087666830e+00,3.796091123087666830e+00,3.796091123087666830e+00,3.796091123087666830e+00
3.848451000647496123e+00,3.848451000647496123e+00,3.848451000647496123e+00,3.848451000647496123e+00,3.848451000647496123e+00,3.848451000647496123e+00,3.848451000647496123e+00,3.848451000647496123e+00,3.848451000647496123e+00,3.848451000647496123e+00,3.848451000647496123e+00,3.848451000647496123e+00,3.848451000647496123e+00,3.848451000647496123e+00,3.848451000647496123e+00,3.848451000647496123e+00,3.848451000647496123e+00,3.848451000647496123e+00,3.848451000647496123e+00,3.848451000647496123e+00,3.848451000647496123e+00,3.848451000647496123e+00,3.848451000647496123e+00,3.848451000647496123e+00,3.848451000647496123e+00,3.848451000647496123e+00,3.848451000647496123e+00,3.848451000647496123e+00,3.848451000647496123e+00
3.900810878207326304e+00,3.900810878207326304e+00,3.900810878207326304e+00,3.900810878207326304e+00,3.900810878207326304e+00,3.900810878207326304e+00,3.900810878207326304e+00,3.900810878207326304e+00,3.900810878207326304e+00,3.900810878207326304e+00,3.900810878207326304e+00,3.900810878207326304e+00,3.900810878207326304e+00,3.900810878207326304e+00,3.900810878207326304e+00,3.900810878207326304e+00,3.900810878207326304e+00,3.900810878207326304e+00,3.900810878207326304e+00,3.900810878207326304e+00,3.900810878207326304e+00,3.900810878207326304e+00,3.900810878207326304e+00,3.900810878207326304e+00,3.900810878207326304e+00,3.900810878207326304e+00,3.900810878207326304e+00,3.900810878207326304e+00,3.900810878207326304e+00
3.953170755767156486e+00,3.953170755767156486e+00,3.953170755767156486e+00,3.953170755767156486e+00,3.953170755767156486e+00,3.953170755767156486e+00,3.953170755767156486e+00,3.953170755767156486e+00,3.953170755767156486e+00,3.953170755767156486e+00,3.953170755767156486e+00,3.953170755767156486e+00,3.953170755767156486e+00,3.953170755767156486e+00,3.953170755767156486e+00,3.953170755767156486e+00,3.953170755767156486e+00,3.953170755767156486e+00,3.953170755767156486e+00,3.953170755767156486e+00,3.953170755767156486e+00,3.953170755767156486e+00,3.953170755767156486e+00,3.953170755767156486e+00,3.953170755767156486e+00,3.953170755767156486e+00,3.953170755767156486e+00,3.953170755767156486e+00,3.953170755767156486e+00
4.005530633326985779e+00,4.005530633326985779e+00,4.005530633326985779e+00,4.005530633326985779e+00,4.005530633326985779e+00,4.005530633326985779e+00,4.005530633326985779e+00,4.005530633326985779e+00,4.005530633326985779e+00,4.005530633326985779e+00,4.005530633326985779e+00,4.005530633326985779e+00,4.005530633326985779e+00,4.005530633326985779e+00,4.005530633326985779e+00,4.005530633326985779e+00,4.005530633326985779e+00,4.005530633326985779e+00,4.005530633326985779e+00,4.005530633326985779e+00,4.005530633326985779e+00,4.005530633326985779e+00,4.005530633326985779e+00,4.005530633326985779e+00,4.005530633326985779e+00,4.005530633326985779e+00,4.005530633326985779e+00,4.005530633326985779e+00,4.005530633326985779e+00
4.057890510886815960e+00,4.057890510886815960e+00,4.057890510886815960e+00,4.057890510886815960e+00,4.057890510886815960e+00,4.057890510886815960e+00,4.057890510886815960e+00,4.057890510886815960e+00,4.057890510886815960e+00,4.057890510886815960e+00,4.057890510886815960e+00,4.057890510886815960e+00,4.057890510886815960e+00,4.057890510886815960e+00,4.057890510886815960e+00,4.057890510886815960e+00,4.057890510886815960e+00,4.057890510886815960e+00,4.057890510886815960e+00,4.057890510886815960e+00,4.057890510886815960e+00,4.057890510886815960e+00,4.057890510886815960e+00,4.057890510886815960e+00,4.057890510886815960e+00,4.057890510886815960e+00,4.057890510886815960e+00,4.057890510886815960e+00,4.057890510886815960e+00
4.110250388446646141e+00,4.110250388446646141e+00,4.110250388446646141e+00,4.110250388446646141e+00,4.110250388446646141e+00,4.110250388446646141e+00,4.110250388446646141e+00,4.110250388446646141e+00,4.110250388446646141e+00,4.110250388446646141e+00,4.110250388446646141e+00,4.110250388446646141e+00,4.110250388446646141e+00,4.110250388446646141e+00,4.110250388446646141e+00,4.110250388446646141e+00,4.110250388446646141e+00,4.110250388446646141e+00,4.110250388446646141e+00,4.110250388446646141e+00,4.110250388446646141e+00,4.110250388446646141e+00,4.110250388446646141e+00,4.110250388446646141e+00,4.110250388446646141e+00,4.110250388446646141e+00,4.110250388446646141e+00,4.110250388446646141e+00,4.110250388446646141e+00
4.162610266006475435e+00,4.162610266006475435e+00,4.162610266006475435e+00,4.162610266006475435e+00,4.162610266006475435e+00,4.162610266006475435e+00,4.162610266006475435e+00,4.162610266006475435e+00,4.162610266006475435e+00,4.162610266006475435e+00,4.162610266006475435e+00,4.162610266006475435e+00,4.162610266006475435e+00,4.162610266006475435e+00,4.162610266006475435e+00,4.162610266006475435e+00,4.162610266006475435e+00,4.162610266006475435e+00,4.162610266006475435e+00,4.162610266006475435e+00,4.162610266006475435e+00,4.162610266006475435e+00,4.162610266006475435e+00,4.162610266006475435e+00,4.162610266006475435e+00,4.162610266006475435e+00,4.162610266006475435e+00,4.162610266006475435e+00,4.162610266006475435e+00
4.214970143566305616e+00,4.214970143566305616e+00,4.214970143566305616e+00,4.214970143566305616e+00,4.214970143566305616e+00,4.214970143566305616e+00,4.214970143566305616e+00,4.214970143566305616e+00,4.214970143566305616e+00,4.214970143566305616e+00,4.214970143566305616e+00,4.214970143566305616e+00,4.214970143566305616e+00,4.214970143566305616e+00,4.214970143566305616e+00,4.214970143566305616e+00,4.214970143566305616e+00,4.214970143566305616e+00,4.214970143566305616e+00,4.214970143566305616e+00,4.214970143566305616e+00,4.214970143566305616e+00,4.214970143566305616e+00,4.214970143566305616e+00,4.214970143566305616e+00,4.214970143566305616e+00,4.214970143566305616e+00,4.214970143566305616e+00,4.214970143566305616e+00
4.267330021126134909e+00,4.267330021126134909e+00,4.267330021126134909e+00,4.267330021126134909e+00,4.267330021126134909e+00,4.267330021126134909e+00,4.267330021126134909e+00,4.267330021126134909e+00,4.267330021126134909e+00,4.267330021126134909e+00,4.267330021126134909e+00,4.267330021126134909e+00,4.267330021126134909e+00,4.267330021126134909e+00,4.267330021126134909e+00,4.267330021126134909e+00,4.267330021126134909e+00,4.267330021126134909e+00,4.267330021126134909e+00,4.267330021126134909e+00,4.267330021126134909e+00,4.267330021126134909e+00,4.267330021126134909e+00,4.267330021126134909e+00,4.267330021126134909e+00,4.267330021126134909e+00,4.267330021126134909e+00,4.267330021126134909e+00,4.267330021126134909e+00
4.319689898685965090e+00,4.319689898685965090e+00,4.319689898685965090e+00,4.319689898685965090e+00,4.319689898685965090e+00,4.319689898685965090e+00,4.319689898685965090e+00,4.319689898685965090e+00,4.319689898685965090e+00,4.319689898685965090e+00,4.319689898685965090e+00,4.319689898685965090e+00,4.319689898685965090e+00,4.319689898685965090e+00,4.319689898685965090e+00,4.319689898685965090e+00,4.319689898685965090e+00,4.319689898685965090e+00,4.319689898685965090e+00,4.319689898685965090e+00,4.319689898685965090e+00,4.319689898685965090e+00,4.319689898685965090e+00,4.319689898685965090e+00,4.319689898685965090e+00,4.319689898685965090e+00,4.319689898685965090e+00,4.319689898685965090e+00,4.319689898685965090e+00
4.372049776245795272e+00,4.372049776245795272e+00,4.372049776245795272e+00,4.372049776245795272e+00,4.372049776245795272e+00,4.372049776245795272e+00,4.372049776245795272e+00,4.372049776245795272e+00,4.372049776245795272e+00,4.372049776245795272e+00,4.372049776245795272e+00,4.372049776245795272e+00,4.372049776245795272e+00,4.372049776245795272e+00,4.372049776245795272e+00,4.372049776245795272e+00,4.372049776245795272e+00,4.372049776245795272e+00,4.372049776245795272e+00,4.372049776245795272e+00,4.372049776245795272e+00,4.372049776245795272e+00,4.372049776245795272e+00,4.372049776245795272e+00,4.372049776245795272e+00,4.372049776245795272e+00,4.372049776245795272e+00,4.372049776245795272e+00,4.372049776245795272e+00
4.424409653805625453e+00,4.424409653805625453e+00,4.424409653805625453e+00,4.424409653805625453e+00,4.424409653805625453e+00,4.424409653805625453e+00,4.424409653805625453e+00,4.424409653805625453e+00,4.424409653805625453e+00,4.424409653805625453e+00,4.424409653805625453e+00,4.424409653805625453e+00,4.424409653805625453e+00,4.424409653805625453e+00,4.424409653805625453e+00,4.424409653805625453e+00,4.424409653805625453e+00,4.424409653805625453e+00,4.424409653805625453e+00,4.424409653805625453e+00,4.424409653805625453e+00,4.424409653805625453e+00,4.424409653805625453e+00,4.424409653805625453e+00,4.424409653805625453e+00,4.424409653805625453e+00,4.424409653805625453e+00,4.424409653805625453e+00,4.424409653805625453e+00
4.476769531365454746e+00,4.476769531365454746e+00,4.476769531365454746e+00,4.476769531365454746e+00,4.476769531365454746e+00,4.476769531365454746e+00,4.476769531365454746e+00,4.476769531365454746e+00,4.476769531365454746e+00,4.476769531365454746e+00,4.476769531365454746e+00,4.476769531365454746e+00,4.476769531365454746e+00,4.476769531365454746e+00,4.476769531365454746e+00,4.476769531365454746e+00,4.476769531365454746e+00,4.476769531365454746e+00,4.476769531365454746e+00,4.476769531365454746e+00,4.476769531365454746e+00,4.476769531365454746e+00,4.476769531365454746e+00,4.476769531365454746e+00,4.476769531365454746e+00,4.476769531365454746e+00,4.476769531365454746e+00,4.476769531365454746e+00,4.476769531365454746e+00
4.529129408925284928e+00,4.529129408925284928e+00,4.529129408925284928e+00,4.529129408925284928e+00,4.529129408925284928e+00,4.529129408925284928e+00,4.529129408925284928e+00,4.529129408925284928e+00,4.529129408925284928e+00,4.529129408925284928e+00,4.529129408925284928e+00,4.529129408925284928e+00,4.529129408925284928e+00,4.529129408925284928e+00,4.529129408925284928e+00,4.529129408925284928e+00,4.529129408925284928e+00,4.529129408925284928e+00,4.529129408925284928e+00,4.529129408925284928e+00,4.529129408925284928e+00,4.529129408925284928e+00,4.529129408925284928e+00,4.529129408925284928e+00,4.529129408925284928e+00,4.529129408925284928e+00,4.529129408925284928e+00,4.529129408925284928e+00,4.529129408925284928e+00
4.581489286485114221e+00,4.581489286485114221e+00,4.581489286485114221e+00,4.581489286485114221e+00,4.581489286485114221e+00,4.581489286485114221e+00,4.581489286485114221e+00,4.581489286485114221e+00,4.581489286485114221e+00,4.581489286485114221e+00,4.581489286485114221e+00,4.581489286485114221e+00,4.581489286485114221e+00,4.581489286485114221e+00,4.581489286485114221e+00,4.581489286485114221e+00,4.581489286485114221e+00,4.581489286485114221e+00,4.581489286485114221e+00,4.581489286485114221e+00,4.581489286485114221e+00,4.581489286485114221e+00,4.581489286485114221e+00,4.581489286485114221e+00,4.581489286485114221e+00,4.581489286485114221e+00,4.581489286485114221e+00,4.581489286485114221e+00,4.581489286485114221e+00
4.633849164044944402e+00,4.633849164044944402e+00,4.633849164044944402e+00,4.633849164044944402e+00,4.633849164044944402e+00,4.633849164044944402e+00,4.633849164044944402e+00,4.633849164044944402e+00,4.633849164044944402e+00,4.633849164044944402e+00,4.633849164044944402e+00,4.633849164044944402e+00,4.633849164044944402e+00,4.633849164044944402e+00,4.633849164044944402e+00,4.633849164044944402e+00,4.633849164044944402e+00,4.633849164044944402e+00,4.633849164044944402e+00,4.633849164044944402e+00,4.633849164044944402e+00,4.633849164044944402e+00,4.633849164044944402e+00,4.633849164044944402e+00,4.633849164044944402e+00,4.633849164044944402e+00,4.633849164044944402e+00,4.633849164044944402e+00,4.633849164044944402e+00
4.686209041604774583e+00,4.686209041604774583e+00,4.686209041604774583e+00,4.686209041604774583e+00,4.686209041604774583e+00,4.686209041604774583e+00,4.686209041604774583e+00,4.686209041604774583e+00,4.686209041604774583e+00,4.686209041604774583e+00,4.686209041604774583e+00,4.686209041604774583e+00,4.686209041604774583e+00,4.686209041604774583e+00,4.686209041604774583e+00,4.686209041604774583e+00,4.686209041604774583e+00,4.686209041604774583e+00,4.686209041604774583e+00,4.686209041604774583e+00,4.686209041604774583e+00,4.686209041604774583e+00,4.686209041604774583e+00,4.686209041604774583e+00,4.686209041604774583e+00,4.686209041604774583e+00,4.686209041604774583e+00,4.686209041604774583e+00,4.686209041604774583e+00
4.738568919164604765e+00,4.738568919164604765e+00,4.738568919164604765e+00,4.738568919164604765e+00,4.738568919164604765e+00,4.738568919164604765e+00,4.738568919164604765e+00,4.738568919164604765e+00,4.738568919164604765e+00,4.738568919164604765e+00,4.738568919164604765e+00,4.738568919164604765e+00,4.738568919164604765e+00,4.738568919164604765e+00,4.738568919164604765e+00,4.738568919164604765e+00,4.738568919164604765e+00,4.738568919164604765e+00,4.738568919164604765e+00,4.738568919164604765e+00,4.738568919164604765e+00,4.738568919164604765e+00,4.738568919164604765e+00,4.738568919164604765e+00,4.738568919164604765e+00,4.738568919164604765e+00,4.738568919164604765e+00,4.738568919164604765e+00,4.738568919164604765e+00
4.790928796724434058e+00,4.790928796724434058e+00,4.790928796724434058e+00,4.790928796724434058e+00,4.790928796724434058e+00,4.790928796724434058e+00,4.790928796724434058e+00,4.790928796724434058e+00,4.790928796724434058e+00,4.790928796724434058e+00,4.790928796724434058e+00,4.790928796724434058e+00,4.790928796724434058e+00,4.790928796724434058e+00,4.790928796724434058e+00,4.790928796724434058e+00,4.790928796724434058e+00,4.790928796724434058e+00,4.790928796724434058e+00,4.790928796724434058e+00,4.790928796724434058e+00,4.790928796724434058e+00,4.790928796724434058e+00,4.790928796724434058e+00,4.790928796724434058e+00,4.790928796724434058e+00,4.790928796724434058e+00,4.790928796724434058e+00,4.790928796724434058e+00
4.843288674284264239e+00,4.843288674284264239e+00,4.843288674284264239e+00,4.843288674284264239e+00,4.843288674284264239e+00,4.843288674284264239e+00,4.843288674284264239e+00,4.843288674284264239e+00,4.843288674284264239e+00,4.843288674284264239e+00,4.843288674284264239e+00,4.843288674284264239e+00,4.843288674284264239e+00,4.843288674284264239e+00,4.843288674284264239e+00,4.843288674284264239e+00,4.843288674284264239e+00,4.843288674284264239e+00,4.843288674284264239e+00,4.843288674284264239e+00,4.843288674284264239e+00,4.843288674284264239e+00,4.843288674284264239e+00,4.843288674284264239e+00,4.843288674284264239e+00,4.843288674284264239e+00,4.843288674284264239e+00,4.843288674284264239e+00,4.843288674284264239e+00
4.895648551844093532e+00,4.895648551844093532e+00,4.895648551844093532e+00,4.895648551844093532e+00,4.895648551844093532e+00,4.895648551844093532e+00,4.895648551844093532e+00,4.895648551844093532e+00,4.895648551844093532e+00,4.895648551844093532e+00,4.895648551844093532e+00,4.895648551844093532e+00,4.895648551844093532e+00,4.895648551844093532e+00,4.895648551844093532e+00,4.895648551844093532e+00,4.895648551844093532e+00,4.895648551844093532e+00,4.895648551844093532e+00,4.895648551844093532e+00,4.895648551844093532e+00,4.895648551844093532e+00,4.895648551844093532e+00,4.895648551844093532e+00,4.895648551844093532e+00,4.895648551844093532e+00,4.895648551844093532e+00,4.895648551844093532e+00,4.895648551844093532e+00
4.948008429403923714e+00,4.948008429403923714e+00,4.948008429403923714e+00,4.948008429403923714e+00,4.948008429403923714e+00,4.948008429403923714e+00,4.948008429403923714e+00,4.948008429403923714e+00,4.948008429403923714e+00,4.948008429403923714e+00,4.948008429403923714e+00,4.948008429403923714e+00,4.948008429403923714e+00,4.948008429403923714e+00,4.948008429403923714e+00,4.948008429403923714e+00,4.948008429403923714e+00,4.948008429403923714e+00,4.948008429403923714e+00,4.948008429403923714e+00,4.948008429403923714e+00,4.948008429403923714e+00,4.948008429403923714e+00,4.948008429403923714e+00,4.948008429403923714e+00,4.948008429403923714e+00,4.948008429403923714e+00,4.948008429403923714e+00,4.948008429403923714e+00
5.000368306963753895e+00,5.000368306963753895e+00,5.000368306963753895e+00,5.000368306963753895e+00,5.000368306963753895e+00,5.000368306963753895e+00,5.000368306963753895e+00,5.000368306963753895e+00,5.000368306963753895e+00,5.000368306963753895e+00,5.000368306963753895e+00,5.000368306963753895e+00,5.000368306963753895e+00,5.000368306963753895e+00,5.000368306963753895e+00,5.000368306963753895e+00,5.000368306963753895e+00,5.000368306963753895e+00,5.000368306963753895e+00,5.000368306963753895e+00,5.000368306963753895e+00,5.000368306963753895e+00,5.000368306963753895e+00,5.000368306963753895e+00,5.000368306963753895e+00,5.000368306963753895e+00,5.000368306963753895e+00,5.000368306963753895e+00,5.000368306963753895e+00
5.052728184523584076e+00,5.052728184523584076e+00,5.052728184523584076e+00,5.052728184523584076e+00,5.052728184523584076e+00,5.052728184523584076e+00,5.052728184523584076e+00,5.052728184523584076e+00,5.052728184523584076e+00,5.052728184523584076e+00,5.052728184523584076e+00,5.052728184523584076e+00,5.052728184523584076e+00,5.052728184523584076e+00,5.052728184523584076e+00,5.052728184523584076e+00,5.052728184523584076e+00,5.052728184523584076e+00,5.052728184523584076e+00,5.052728184523584076e+00,5.052728184523584076e+00,5.052728184523584076e+00,5.052728184523584076e+00,5.052728184523584076e+00,5.052728184523584076e+00,5.052728184523584076e+00,5.052728184523584076e+00,5.052728184523584076e+00,5.052728184523584076e+00
5.105088062083413369e+00,5.105088062083413369e+00,5.105088062083413369e+00,5.105088062083413369e+00,5.105088062083413369e+00,5.105088062083413369e+00,5.105088062083413369e+00,5.105088062083413369e+00,5.105088062083413369e+00,5.105088062083413369e+00,5.105088062083413369e+00,5.105088062083413369e+00,5.105088062083413369e+00,5.105088062083413369e+00,5.105088062083413369e+00,5.105088062083413369e+00,5.105088062083413369e+00,5.105088062083413369e+00,5.105088062083413369e+00,5.105088062083413369e+00,5.105088062083413369e+00,5.105088062083413369e+00,5.105088062083413369e+00,5.105088062083413369e+00,5.105088062083413369e+00,5.105088062083413369e+00,5.105088062083413369e+00,5.105088062083413369e+00,5.105088062083413369e+00
5.157447939643243551e+00,5.157447939643243551e+00,5.157447939643243551e+00,5.157447939643243551e+00,5.157447939643243551e+00,5.157447939643243551e+00,5.157447939643243551e+00,5.157447939643243551e+00,5.157447939643243551e+00,5.157447939643243551e+00,5.157447939643243551e+00,5.157447939643243551e+00,5.157447939643243551e+00,5.157447939643243551e+00,5.157447939643243551e+00,5.157447939643243551e+00,5.157447939643243551e+00,5.157447939643243551e+00,5.157447939643243551e+00,5.157447939643243551e+00,5.157447939643243551e+00,5.157447939643243551e+00,5.157447939643243551e+00,5.157447939643243551e+00,5.157447939643243551e+00,5.157447939643243551e+00,5.157447939643243551e+00,5.157447939643243551e+00,5.157447939643243551e+00
5.209807817203072844e+00,5.209807817203072844e+00,5.209807817203072844e+00,5.209807817203072844e+00,5.209807817203072844e+00,5.209807817203072844e+00,5.209807817203072844e+00,5.209807817203072844e+00,5.209807817203072844e+00,5.209807817203072844e+00,5.209807817203072844e+00,5.209807817203072844e+00,5.209807817203072844e+00,5.209807817203072844e+00,5.209807817203072844e+00,5.209807817203072844e+00,5.209807817203072844e+00,5.209807817203072844e+00,5.209807817203072844e+00,5.209807817203072844e+00,5.209807817203072844e+00,5.209807817203072844e+00,5.209807817203072844e+00,5.209807817203072844e+00,5.209807817203072844e+00,5.209807817203072844e+00,5.209807817203072844e+00,5.209807817203072844e+00,5.209807817203072844e+00
5.262167694762903025e+00,5.262167694762903025e+00,5.262167694762903025e+00,5.262167694762903025e+00,5.262167694762903025e+00,5.262167694762903025e+00,5.262167694762903025e+00,5.262167694762903025e+00,5.262167694762903025e+00,5.262167694762903025e+00,5.262167694762903025e+00,5.262167694762903025e+00,5.262167694762903025e+00,5.262167694762903025e+00,5.262167694762903025e+00,5.262167694762903025e+00,5.262167694762903025e+00,5.262167694762903025e+00,5.262167694762903025e+00,5.262167694762903025e+00,5.262167694762903025e+00,5.262167694762903025e+00,5.262167694762903025e+00,5.262167694762903025e+00,5.262167694762903025e+00,5.262167694762903025e+00,5.262167694762903025e+00,5.262167694762903025e+00,5.262167694762903025e+00
5.314527572322733207e+00,5.314527572322733207e+00,5.314527572322733207e+00,5.314527572322733207e+00,5.314527572322733207e+00,5.314527572322733207e+00,5.314527572322733207e+00,5.314527572322733207e+00,5.314527572322733207e+00,5.314527572322733207e+00,5.314527572322733207e+00,5.314527572322733207e+00,5.314527572322733207e+00,5.314527572322733207e+00,5.314527572322733207e+00,5.314527572322733207e+00,5.314527572322733207e+00,5.314527572322733207e+00,5.314527572322733207e+00,5.314527572322733207e+00,5.314527572322733207e+00,5.314527572322733207e+00,5.314527572322733207e+00,5.314527572322733207e+00,5.314527572322733207e+00,5.314527572322733207e+00,5.314527572322733207e+00,5.314527572322733207e+00,5.314527572322733207e+00
5.366887449882563388e+00,5.366887449882563388e+00,5.366887449882563388e+00,5.366887449882563388e+00,5.366887449882563388e+00,5.366887449882563388e+00,5.366887449882563388e+00,5.366887449882563388e+00,5.366887449882563388e+00,5.366887449882563388e+00,5.366887449882563388e+00,5.366887449882563388e+00,5.366887449882563388e+00,5.366887449882563388e+00,5.366887449882563388e+00,5.366887449882563388e+00,5.366887449882563388e+00,5.366887449882563388e+00,5.366887449882563388e+00,5.366887449882563388e+00,5.366887449882563388e+00,5.366887449882563388e+00,5.366887449882563388e+00,5.366887449882563388e+00,5.366887449882563388e+00,5.366887449882563388e+00,5.366887449882563388e+00,5.366887449882563388e+00,5.366887449882563388e+00
5.419247327442392681e+00,5.419247327442392681e+00,5.419247327442392681e+00,5.419247327442392681e+00,5.419247327442392681e+00,5.419247327442392681e+00,5.419247327442392681e+00,5.419247327442392681e+00,5.419247327442392681e+00,5.419247327442392681e+00,5.419247327442392681e+00,5.419247327442392681e+00,5.419247327442392681e+00,5.419247327442392681e+00,5.419247327442392681e+00,5.419247327442392681e+00,5.419247327442392681e+00,5.419247327442392681e+00,5.419247327442392681e+00,5.419247327442392681e+00,5.419247327442392681e+00,5.419247327442392681e+00,5.419247327442392681e+00,5.419247327442392681e+00,5.419247327442392681e+00,5.419247327442392681e+00,5.419247327442392681e+00,5.419247327442392681e+00,5.419247327442392681e+00
5.471607205002222862e+00,5.471607205002222862e+00,5.471607205002222862e+00,5.471607205002222862e+00,5.471607205002222862e+00,5.471607205002222862e+00,5.471607205002222862e+00,5.471607205002222862e+00,5.471607205002222862e+00,5.471607205002222862e+00,5.471607205002222862e+00,5.471607205002222862e+00,5.471607205002222862e+00,5.471607205002222862e+00,5.471607205002222862e+00,5.471607205002222862e+00,5.471607205002222862e+00,5.471607205002222862e+00,5.471607205002222862e+00,5.471607205002222862e+00,5.471607205002222862e+00,5.471607205002222862e+00,5.471607205002222862e+00,5.471607205002222862e+00,5.471607205002222862e+00,5.471607205002222862e+00,5.471607205002222862e+00,5.471607205002222862e+00,5.471607205002222862e+00
5.523967082562052155e+00,5.523967082562052155e+00,5.523967082562052155e+00,5.523967082562052155e+00,5.523967082562052155e+00,5.523967082562052155e+00,5.523967082562052155e+00,5.523967082562052155e+00,5.523967082562052155e+00,5.523967082562052155e+00,5.523967082562052155e+00,5.523967082562052155e+00,5.523967082562052155e+00,5.523967082562052155e+00,5.523967082562052155e+00,5.523967082562052155e+00,5.523967082562052155e+00,5.523967082562052155e+00,5.523967082562052155e+00,5.523967082562052155e+00,5.523967082562052155e+00,5.523967082562052155e+00,5.523967082562052155e+00,5.523967082562052155e+00,5.523967082562052155e+00,5.523967082562052155e+00,5.523967082562052155e+00,5.523967082562052155e+00,5.523967082562052155e+00
5.576326960121882337e+00,5.576326960121882337e+00,5.576326960121882337e+00,5.576326960121882337e+00,5.576326960121882337e+00,5.576326960121882337e+00,5.576326960121882337e+00,5.576326960121882337e+00,5.576326960121882337e+00,5.576326960121882337e+00,5.576326960121882337e+00,5.576326960121882337e+00,5.576326960121882337e+00,5.576326960121882337e+00,5.576326960121882337e+00,5.576326960121882337e+00,5.576326960121882337e+00,5.576326960121882337e+00,5.576326960121882337e+00,5.576326960121882337e+00,5.576326960121882337e+00,5.576326960121882337e+00,5.576326960121882337e+00,5.576326960121882337e+00,5.576326960121882337e+00,5.576326960121882337e+00,5.576326960121882337e+00,5.576326960121882337e+00,5.576326960121882337e+00
5.628686837681712518e+00,5.628686837681712518e+00,5.628686837681712518e+00,5.628686837681712518e+00,5.628686837681712518e+00,5.628686837681712518e+00,5.628686837681712518e+00,5.628686837681712518e+00,5.628686837681712518e+00,5.628686837681712518e+00,5.628686837681712518e+00,5.628686837681712518e+00,5.628686837681712518e+00,5.628686837681712518e+00,5.628686837681712518e+00,5.628686837681712518e+00,5.628686837681712518e+00,5.628686837681712518e+00,5.628686837681712518e+00,5.628686837681712518e+00,5.628686837681712518e+00,5.628686837681712518e+00,5.628686837681712518e+00,5.628686837681712518e+00,5.628686837681712518e+00,5.628686837681712518e+00,5.628686837681712518e+00,5.628686837681712518e+00,5.628686837681712518e+00
5.681046715241542699e+00,5.681046715241542699e+00,5.681046715241542699e+00,5.681046715241542699e+00,5.681046715241542699e+00,5.681046715241542699e+00,5.681046715241542699e+00,5.681046715241542699e+00,5.681046715241542699e+00,5.681046715241542699e+00,5.681046715241542699e+00,5.681046715241542699e+00,5.681046715241542699e+00,5.681046715241542699e+00,5.681046715241542699e+00,5.681046715241542699e+00,5.681046715241542699e+00,5.681046715241542699e+00,5.681046715241542699e+00,5.681046715241542699e+00,5.681046715241542699e+00,5.681046715241542699e+00,5.681046715241542699e+00,5.681046715241542699e+00,5.681046715241542699e+00,5.681046715241542699e+00,5.681046715241542699e+00,5.681046715241542699e+00,5.681046715241542699e+00
5.733406592801371993e+00,5.733406592801371993e+00,5.733406592801371993e+00,5.733406592801371993e+00,5.733406592801371993e+00,5.733406592801371993e+00,5.733406592801371993e+00,5.733406592801371993e+00,5.733406592801371993e+00,5.733406592801371993e+00,5.733406592801371993e+00,5.733406592801371993e+00,5.733406592801371993e+00,5.733406592801371993e+00,5.733406592801371993e+00,5.733406592801371993e+00,5.733406592801371993e+00,5.733406592801371993e+00,5.733406592801371993e+00,5.733406592801371993e+00,5.733406592801371993e+00,5.733406592801371993e+00,5.733406592801371993e+00,5.733406592801371993e+00,5.733406592801371993e+00,5.733406592801371993e+00,5.733406592801371993e+00,5.733406592801371993e+00,5.733406592801371993e+00
5.785766470361202174e+00,5.785766470361202174e+00,5.785766470361202174e+00,5.785766470361202174e+00,5.785766470361202174e+00,5.785766470361202174e+00,5.785766470361202174e+00,5.785766470361202174e+00,5.785766470361202174e+00,5.785766470361202174e+00,5.785766470361202174e+00,5.785766470361202174e+00,5.785766470361202174e+00,5.785766470361202174e+00,5.785766470361202174e+00,5.785766470361202174e+00,5.785766470361202174e+00,5.785766470361202174e+00,5.785766470361202174e+00,5.785766470361202174e+00,5.785766470361202174e+00,5.785766470361202174e+00,5.785766470361202174e+00,5.785766470361202174e+00,5.785766470361202174e+00,5.785766470361202174e+00,5.785766470361202174e+00,5.785766470361202174e+00,5.785766470361202174e+00
5.838126347921031467e+00,5.838126347921031467e+00,5.838126347921031467e+00,5.838126347921031467e+00,5.838126347921031467e+00,5.838126347921031467e+00,5.838126347921031467e+00,5.838126347921031467e+00,5.838126347921031467e+00,5.838126347921031467e+00,5.838126347921031467e+00,5.838126347921031467e+00,5.838126347921031467e+00,5.838126347921031467e+00,5.838126347921031467e+00,5.838126347921031467e+00,5.838126347921031467e+00,5.838126347921031467e+00,5.838126347921031467e+00,5.838126347921031467e+00,5.838126347921031467e+00,5.838126347921031467e+00,5.838126347921031467e+00,5.838126347921031467e+00,5.838126347921031467e+00,5.838126347921031467e+00,5.838126347921031467e+00,5.838126347921031467e+00,5.838126347921031467e+00
5.890486225480861648e+00,5.890486225480861648e+00,5.890486225480861648e+00,5.890486225480861648e+00,5.890486225480861648e+00,5.890486225480861648e+00,5.890486225480861648e+00,5.890486225480861648e+00,5.890486225480861648e+00,5.890486225480861648e+00,5.890486225480861648e+00,5.890486225480861648e+00,5.890486225480861648e+00,5.890486225480861648e+00,5.890486225480861648e+00,5.890486225480861648e+00,5.890486225480861648e+00,5.890486225480861648e+00,5.890486225480861648e+00,5.890486225480861648e+00,5.890486225480861648e+00,5.890486225480861648e+00,5.890486225480861648e+00,5.890486225480861648e+00,5.890486225480861648e+00,5.890486225480861648e+00,5.890486225480861648e+00,5.890486225480861648e+00,5.890486225480861648e+00
5.942846103040691830e+00,5.942846103040691830e+00,5.942846103040691830e+00,5.942846103040691830e+00,5.942846103040691830e+00,5.942846103040691830e+00,5.942846103040691830e+00,5.942846103040691830e+00,5.942846103040691830e+00,5.942846103040691830e+00,5.942846103040691830e+00,5.942846103040691830e+00,5.942846103040691830e+00,5.942846103040691830e+00,5.942846103040691830e+00,5.942846103040691830e+00,5.942846103040691830e+00,5.942846103040691830e+00,5.942846103040691830e+00,5.942846103040691830e+00,5.942846103040691830e+00,5.942846103040691830e+00,5.942846103040691830e+00,5.942846103040691830e+00,5.942846103040691830e+00,5.942846103040691830e+00,5.942846103040691830e+00,5.942846103040691830e+00,5.942846103040691830e+00
5.995205980600522011e+00,5.995205980600522011e+00,5.995205980600522011e+00,5.995205980600522011e+00,5.995205980600522011e+00,5.995205980600522011e+00,5.995205980600522011e+00,5.995205980600522011e+00,5.995205980600522011e+00,5.995205980600522011e+00,5.995205980600522011e+00,5.995205980600522011e+00,5.995205980600522011e+00,5.995205980600522011e+00,5.995205980600522011e+00,5.995205980600522011e+00,5.995205980600522011e+00,5.995205980600522011e+00,5.995205980600522011e+00,5.995205980600522011e+00,5.995205980600522011e+00,5.995205980600522011e+00,5.995205980600522011e+00,5.995205980600522011e+00,5.995205980600522011e+00,5.995205980600522011e+00,5.995205980600522011e+00,5.995205980600522011e+00,5.995205980600522011e+00
6.047565858160351304e+00,6.047565858160351304e+00,6.047565858160351304e+00,6.047565858160351304e+00,6.047565858160351304e+00,6.047565858160351304e+00,6.047565858160351304e+00,6.047565858160351304e+00,6.047565858160351304e+00,6.047565858160351304e+00,6.047565858160351304e+00,6.047565858160351304e+00,6.047565858160351304e+00,6.047565858160351304e+00,6.047565858160351304e+00,6.047565858160351304e+00,6.047565858160351304e+00,6.047565858160351304e+00,6.047565858160351304e+00,6.047565858160351304e+00,6.047565858160351304e+00,6.047565858160351304e+00,6.047565858160351304e+00,6.047565858160351304e+00,6.047565858160351304e+00,6.047565858160351304e+00,6.047565858160351304e+00,6.047565858160351304e+00,6.047565858160351304e+00
6.099925735720181486e+00,6.099925735720181486e+00,6.099925735720181486e+00,6.099925735720181486e+00,6.099925735720181486e+00,6.099925735720181486e+00,6.099925735720181486e+00,6.099925735720181486e+00,6.099925735720181486e+00,6.099925735720181486e+00,6.099925735720181486e+00,6.099925735720181486e+00,6.099925735720181486e+00,6.099925735720181486e+00,6.099925735720181486e+00,6.099925735720181486e+00,6.099925735720181486e+00,6.099925735720181486e+00,6.099925735720181486e+00,6.099925735720181486e+00,6.099925735720181486e+00,6.099925735720181486e+00,6.099925735720181486e+00,6.099925735720181486e+00,6.099925735720181486e+00,6.099925735720181486e+00,6.099925735720181486e+00,6.099925735720181486e+00,6.099925735720181486e+00
6.152285613280010779e+00,6.152285613280010779e+00,6.152285613280010779e+00,6.152285613280010779e+00,6.152285613280010779e+00,6.152285613280010779e+00,6.152285613280010779e+00,6.152285613280010779e+00,6.152285613280010779e+00,6.152285613280010779e+00,6.152285613280010779e+00,6.152285613280010779e+00,6.152285613280010779e+00,6.152285613280010779e+00,6.152285613280010779e+00,6.152285613280010779e+00,6.152285613280010779e+00,6.152285613280010779e+00,6.152285613280010779e+00,6.152285613280010779e+00,6.152285613280010779e+00,6.152285613280010779e+00,6.152285613280010779e+00,6.152285613280010779e+00,6.152285613280010779e+00,6.152285613280010779e+00,6.152285613280010779e+00,6.152285613280010779e+00,6.152285613280010779e+00
6.204645490839840960e+00,6.204645490839840960e+00,6.204645490839840960e+00,6.204645490839840960e+00,6.204645490839840960e+00,6.204645490839840960e+00,6.204645490839840960e+00,6.204645490839840960e+00,6.204645490839840960e+00,6.204645490839840960e+00,6.204645490839840960e+00,6.204645490839840960e+00,6.204645490839840960e+00,6.204645490839840960e+00,6.204645490839840960e+00,6.204645490839840960e+00,6.204645490839840960e+00,6.204645490839840960e+00,6.204645490839840960e+00,6.204645490839840960e+00,6.204645490839840960e+00,6.204645490839840960e+00,6.204645490839840960e+00,6.204645490839840960e+00,6.204645490839840960e+00,6.204645490839840960e+00,6.204645490839840960e+00,6.204645490839840960e+00,6.204645490839840960e+00
6.257005368399671141e+00,6.257005368399671141e+00,6.257005368399671141e+00,6.257005368399671141e+00,6.257005368399671141e+00,6.257005368399671141e+00,6.257005368399671141e+00,6.257005368399671141e+00,6.257005368399671141e+00,6.257005368399671141e+00,6.257005368399671141e+00,6.257005368399671141e+00,6.257005368399671141e+00,6.257005368399671141e+00,6.257005368399671141e+00,6.257005368399671141e+00,6.257005368399671141e+00,6.257005368399671141e+00,6.257005368399671141e+00,6.257005368399671141e+00,6.257005368399671141e+00,6.257005368399671141e+00,6.257005368399671141e+00,6.257005368399671141e+00,6.257005368399671141e+00,6.257005368399671141e+00,6.257005368399671141e+00,6.257005368399671141e+00,6.257005368399671141e+00
