# # fluid_velocity[i, j] in m/s: i is index of the azimuthal position on the receiver surface (counter-clockwise from South); and j is index of height on the receiver from bottom to top.
2.536580802251769740e+00,2.536495644615857969e+00,2.536294128220955901e+00,2.535962555661548823e+00,2.535458416912133472e+00,2.534723631339359073e+00,2.533717942151004099e+00,2.532414912597037215e+00,2.530857357806680419e+00,2.529112609775397758e+00,2.527208932674363417e+00,2.525192716173797258e+00,2.523074690759635974e+00,2.520868058541171575e+00,2.518585325197971070e+00,2.516233057020327735e+00,2.513841318638438960e+00,2.511412892249793583e+00,2.508970432436038678e+00,2.506548277717715045e+00,2.504200598243916609e+00,2.501965548531696726e+00,2.499920414345575992e+00,2.498152291151510163e+00,2.496700022685770293e+00,2.495559296775666347e+00,2.494703735294408808e+00,2.494132103953247359e+00,2.493796158068089852e+00
2.538329533096932877e+00,2.538302737949799770e+00,2.538153941111897183e+00,2.537849800392987021e+00,2.537348181325643992e+00,2.536586615213487939e+00,2.535517637127854051e+00,2.534152661158109332e+00,2.532508013237728228e+00,2.530617784268636150e+00,2.528559695567401011e+00,2.526372242528555745e+00,2.524104152815862534e+00,2.521774402975253349e+00,2.519357830539939336e+00,2.516873060761912750e+00,2.514358557671529049e+00,2.511800358159298696e+00,2.509185731552068255e+00,2.506602271923820346e+00,2.504114410779933131e+00,2.501770419509013799e+00,2.499652713811479465e+00,2.497828709401661573e+00,2.496355229777534657e+00,2.495224541363073367e+00,2.494415935465577050e+00,2.493909737650499725e+00,2.493624324207415199e+00
2.539855908235965298e+00,2.539868389951432270e+00,2.539750361080736596e+00,2.539476126025044245e+00,2.538988005229804834e+00,2.538197560759226867e+00,2.537048134645754960e+00,2.535569583801188465e+00,2.533808164365571436e+00,2.531827241314651200e+00,2.529697225144671435e+00,2.527444766500403617e+00,2.525098976438068910e+00,2.522697590937768908e+00,2.520226036190180263e+00,2.517693276830056170e+00,2.515070543886198884e+00,2.512368631878094227e+00,2.509631381372404046e+00,2.506922180424487223e+00,2.504302134044749550e+00,2.501786085105946356e+00,2.499516757121109656e+00,2.497594533563803232e+00,2.496072604274916173e+00,2.494965369090904606e+00,2.494208836428191578e+00,2.493730477735809359e+00,2.493462477093882690e+00
2.541452833538586198e+00,2.541500099984769001e+00,2.541416349365007044e+00,2.541159600786595973e+00,2.540660803811030100e+00,2.539836691621608189e+00,2.538636237222665404e+00,2.537077174096578958e+00,2.535207078159358751e+00,2.533106131125260063e+00,2.530845028803749841e+00,2.528479456658200064e+00,2.526017768680071995e+00,2.523468984941905191e+00,2.520880522777545707e+00,2.518233611836787400e+00,2.515511485248814516e+00,2.512709609326698956e+00,2.509848921520828391e+00,2.507042244546265231e+00,2.504278146176832642e+00,2.501645272205593962e+00,2.499307776886474208e+00,2.497328439091047958e+00,2.495785137314427971e+00,2.494676676274931726e+00,2.493945290747140220e+00,2.493512496257920041e+00,2.493300508474247668e+00
2.542633191017489303e+00,2.542712747525659900e+00,2.542655974512163297e+00,2.542407104571269283e+00,2.541879194323000579e+00,2.541017638038180149e+00,2.539754657688805040e+00,2.538108607025239216e+00,2.536171642818993988e+00,2.533996253494165352e+00,2.531662425597482446e+00,2.529239107646472640e+00,2.526720241963340996e+00,2.524103517937706265e+00,2.521424352405038594e+00,2.518695298571508978e+00,2.515890847707018096e+00,2.512999723803661656e+00,2.510057785932292784e+00,2.507125479455655448e+00,2.504262436809777448e+00,2.501574021552590565e+00,2.499174896443375093e+00,2.497173869128080703e+00,2.495631860483928932e+00,2.494522534802264602e+00,2.493805962460025949e+00,2.493402130826586571e+00,2.493199480709177962e+00
2.543689478866797415e+00,2.543772093116699828e+00,2.543707658866129151e+00,2.543445671913032946e+00,2.542893811813434546e+00,2.541972235598274565e+00,2.540653066508380853e+00,2.538974989690533590e+00,2.536981648991056382e+00,2.534751322574178900e+00,2.532353074024619843e+00,2.529845808958446796e+00,2.527264086067734006e+00,2.524610798941934853e+00,2.521892421608703305e+00,2.519068457040646969e+00,2.516178903115668941e+00,2.513237684176597320e+00,2.510239881350488034e+00,2.507256921284478857e+00,2.504326154019566264e+00,2.501567346263410041e+00,2.499125224459599171e+00,2.497082092800551933e+00,2.495508209884302886e+00,2.494400575485484772e+00,2.493687990398262500e+00,2.493285238360376077e+00,2.493098601217156762e+00
2.544497037106514981e+00,2.544574622485535453e+00,2.544504547705140673e+00,2.544229879361429969e+00,2.543668710572406511e+00,2.542742234344029573e+00,2.541403380010271107e+00,2.539632492164507482e+00,2.537546620945092535e+00,2.535236624896477942e+00,2.532750014808898609e+00,2.530192379525254776e+00,2.527587154256655921e+00,2.524911617770115413e+00,2.522154074785698974e+00,2.519333051947963753e+00,2.516429727151747286e+00,2.513437687294702183e+00,2.510390457010721832e+00,2.507341670303584902e+00,2.504374931098862334e+00,2.501584440448912705e+00,2.499083270328578799e+00,2.497008226582535073e+00,2.495416796356228151e+00,2.494298537003948546e+00,2.493599260861753208e+00,2.493213925637881356e+00,2.493035367822813875e+00
2.544907758361474315e+00,2.544985055119910022e+00,2.544904673755363333e+00,2.544603267908229327e+00,2.543993195307493682e+00,2.542996710571072683e+00,2.541605047316993549e+00,2.539845824318520684e+00,2.537760520400635045e+00,2.535443664049687573e+00,2.532989053114368616e+00,2.530445713085807569e+00,2.527797347224924884e+00,2.525050577001773711e+00,2.522237988290448651e+00,2.519357514254953578e+00,2.516426979498451288e+00,2.513444430772207472e+00,2.510391366891148834e+00,2.507324703575869229e+00,2.504350198101009894e+00,2.501545999250538443e+00,2.499035822784323901e+00,2.496953645937323607e+00,2.495353364421924347e+00,2.494239720359626489e+00,2.493540597882432319e+00,2.493155858000998926e+00,2.492995296523929483e+00
2.545384097084349762e+00,2.545438247604180582e+00,2.545333830951741483e+00,2.545001552287339486e+00,2.544352151596777745e+00,2.543307768749435205e+00,2.541848066480189239e+00,2.540016941415244034e+00,2.537892659899247949e+00,2.535556177680717393e+00,2.533070606315956930e+00,2.530509646773002608e+00,2.527866377191573921e+00,2.525132683677580481e+00,2.522289935394418592e+00,2.519362175315503549e+00,2.516436897512084769e+00,2.513473025435249752e+00,2.510445859401968072e+00,2.507399986480077558e+00,2.504397889517340214e+00,2.501585578914212071e+00,2.499090350647474423e+00,2.496991483924082544e+00,2.495377229322238932e+00,2.494249212808795857e+00,2.493538961111537944e+00,2.493150649396682628e+00,2.492977481718985810e+00
2.545333666488547752e+00,2.545361483579057449e+00,2.545223335604990034e+00,2.544837410070546202e+00,2.544120669205629959e+00,2.543028338804834476e+00,2.541557220977508358e+00,2.539729618791917609e+00,2.537622765472709929e+00,2.535316409622145883e+00,2.532851613437927085e+00,2.530285832241006894e+00,2.527656741265755791e+00,2.524951179550213975e+00,2.522149166324548553e+00,2.519267839330453285e+00,2.516338760470901548e+00,2.513353638711056437e+00,2.510288638360034241e+00,2.507226156007262396e+00,2.504255423323798802e+00,2.501475967330328842e+00,2.499023661132004914e+00,2.496962347552792671e+00,2.495373488047947674e+00,2.494264490298689907e+00,2.493560714076044960e+00,2.493169693731979830e+00,2.492998240904345408e+00
2.164895407486818080e+00,2.164874207765347336e+00,2.164667062104307593e+00,2.164185742830132320e+00,2.163354039937869011e+00,2.162111262582103510e+00,2.160484721416682685e+00,2.158523648654379734e+00,2.156269866553058634e+00,2.153825910612144234e+00,2.151253877703709794e+00,2.148554155784556219e+00,2.145762606284344010e+00,2.142893424646181266e+00,2.139942323458873474e+00,2.136921741000292307e+00,2.133834702800952776e+00,2.130737038703458985e+00,2.127598127177939169e+00,2.124409763620963343e+00,2.121299826592607296e+00,2.118345970606385631e+00,2.115682603909209369e+00,2.113460836056463510e+00,2.111705540768725520e+00,2.110406959731160548e+00,2.109551820109537346e+00,2.109067458218334856e+00,2.108821775116360264e+00
2.166330728923107074e+00,2.166294207986965148e+00,2.166061793596547602e+00,2.165565890290856110e+00,2.164733480425085510e+00,2.163490398004834780e+00,2.161835421465390539e+00,2.159823677812567233e+00,2.157487192675437981e+00,2.154938399270642790e+00,2.152285207412398815e+00,2.149538917177536312e+00,2.146691867466768322e+00,2.143782799345839152e+00,2.140787282734764041e+00,2.137712518168268794e+00,2.134624818002445856e+00,2.131474466465116180e+00,2.128272753341774681e+00,2.125075428135895006e+00,2.121909704826189902e+00,2.118899663936900879e+00,2.116178607775706322e+00,2.113845124227738292e+00,2.111969658290343776e+00,2.110574519578571007e+00,2.109640936987650761e+00,2.109062468054878181e+00,2.108741481595294065e+00
2.167517325493323099e+00,2.167467043613593436e+00,2.167209254039412336e+00,2.166675665700313225e+00,2.165767817218012148e+00,2.164440825800726387e+00,2.162713588335734904e+00,2.160657256637930512e+00,2.158310483511211686e+00,2.155733547790298132e+00,2.153018047427272208e+00,2.150195518807191952e+00,2.147282563044758952e+00,2.144294354783842671e+00,2.141225577772205568e+00,2.138098769372624552e+00,2.134960792829113885e+00,2.131773334945068932e+00,2.128547283105018728e+00,2.125336629308224534e+00,2.122172464692733129e+00,2.119139802807273654e+00,2.116365052276311332e+00,2.113995202958911079e+00,2.112096513033289824e+00,2.110653387788008040e+00,2.109653559988655225e+00,2.109040360211734466e+00,2.108695062708020096e+00
2.168623927426941655e+00,2.168563681016104638e+00,2.168273335396640356e+00,2.167697927188148022e+00,2.166752601365145914e+00,2.165386265729177584e+00,2.163594293596642348e+00,2.161426507341460024e+00,2.158979101843708115e+00,2.156343448356476955e+00,2.153569771937269728e+00,2.150694058053730373e+00,2.147767578342074213e+00,2.144777242971904752e+00,2.141713490194130376e+00,2.138601872789362091e+00,2.135445362989790041e+00,2.132251178798628022e+00,2.129025489689401418e+00,2.125795590425860304e+00,2.122608069036484579e+00,2.119546772142529623e+00,2.116723370438087226e+00,2.114278198430134648e+00,2.112286375618319667e+00,2.110756364674110763e+00,2.109692535496965782e+00,2.109030359104144381e+00,2.108645448112744347e+00
2.169255095475212336e+00,2.169191085163296062e+00,2.168876520822804466e+00,2.168268293666740565e+00,2.167300540436175815e+00,2.165924864533967487e+00,2.164122444361657571e+00,2.161930427607699379e+00,2.159442719098200847e+00,2.156766735401962620e+00,2.153946871715243461e+00,2.151034090312450964e+00,2.148051746474143542e+00,2.144992551639702150e+00,2.141900807803378992e+00,2.138772036316200165e+00,2.135590420808508583e+00,2.132383293945374625e+00,2.129181139927760924e+00,2.125971124975818860e+00,2.122769327529288041e+00,2.119712774465364546e+00,2.116889915525928423e+00,2.114393100673947146e+00,2.112366541128539943e+00,2.110819314277255998e+00,2.109715038375735041e+00,2.109012120337897755e+00,2.108609433420710388e+00
2.170151009972636658e+00,2.170085445094602328e+00,2.169759817161817317e+00,2.169126687612017435e+00,2.168101085956504193e+00,2.166629458144486264e+00,2.164725579935278699e+00,2.162459922103474153e+00,2.159908608732943769e+00,2.157168697061893070e+00,2.154310092629449613e+00,2.151352504839255442e+00,2.148325819266684533e+00,2.145279454876364511e+00,2.142198464043983286e+00,2.139055141044966746e+00,2.135849550779611583e+00,2.132606480836690466e+00,2.129378405851480416e+00,2.126163186922237713e+00,2.122980765225586097e+00,2.119893469854180701e+00,2.117033715722878906e+00,2.114521937244879801e+00,2.112444036515893409e+00,2.110852253690063129e+00,2.109736657231946921e+00,2.109021741938657435e+00,2.108586630219652314e+00
2.170624461736978539e+00,2.170541558479673228e+00,2.170212013901020587e+00,2.169560330952297278e+00,2.168497207640503355e+00,2.167002360707344977e+00,2.165059509449294151e+00,2.162726424100403833e+00,2.160127451689354050e+00,2.157311906736153695e+00,2.154362168785098675e+00,2.151339782616274121e+00,2.148260201878047226e+00,2.145120568649642401e+00,2.141965269744177114e+00,2.138794794161722912e+00,2.135579828606311015e+00,2.132378725000783959e+00,2.129144224629542670e+00,2.125897545026948166e+00,2.122726384180138925e+00,2.119689519367963904e+00,2.116880130412864158e+00,2.114399220819133340e+00,2.112370944574564646e+00,2.110826854994187762e+00,2.109717303729400584e+00,2.109003354743756997e+00,2.108579594123435541e+00
2.170910108306052244e+00,2.170806117977468475e+00,2.170458102131555211e+00,2.169787647479319403e+00,2.168689425461609144e+00,2.167136458290334744e+00,2.165138291402655568e+00,2.162749916538913908e+00,2.160069981893202318e+00,2.157186021153311373e+00,2.154174943810887477e+00,2.151081264793729630e+00,2.147965747707427653e+00,2.144844132604902587e+00,2.141705359067614722e+00,2.138522962602326771e+00,2.135321989539110454e+00,2.132129799432173289e+00,2.128931421763313736e+00,2.125719393182916583e+00,2.122530848859086383e+00,2.119506863666523078e+00,2.116724295168103342e+00,2.114279666076121167e+00,2.112282837914452926e+00,2.110755897337905029e+00,2.109686640821676562e+00,2.108998312811784626e+00,2.108583718400032225e+00
2.170844301164911450e+00,2.170717361855770910e+00,2.170348974344565640e+00,2.169639813705639853e+00,2.168504986180575855e+00,2.166880302870198172e+00,2.164802737906499353e+00,2.162360814236511608e+00,2.159581858526418152e+00,2.156614306899675260e+00,2.153579270950711333e+00,2.150481723489151342e+00,2.147360463265395758e+00,2.144231972427759647e+00,2.141096471634674536e+00,2.137940201923063999e+00,2.134800216994459987e+00,2.131656939961123598e+00,2.128453880672870113e+00,2.125283512165894617e+00,2.122189465547926090e+00,2.119217188378258676e+00,2.116488158790081009e+00,2.114098933673720815e+00,2.112139151778572810e+00,2.110662434004956456e+00,2.109639311164743791e+00,2.108984107176155920e+00,2.108604709465503824e+00
2.170946228939462763e+00,2.170799822335550022e+00,2.170403101156259229e+00,2.169655288452629449e+00,2.168486325017693339e+00,2.166820268341021372e+00,2.164665577405621377e+00,2.162133657414753607e+00,2.159314675152945284e+00,2.156307294426295762e+00,2.153193032537369156e+00,2.150030900890330443e+00,2.146864955047645296e+00,2.143707994942586126e+00,2.140544034191541378e+00,2.137369584659380983e+00,2.134214261297008530e+00,2.131066796152111031e+00,2.127916466723608124e+00,2.124766570801722487e+00,2.121686640635211951e+00,2.118769577246231606e+00,2.116086231212044755e+00,2.113770829794819672e+00,2.111918919546244666e+00,2.110526050708603663e+00,2.109565834094244252e+00,2.108971934175239760e+00,2.108630061932173838e+00
2.770534007704037016e+00,2.770817571353743070e+00,2.771354366046019368e+00,2.772231251346648051e+00,2.773531979820466731e+00,2.775315501423396558e+00,2.777620585880406612e+00,2.780366153258555073e+00,2.783399714042461781e+00,2.786604561962801263e+00,2.789930293325197042e+00,2.793330247768887276e+00,2.796703950299407992e+00,2.800027137606439620e+00,2.803333015737230483e+00,2.806664254114943802e+00,2.810025334317280077e+00,2.813382514051889771e+00,2.816742713377938578e+00,2.820066831309778976e+00,2.823276597401411792e+00,2.826351287138632706e+00,2.829180969285097547e+00,2.831607128667069873e+00,2.833579287763004828e+00,2.835050484583631736e+00,2.836051007852444350e+00,2.836689945060639317e+00,2.837065880004314700e+00
2.770384687876592089e+00,2.770661186961375311e+00,2.771195579477067295e+00,2.772077206638036362e+00,2.773426354069557398e+00,2.775307108279387869e+00,2.777707632625064704e+00,2.780555595718074535e+00,2.783743816119723657e+00,2.787145825879785654e+00,2.790638782635623372e+00,2.794133665435527547e+00,2.797604463624683291e+00,2.801062150924551908e+00,2.804487411155914600e+00,2.807902003605951879e+00,2.811297562609948564e+00,2.814701603420504128e+00,2.818099529816909143e+00,2.821438901003084254e+00,2.824686883272623739e+00,2.827770797318855500e+00,2.830588917515908687e+00,2.833016499028346402e+00,2.834987424699073166e+00,2.836467997203244273e+00,2.837482885760235440e+00,2.838129668774361569e+00,2.838508310841570736e+00
2.770264753993075590e+00,2.770549227890501953e+00,2.771106983991916906e+00,2.772027096269912505e+00,2.773425706028155080e+00,2.775376784993095036e+00,2.777870971066633388e+00,2.780851780539914664e+00,2.784171816678076894e+00,2.787681501092589276e+00,2.791287825297071645e+00,2.794901733747407135e+00,2.798468306998503685e+00,2.801986424148525501e+00,2.805484987975291666e+00,2.808938932371023878e+00,2.812350715930551637e+00,2.815736577998906753e+00,2.819115469025172516e+00,2.822455147301340617e+00,2.825683788962653153e+00,2.828754735664629649e+00,2.831566458690494059e+00,2.833999716463535545e+00,2.835956004305741018e+00,2.837431406596432115e+00,2.838464630605910699e+00,2.839117424965738934e+00,2.839498443467521227e+00
2.770179325744745569e+00,2.770456587927654368e+00,2.771019119200376135e+00,2.771946953099281963e+00,2.773345854604826854e+00,2.775310633192099807e+00,2.777863107586399316e+00,2.780907035945497263e+00,2.784303029288476061e+00,2.787917973354179679e+00,2.791642244537317019e+00,2.795383682580804940e+00,2.799059828285549667e+00,2.802637770142391460e+00,2.806151674169913512e+00,2.809621363434558372e+00,2.813054117552951983e+00,2.816489554673255569e+00,2.819897547561197371e+00,2.823208517712632926e+00,2.826449624002928207e+00,2.829536170344072232e+00,2.832311783540042427e+00,2.834684348014038235e+00,2.836618180179935500e+00,2.838094130502801349e+00,2.839110803731716093e+00,2.839768461797079091e+00,2.840154487083749846e+00
2.770103719456068259e+00,2.770389845859437372e+00,2.770978396465422655e+00,2.771930828220448007e+00,2.773364881963372497e+00,2.775374985823489737e+00,2.777986985016491328e+00,2.781101115805554524e+00,2.784593518553874603e+00,2.788301182256309296e+00,2.792089957115051035e+00,2.795872378712870976e+00,2.799576061520301806e+00,2.803199175268205501e+00,2.806731893937771005e+00,2.810227484928725872e+00,2.813676616109589190e+00,2.817093496504185168e+00,2.820511859513255004e+00,2.823857879366562074e+00,2.827082290667407793e+00,2.830142888596101081e+00,2.832921520778815427e+00,2.835303436074110284e+00,2.837249248001822099e+00,2.838717035895272911e+00,2.839730181934261743e+00,2.840384326633873080e+00,2.840768196774985377e+00
2.770068747573949608e+00,2.770363879688670483e+00,2.770955954576309388e+00,2.771928347222307742e+00,2.773379806389731250e+00,2.775431578791251575e+00,2.778082767720833957e+00,2.781221427154575210e+00,2.784746561331869152e+00,2.788492661521076776e+00,2.792305010174993996e+00,2.796099090838892742e+00,2.799834515988475658e+00,2.803477636142158502e+00,2.807016022347559314e+00,2.810502863360615056e+00,2.813988027416952420e+00,2.817444691317823935e+00,2.820841999676789058e+00,2.824195359760763857e+00,2.827468168292218031e+00,2.830538717036211516e+00,2.833316446269213529e+00,2.835710791113919882e+00,2.837645120661118625e+00,2.839128326779605693e+00,2.840163493722620558e+00,2.840810773131091871e+00,2.841196579590707039e+00
2.770075634477401127e+00,2.770383555395698139e+00,2.770975159108692409e+00,2.771931616786593722e+00,2.773399509931672391e+00,2.775452502104422514e+00,2.778090595469054680e+00,2.781237138757274963e+00,2.784760325233623934e+00,2.788485291473016936e+00,2.792272289016582310e+00,2.796052399347251693e+00,2.799794267463164843e+00,2.803426482978122358e+00,2.806989756887874332e+00,2.810534061109400739e+00,2.814028892470273213e+00,2.817481777426941392e+00,2.820872475581112759e+00,2.824209430500804530e+00,2.827448942459095171e+00,2.830544450353134511e+00,2.833365813134221423e+00,2.835772093972479535e+00,2.837699727621346035e+00,2.839143820553621467e+00,2.840141615855846347e+00,2.840773017296935876e+00,2.841152145513207827e+00
2.770091548817288363e+00,2.770422151075939254e+00,2.771024013674108666e+00,2.772019132585645806e+00,2.773513449293704802e+00,2.775568167367195915e+00,2.778211852411579308e+00,2.781371052335379623e+00,2.784876528418410047e+00,2.788577275085684093e+00,2.792381455562807702e+00,2.796178367451199076e+00,2.799895813168743697e+00,2.803526123554538341e+00,2.807046734403914279e+00,2.810508791477464463e+00,2.813958541550364068e+00,2.817379162563479866e+00,2.820782347387646993e+00,2.824163009398200863e+00,2.827447565201153701e+00,2.830528826604238546e+00,2.833318310196181855e+00,2.835732347342171167e+00,2.837682044748111920e+00,2.839136265102547796e+00,2.840143755057661146e+00,2.840784545676291017e+00,2.841141816105110518e+00
2.770096553141215612e+00,2.770444638860896980e+00,2.771078882198788396e+00,2.772080762908938567e+00,2.773583392445331697e+00,2.775661822961692948e+00,2.778302999029416576e+00,2.781455590546008771e+00,2.784955127077377135e+00,2.788632935178922967e+00,2.792392197319361280e+00,2.796144058894201478e+00,2.799810858014597947e+00,2.803372829812469824e+00,2.806890511530212962e+00,2.810397839349582316e+00,2.813869985086646430e+00,2.817327163761298436e+00,2.820765692365835964e+00,2.824146045640758551e+00,2.827411484617376125e+00,2.830485823432305814e+00,2.833299259411099946e+00,2.835731316441329142e+00,2.837673061920729545e+00,2.839124115147466654e+00,2.840137993807672956e+00,2.840773991759394157e+00,2.841130977239719080e+00
2.770162560125311479e+00,2.770530773313784501e+00,2.771182527229279380e+00,2.772221481166059931e+00,2.773748063631554572e+00,2.775834996284136658e+00,2.778481732978170804e+00,2.781575128535926034e+00,2.784992670652345126e+00,2.788615442972293579e+00,2.792290334369404547e+00,2.795934083622020339e+00,2.799518613268464406e+00,2.803037418703169692e+00,2.806485546542221599e+00,2.809884890111944422e+00,2.813304018543989038e+00,2.816744732900409609e+00,2.820136227193284384e+00,2.823477353685862390e+00,2.826763105920877983e+00,2.829884606411413372e+00,2.832724651497156909e+00,2.835153791297999604e+00,2.837092073428140182e+00,2.838537522598519658e+00,2.839526772000582788e+00,2.840148439579182948e+00,2.840501483544698669e+00
2.768262407732762220e+00,2.767811331546036868e+00,2.767069806991415248e+00,2.765933221412672616e+00,2.764296439904071256e+00,2.762072971322528048e+00,2.759285452352873591e+00,2.756062652660010492e+00,2.752503454557835738e+00,2.748784904302127963e+00,2.745044074639684251e+00,2.741343976174204222e+00,2.737731186505213188e+00,2.734211836993447609e+00,2.730777768738286149e+00,2.727372302894936595e+00,2.723956595520739654e+00,2.720545406529643273e+00,2.717163162392434828e+00,2.713826524635305049e+00,2.710588775141607787e+00,2.707514897110015362e+00,2.704705950297896067e+00,2.702252974024102805e+00,2.700247507643243061e+00,2.698710429005366507e+00,2.697601946749526469e+00,2.696859511631079620e+00,2.696371635539295930e+00
2.769354588859359367e+00,2.768924838824901258e+00,2.768193635933275498e+00,2.767037003463526990e+00,2.765355911021258883e+00,2.763122648133589099e+00,2.760315197533675047e+00,2.757012362546152673e+00,2.753404041752432363e+00,2.749662544306122669e+00,2.745900374454334436e+00,2.742172392909101308e+00,2.738509913097164628e+00,2.734921734779685920e+00,2.731397599553755384e+00,2.727932801747848579e+00,2.724536492480077676e+00,2.721145503456647852e+00,2.717734204840252410e+00,2.714340143815172191e+00,2.711024691332375447e+00,2.707887104041932780e+00,2.705022569766273755e+00,2.702524404933186020e+00,2.700451068231163987e+00,2.698835227121275437e+00,2.697664831874178049e+00,2.696862887624746463e+00,2.696340904866151522e+00
2.769873156178053186e+00,2.769430438434969943e+00,2.768669441682607424e+00,2.767500607261512258e+00,2.765785835634261502e+00,2.763508488375481242e+00,2.760694428372206577e+00,2.757435366443020008e+00,2.753881490130735799e+00,2.750165405917377015e+00,2.746361442643737938e+00,2.742584422962139001e+00,2.738920656149074428e+00,2.735355639371003456e+00,2.731843556068255907e+00,2.728370824623241653e+00,2.724952860532847687e+00,2.721552218999471418e+00,2.718139216937341729e+00,2.714732702776365691e+00,2.711431176150816746e+00,2.708272594210241024e+00,2.705345062778197196e+00,2.702770146647249572e+00,2.700614152690066661e+00,2.698930563449939868e+00,2.697717675119073899e+00,2.696891649594348017e+00,2.696337880927216268e+00
2.770608713567695780e+00,2.770155757731408208e+00,2.769367638099032192e+00,2.768154251123124521e+00,2.766393472395920483e+00,2.764051014518208227e+00,2.761165249119673426e+00,2.757834490531688942e+00,2.754205324495861529e+00,2.750431271953824641e+00,2.746652444076628452e+00,2.742925404588175908e+00,2.739266709981637682e+00,2.735695425762736388e+00,2.732169237827116959e+00,2.728688395223009433e+00,2.725266947732510658e+00,2.721865248631742062e+00,2.718477862829874692e+00,2.715123394605725160e+00,2.711786855362460003e+00,2.708546473576399105e+00,2.705583015346581632e+00,2.702973800030850082e+00,2.700767883059332686e+00,2.699047000979629907e+00,2.697792689278232459e+00,2.696918367399234739e+00,2.696332660340144294e+00
2.770737411766420522e+00,2.770274602246735718e+00,2.769447481386102972e+00,2.768193993917159368e+00,2.766390895929468297e+00,2.764003624793167191e+00,2.761099012196627456e+00,2.757767285980067484e+00,2.754165413602989609e+00,2.750432851749140539e+00,2.746674815303301820e+00,2.742972001890525036e+00,2.739347067134356273e+00,2.735798537745743886e+00,2.732320358851148878e+00,2.728882653379744561e+00,2.725463831806974824e+00,2.722049464095300131e+00,2.718633207492907822e+00,2.715256823648545925e+00,2.711935829942537346e+00,2.708707099247113614e+00,2.705724642946655933e+00,2.703103326767964720e+00,2.700894728552001745e+00,2.699142122974493851e+00,2.697841445320248610e+00,2.696939161383668182e+00,2.696336355800158735e+00
2.770855123069218440e+00,2.770349221171884757e+00,2.769469024595304418e+00,2.768152919444177407e+00,2.766304357622876964e+00,2.763896204168879933e+00,2.760954815389310646e+00,2.757575537582365399e+00,2.753948073144589337e+00,2.750192612290586425e+00,2.746413063569761004e+00,2.742720100398113203e+00,2.739146176107788211e+00,2.735666981823022148e+00,2.732240790955135168e+00,2.728864445669584082e+00,2.725514029087032331e+00,2.722136983347724026e+00,2.718752707070297703e+00,2.715386253929147120e+00,2.712081148339933634e+00,2.708881354812242570e+00,2.705885389392130858e+00,2.703226853397254104e+00,2.700993441028619380e+00,2.699229070888083726e+00,2.697909229714198887e+00,2.696975881694241295e+00,2.696343984413627659e+00
2.770782788555892662e+00,2.770233828033253243e+00,2.769296600961005161e+00,2.767897297160931469e+00,2.765946435299770023e+00,2.763444694324492801e+00,2.760450680895702558e+00,2.757076346804633982e+00,2.753492452641541632e+00,2.749847043201508079e+00,2.746194895917903001e+00,2.742584819789029460e+00,2.739059246671846193e+00,2.735598726615333653e+00,2.732178164819174526e+00,2.728823846093036298e+00,2.725493160840843032e+00,2.722171908790366857e+00,2.718853644269965564e+00,2.715510579007762715e+00,2.712214181255966583e+00,2.709008243061747478e+00,2.706014506169267531e+00,2.703377720582296639e+00,2.701139529600651290e+00,2.699347214726964594e+00,2.697991986476869553e+00,2.697013094757573004e+00,2.696355977261029935e+00
2.770312891276181411e+00,2.769695786629784884e+00,2.768676901883343255e+00,2.767192413283016350e+00,2.765193896656580108e+00,2.762665003830057309e+00,2.759663452385058058e+00,2.756320350349510839e+00,2.752793110348386030e+00,2.749179086066066535e+00,2.745549798249654838e+00,2.741967441365328106e+00,2.738478130067342420e+00,2.735085004513937434e+00,2.731723628509577395e+00,2.728405985638496567e+00,2.725125221239590889e+00,2.721846888842868850e+00,2.718575847398938095e+00,2.715310994550079737e+00,2.712075970650507983e+00,2.708937362915427194e+00,2.706032539591387120e+00,2.703433745993975013e+00,2.701197664678182786e+00,2.699394809781883620e+00,2.698017036888320952e+00,2.697041557698257819e+00,2.696386352827352617e+00
2.769777836449457631e+00,2.769063536759737154e+00,2.767939010236248443e+00,2.766331364447420782e+00,2.764231996531746560e+00,2.761629389244672161e+00,2.758596448027075709e+00,2.755281350115333261e+00,2.751795106741551145e+00,2.748258178290111875e+00,2.744730379316177249e+00,2.741237023349986757e+00,2.737820261647038400e+00,2.734490265527470321e+00,2.731193324537811939e+00,2.727928952880438906e+00,2.724715356571500102e+00,2.721508140937643816e+00,2.718286139763419484e+00,2.715089708208951791e+00,2.711941249083344552e+00,2.708892893151525261e+00,2.706050527680418760e+00,2.703478000463653164e+00,2.701247185447804622e+00,2.699443730313147771e+00,2.698078024267793751e+00,2.697104017504196705e+00,2.696431238848293610e+00
2.768557724914492368e+00,2.767739699369484718e+00,2.766521484557095345e+00,2.764835284314138608e+00,2.762655546463237854e+00,2.760005040973058321e+00,2.756981461085560525e+00,2.753728155922789966e+00,2.750349935232342169e+00,2.746945663452318165e+00,2.743562657042458497e+00,2.740221965908560264e+00,2.736932868277815345e+00,2.733670735698614074e+00,2.730444390035019708e+00,2.727294012479831498e+00,2.724195229536710450e+00,2.721084919320185591e+00,2.717971741317142254e+00,2.714875499653553348e+00,2.711815940311701922e+00,2.708849605032821906e+00,2.706040642976968336e+00,2.703481463079003611e+00,2.701288610229090725e+00,2.699512961351024920e+00,2.698140618087441212e+00,2.697157379047235626e+00,2.696480122265940693e+00
2.862516639872766611e+00,2.863502496606205039e+00,2.864962200657185321e+00,2.866909318339523338e+00,2.869345984205555755e+00,2.872226096096015979e+00,2.875415773252335327e+00,2.878853451605919211e+00,2.882418150680583047e+00,2.886020496715890005e+00,2.889625811621457707e+00,2.893182428355943969e+00,2.896721742924672327e+00,2.900230022532705565e+00,2.903671635104227988e+00,2.907096317141092179e+00,2.910535174910749756e+00,2.913916632930376949e+00,2.917259800562462146e+00,2.920634420835126477e+00,2.923970437082731966e+00,2.927216023029814096e+00,2.930299780398662346e+00,2.933116594787712916e+00,2.935589152721816308e+00,2.937636215517614335e+00,2.939229606237556691e+00,2.940377765938389398e+00,2.941134174339458340e+00
2.862494237575285982e+00,2.863495725871613828e+00,2.865000040673784554e+00,2.867011900592312479e+00,2.869507991808458502e+00,2.872447213404571986e+00,2.875700894203404800e+00,2.879160285659594809e+00,2.882721579069361884e+00,2.886322720935983632e+00,2.889945164977747449e+00,2.893525034496404746e+00,2.897059268574770030e+00,2.900533690637187689e+00,2.903942387903436284e+00,2.907301881056801207e+00,2.910631267842894498e+00,2.913968853536711645e+00,2.917273004529883362e+00,2.920547703129913408e+00,2.923834759554080343e+00,2.927060958535148139e+00,2.930136842390078211e+00,2.932968397523127102e+00,2.935462153893390713e+00,2.937569429381642561e+00,2.939251335976000412e+00,2.940477207077977884e+00,2.941315822492478915e+00
2.862469555438099000e+00,2.863496601971096567e+00,2.865064466508732366e+00,2.867142737696953603e+00,2.869718541597698014e+00,2.872715167624528831e+00,2.876016015243608503e+00,2.879492024911906256e+00,2.883061462302587863e+00,2.886683782632111672e+00,2.890258057643407597e+00,2.893787754811747881e+00,2.897309930215199891e+00,2.900770561607892262e+00,2.904166681617081913e+00,2.907526733857568324e+00,2.910852301555896471e+00,2.914138458899446782e+00,2.917403181771786258e+00,2.920621636985178959e+00,2.923809654862140839e+00,2.926961799772783923e+00,2.929959979121176339e+00,2.932740427847883247e+00,2.935254904419788424e+00,2.937422389570936154e+00,2.939182626951987842e+00,2.940497868526797731e+00,2.941403240654095974e+00
2.862457518785441746e+00,2.863466658788712316e+00,2.865067508351925696e+00,2.867183142150109276e+00,2.869777902780741741e+00,2.872806148314435148e+00,2.876122968357097243e+00,2.879594922945831303e+00,2.883141663380601294e+00,2.886746911213719180e+00,2.890319020026684171e+00,2.893831422409187226e+00,2.897312766574856369e+00,2.900748584646702710e+00,2.904143247594606514e+00,2.907509979630985342e+00,2.910848217180336928e+00,2.914141673167817359e+00,2.917387541354497849e+00,2.920582163729725345e+00,2.923742122429943358e+00,2.926846834707546474e+00,2.929828709161068190e+00,2.932634595753479623e+00,2.935180072305808352e+00,2.937380117465279383e+00,2.939171001175312714e+00,2.940526903677962878e+00,2.941482976180385123e+00
2.862450562982938873e+00,2.863448386487432717e+00,2.865053344362676668e+00,2.867183875716301955e+00,2.869802005574246806e+00,2.872844348947830362e+00,2.876164254783298180e+00,2.879635884841674098e+00,2.883196179406441573e+00,2.886789678592601938e+00,2.890349931712388187e+00,2.893870963597244383e+00,2.897336343816378168e+00,2.900745036368581609e+00,2.904114283632226456e+00,2.907411695623818737e+00,2.910676712596387272e+00,2.913931707864545473e+00,2.917152307000571376e+00,2.920334976923311565e+00,2.923462463202517903e+00,2.926531339681384569e+00,2.929507408008307223e+00,2.932305716742452439e+00,2.934848242863551615e+00,2.937041997215042777e+00,2.938833799427364113e+00,2.940210874191058643e+00,2.941185598179159477e+00
2.862473003862516130e+00,2.863476213458889141e+00,2.865040940029286887e+00,2.867140895847683169e+00,2.869767031552617809e+00,2.872805835713637901e+00,2.876122671470310532e+00,2.879577901315894639e+00,2.883117015348500622e+00,2.886658959009858805e+00,2.890186095520733467e+00,2.893694477401189236e+00,2.897136623305553993e+00,2.900569203470747759e+00,2.903976221933699531e+00,2.907299935986086048e+00,2.910604727049786788e+00,2.913856352942666206e+00,2.917041089215016925e+00,2.920218872012190658e+00,2.923349427720573601e+00,2.926388250179396078e+00,2.929320912986849379e+00,2.932100024160623875e+00,2.934619899711250923e+00,2.936817303189341644e+00,2.938612390682454834e+00,2.939975615119797325e+00,2.940945770731625775e+00
2.862509444521499802e+00,2.863492778038494890e+00,2.865022238279899547e+00,2.867087940578280758e+00,2.869652984407127239e+00,2.872642791798483586e+00,2.875961873201165808e+00,2.879430388621237569e+00,2.882949008782715428e+00,2.886478835430836831e+00,2.889989902414099809e+00,2.893466557621312774e+00,2.896910812289454462e+00,2.900325076741673502e+00,2.903687042394225593e+00,2.906998111516919003e+00,2.910267647311302053e+00,2.913476261649989407e+00,2.916671500233330772e+00,2.919854093925652094e+00,2.922988500347217578e+00,2.926056324277578558e+00,2.928988327406323755e+00,2.931764050264136223e+00,2.934290178258573967e+00,2.936451813178935666e+00,2.938204209834499814e+00,2.939541159542758741e+00,2.940507978910129161e+00
2.862561507889463286e+00,2.863504512575372196e+00,2.864981595424718641e+00,2.866984588540764101e+00,2.869497674726711800e+00,2.872452890985085716e+00,2.875697829447085407e+00,2.879115777803532339e+00,2.882633714452710549e+00,2.886183406693365594e+00,2.889682038683083487e+00,2.893148431836177537e+00,2.896567842453451114e+00,2.899925365634090646e+00,2.903267365266716471e+00,2.906552898660169859e+00,2.909806413968883732e+00,2.913053782313897777e+00,2.916286609162677124e+00,2.919497795597895351e+00,2.922653246730015475e+00,2.925729279773008784e+00,2.928668654445785613e+00,2.931376288193510149e+00,2.933794103967395372e+00,2.935879570903189073e+00,2.937574185776206548e+00,2.938858546696961671e+00,2.939763443532132925e+00
2.862630336623416927e+00,2.863547316815131527e+00,2.864940174845037824e+00,2.866850233510214618e+00,2.869287301879287266e+00,2.872136891889573107e+00,2.875280389663398939e+00,2.878634541013532555e+00,2.882092839195690370e+00,2.885580996041802404e+00,2.889066428285946841e+00,2.892521821100541679e+00,2.895942790093026353e+00,2.899319956075140148e+00,2.902655550967748965e+00,2.905959631306062274e+00,2.909205988911426566e+00,2.912438290435001242e+00,2.915669594771517215e+00,2.918873039399744407e+00,2.922058091116778389e+00,2.925183307187777082e+00,2.928180600741482120e+00,2.930924554116047354e+00,2.933333785146126083e+00,2.935365736411410076e+00,2.936968886235610920e+00,2.938159884116024134e+00,2.938973602347139114e+00
2.862681412482268595e+00,2.863557011525611706e+00,2.864871924210433463e+00,2.866686727173955340e+00,2.869020645038828032e+00,2.871796001214709460e+00,2.874891890150029994e+00,2.878236422085062252e+00,2.881728629261765207e+00,2.885240258529367718e+00,2.888710194888467253e+00,2.892130270702493178e+00,2.895497804778642159e+00,2.898805598675583184e+00,2.902074144678719936e+00,2.905327258610306274e+00,2.908571663921248884e+00,2.911830929856210837e+00,2.915126876754228213e+00,2.918408107790199324e+00,2.921664981443486742e+00,2.924824028539989573e+00,2.927799221091716753e+00,2.930523086706822156e+00,2.932869633624189731e+00,2.934809364330616344e+00,2.936344522321070905e+00,2.937451690113656699e+00,2.938188948833579950e+00
2.863656400333812080e+00,2.862883076190880782e+00,2.861682456366687610e+00,2.859992594642585040e+00,2.857764857232308664e+00,2.855065856090494680e+00,2.851987684966537095e+00,2.848654248700088321e+00,2.845227744005634385e+00,2.841742696801951240e+00,2.838280357807624110e+00,2.834907580299962149e+00,2.831602787229681173e+00,2.828358127424509760e+00,2.825177922129287644e+00,2.822054809893001170e+00,2.818956478256799514e+00,2.815863146484385737e+00,2.812730395113394621e+00,2.809585812494353352e+00,2.806505435649973457e+00,2.803509752900335883e+00,2.800720014531266067e+00,2.798241961066394889e+00,2.796117726175211704e+00,2.794406245762686147e+00,2.793103742608504803e+00,2.792146201989518239e+00,2.791477864714556389e+00
2.863770891180933198e+00,2.863095656391408284e+00,2.862011748574445402e+00,2.860465287898915854e+00,2.858390167302760076e+00,2.855769219048174712e+00,2.852721334420724730e+00,2.849383503052044908e+00,2.845877327859617445e+00,2.842369265877692452e+00,2.838906815519235849e+00,2.835481746343133658e+00,2.832144547524088285e+00,2.828871158383367224e+00,2.825647228098201680e+00,2.822478910133948027e+00,2.819307484180492374e+00,2.816120412003893847e+00,2.812947513252389342e+00,2.809791990930667005e+00,2.806658080681992296e+00,2.803581924449605189e+00,2.800709427013194031e+00,2.798184369714793895e+00,2.796035282495457075e+00,2.794308101629895624e+00,2.793013234330167904e+00,2.792074848666928233e+00,2.791428953459706541e+00
2.863766332040574625e+00,2.863178020875110974e+00,2.862207824165477810e+00,2.860776124979762081e+00,2.858809236842361656e+00,2.856299917475099370e+00,2.853317293185932968e+00,2.849971575490856335e+00,2.846424040244809994e+00,2.842850836828925587e+00,2.839298328083047274e+00,2.835789627936017965e+00,2.832388836201936488e+00,2.829098453859754336e+00,2.825864333379030313e+00,2.822644354844165981e+00,2.819437953507793360e+00,2.816251684484606166e+00,2.813038654156504670e+00,2.809791750470160387e+00,2.806597347954416399e+00,2.803512541878858677e+00,2.800623844213976810e+00,2.798054661960931888e+00,2.795896656370785660e+00,2.794181978487683793e+00,2.792910299426507592e+00,2.792013569802618278e+00,2.791397249367427946e+00
2.863492909138293019e+00,2.862993919692521594e+00,2.862119135724176200e+00,2.860795930409975707e+00,2.858978410109877188e+00,2.856610489658716556e+00,2.853723224289317795e+00,2.850424286035128318e+00,2.846891109091025385e+00,2.843259200925267294e+00,2.839625792521226266e+00,2.836106987647434075e+00,2.832699179432134340e+00,2.829359100627561574e+00,2.826074551604174090e+00,2.822810484738367709e+00,2.819573406120828629e+00,2.816356475598811304e+00,2.813111440039069322e+00,2.809848381166407894e+00,2.806606881973478629e+00,2.803489911471465312e+00,2.800581166427805968e+00,2.797996207980772532e+00,2.795836020294262703e+00,2.794126028997939493e+00,2.792868920671032207e+00,2.791984553929946600e+00,2.791379882859255090e+00
2.863102398413114535e+00,2.862647600844737017e+00,2.861860729945472137e+00,2.860674882163875665e+00,2.858947955898425874e+00,2.856653963127898876e+00,2.853844949790315333e+00,2.850629470082994388e+00,2.847148574839676094e+00,2.843518992549958213e+00,2.839891254262483677e+00,2.836356743683153159e+00,2.832902806490217529e+00,2.829525323325193575e+00,2.826197249883398932e+00,2.822914775022425715e+00,2.819662260185622493e+00,2.816375813381325699e+00,2.813077704025871206e+00,2.809789551125922102e+00,2.806533659221847721e+00,2.803387824842181075e+00,2.800463595726894184e+00,2.797865190142807990e+00,2.795703905347551643e+00,2.794022017761812471e+00,2.792798386968216917e+00,2.791953181976007947e+00,2.791371244621239534e+00
2.862335508514576077e+00,2.861923272317103084e+00,2.861202511518864178e+00,2.860084004987801798e+00,2.858456444673668884e+00,2.856258220024855632e+00,2.853520047848012275e+00,2.850329935120172742e+00,2.846839121502202197e+00,2.843225829874715060e+00,2.839615468717984204e+00,2.836056818036907679e+00,2.832590751707946275e+00,2.829226003114537313e+00,2.825901416667730537e+00,2.822603828449000929e+00,2.819300070014976622e+00,2.815982275955149383e+00,2.812689177729513546e+00,2.809395243785171914e+00,2.806133082418538649e+00,2.803008844723478887e+00,2.800147647561456843e+00,2.797641734714702011e+00,2.795559230821866414e+00,2.793952699719573385e+00,2.792780503355887234e+00,2.791959725895308164e+00,2.791401987438269394e+00
2.861590924710626371e+00,2.861205506781657970e+00,2.860531128129102818e+00,2.859482375533971776e+00,2.857940304934239339e+00,2.855827412162740941e+00,2.853164370568253005e+00,2.850040526423379461e+00,2.846588154012727134e+00,2.842994363104206279e+00,2.839375182883979054e+00,2.835801083362971653e+00,2.832333240396968321e+00,2.828962603016653699e+00,2.825645643870050350e+00,2.822356755132584105e+00,2.819077642568914577e+00,2.815770181902023772e+00,2.812455829576291144e+00,2.809176230588734668e+00,2.805938675826461726e+00,2.802841000708075292e+00,2.800000383519583913e+00,2.797525389566804854e+00,2.795493798211202030e+00,2.793887913695686009e+00,2.792724587331567143e+00,2.791939462590391052e+00,2.791414428337153808e+00
2.860630052235000331e+00,2.860261194465754109e+00,2.859627426041198461e+00,2.858634403278721425e+00,2.857181322026170811e+00,2.855178767365765147e+00,2.852601167525254056e+00,2.849528922071248971e+00,2.846135087054293855e+00,2.842592599052311098e+00,2.839010258140964638e+00,2.835470884645532763e+00,2.832032604354271399e+00,2.828667986501836928e+00,2.825352372960465264e+00,2.822059190839304677e+00,2.818765389880309336e+00,2.815455417193944321e+00,2.812111658491057931e+00,2.808791133431329357e+00,2.805548991777387258e+00,2.802487964804796672e+00,2.799696108055515609e+00,2.797280274226682462e+00,2.795327082877367975e+00,2.793810362375239720e+00,2.792709975637759356e+00,2.791955034953050863e+00,2.791454343057504950e+00
2.859407491550307601e+00,2.859060426526184528e+00,2.858459858612508508e+00,2.857520208673433260e+00,2.856144393426328421e+00,2.854207626838326739e+00,2.851697972174210172e+00,2.848714520605394540e+00,2.845397729330433112e+00,2.841918574192520808e+00,2.838387186292853137e+00,2.834864690990767766e+00,2.831422373789083125e+00,2.828066244415850861e+00,2.824775837404713386e+00,2.821505104714618462e+00,2.818208644420693965e+00,2.814874538385427449e+00,2.811505549255707059e+00,2.808189904983280805e+00,2.805019753987125330e+00,2.802043850921673851e+00,2.799358305500863509e+00,2.797059232060424172e+00,2.795187951881082267e+00,2.793755335171555387e+00,2.792719307116061422e+00,2.792006421846140007e+00,2.791525559319233629e+00
2.858223626846522869e+00,2.857892935905933740e+00,2.857350130386399734e+00,2.856483709799582549e+00,2.855170490765710500e+00,2.853320844885662844e+00,2.850924401279832487e+00,2.848026869469528766e+00,2.844774840766031598e+00,2.841339624955339538e+00,2.837841482212794197e+00,2.834375082889169839e+00,2.830979468763344276e+00,2.827647610763734498e+00,2.824332555840133541e+00,2.821024724742478895e+00,2.817695988877420454e+00,2.814356119418836677e+00,2.811033696556832773e+00,2.807748105726020960e+00,2.804571533041402720e+00,2.801618029348818872e+00,2.799021042927213543e+00,2.796824117702373602e+00,2.795032914685898540e+00,2.793665037740073132e+00,2.792679063580582710e+00,2.792007273944887125e+00,2.791567420685568290e+00
2.446037142987267821e+00,2.445717041638030054e+00,2.445182703127471768e+00,2.444345041431302157e+00,2.443087201643456829e+00,2.441336038873950898e+00,2.439019996535496393e+00,2.436168763269755289e+00,2.432963985139279472e+00,2.429543389146226140e+00,2.426059787431402714e+00,2.422653505521224826e+00,2.419301528126994505e+00,2.416015248260597659e+00,2.412800555189052343e+00,2.409598843600202045e+00,2.406389480305358042e+00,2.403118301929594303e+00,2.399836083580365820e+00,2.396636832096635583e+00,2.393605764951552750e+00,2.390848243805731244e+00,2.388442418696529401e+00,2.386433767606931156e+00,2.384844804298848153e+00,2.383671150957511475e+00,2.382846159476364356e+00,2.382284555093237888e+00,2.381916576699143029e+00
2.445393825670613364e+00,2.445116167999637380e+00,2.444638333973595312e+00,2.443871745790253236e+00,2.442710155052176813e+00,2.441061565918409837e+00,2.438871066721678638e+00,2.436175380075156660e+00,2.433073634866484092e+00,2.429697145183768114e+00,2.426215857554381294e+00,2.422750180086175043e+00,2.419366351723140518e+00,2.416085309742886267e+00,2.412842906892292749e+00,2.409611409988116293e+00,2.406367080336927700e+00,2.403097924998011781e+00,2.399839736739551199e+00,2.396625907667350397e+00,2.393565863967504814e+00,2.390794214402045537e+00,2.388404853150306373e+00,2.386423903739459895e+00,2.384858229876074098e+00,2.383693559049727906e+00,2.382862748687045062e+00,2.382302077510444871e+00,2.381933363802146708e+00
2.444935834179999379e+00,2.444672189010806740e+00,2.444220026224522613e+00,2.443511479678789122e+00,2.442442667782133370e+00,2.440910796071887212e+00,2.438828884973068156e+00,2.436234504791833899e+00,2.433231766550270514e+00,2.429906028486679581e+00,2.426420577304982729e+00,2.422921212266801128e+00,2.419492275531402115e+00,2.416174301965126503e+00,2.412911620007117897e+00,2.409652092858619810e+00,2.406396150836060066e+00,2.403109699466473792e+00,2.399806702199017927e+00,2.396592805462703257e+00,2.393575280504115721e+00,2.390846032836968504e+00,2.388457468361307345e+00,2.386466579549434641e+00,2.384908451097138560e+00,2.383743110265947429e+00,2.382904173662737435e+00,2.382325400165129281e+00,2.381939639876601511e+00
2.444275332147522573e+00,2.444030424005305235e+00,2.443598378955710970e+00,2.442916914589992050e+00,2.441890636371288448e+00,2.440432168520492162e+00,2.438474195018471846e+00,2.435984334285223429e+00,2.433041633169148898e+00,2.429773232900424684e+00,2.426305792768757907e+00,2.422800478892039422e+00,2.419364611613034288e+00,2.416020082303671490e+00,2.412748808926976629e+00,2.409493305484363024e+00,2.406227516496649343e+00,2.402980944439629063e+00,2.399749460289858582e+00,2.396575777710104660e+00,2.393538956594502665e+00,2.390755580384820611e+00,2.388353413809591430e+00,2.386385805756506606e+00,2.384852902246028528e+00,2.383711944826182094e+00,2.382898612825783413e+00,2.382338004944683618e+00,2.381964654113986946e+00
2.443704573290454984e+00,2.443472354702215021e+00,2.443047365073787613e+00,2.442380413339245493e+00,2.441393707982497219e+00,2.439998965201989556e+00,2.438105531487803734e+00,2.435701084675806705e+00,2.432848615668438796e+00,2.429639269103531785e+00,2.426231122433127663e+00,2.422747123790029100e+00,2.419277642321822075e+00,2.415904822762087178e+00,2.412606062944033347e+00,2.409348361800972782e+00,2.406118388435713129e+00,2.402865285017907748e+00,2.399626452144442812e+00,2.396467963241327936e+00,2.393470691575345199e+00,2.390747615719094554e+00,2.388378609495463323e+00,2.386413819089520771e+00,2.384864988126369045e+00,2.383720808120994405e+00,2.382907985938867323e+00,2.382349582605820082e+00,2.381983592668706073e+00
2.442696355272144348e+00,2.442474286991901167e+00,2.442064497939786083e+00,2.441423418512510768e+00,2.440464409389764278e+00,2.439110388186942480e+00,2.437292860236167868e+00,2.434992036878185218e+00,2.432238914440046251e+00,2.429106058791288714e+00,2.425755210490759595e+00,2.422331493768923316e+00,2.418928044383000575e+00,2.415582865052908978e+00,2.412311994343904864e+00,2.409089652231517498e+00,2.405864896690473209e+00,2.402640539029692324e+00,2.399452198480762632e+00,2.396353646338404531e+00,2.393412655604880257e+00,2.390728921543099350e+00,2.388393215569153405e+00,2.386442947832378536e+00,2.384898489332104354e+00,2.383758203211537641e+00,2.382954452272403323e+00,2.382400117776783066e+00,2.382031971606401122e+00
2.441631363123722309e+00,2.441414728459930572e+00,2.441017696017515171e+00,2.440393806744679761e+00,2.439457861845119258e+00,2.438139385857781782e+00,2.436375490866268478e+00,2.434144185240771474e+00,2.431481310741741453e+00,2.428442320386038134e+00,2.425166453974359371e+00,2.421793106163630860e+00,2.418410080804698659e+00,2.415091541140970133e+00,2.411859923932007543e+00,2.408686629852895500e+00,2.405521186310180859e+00,2.402346615620124748e+00,2.399173913763428256e+00,2.396092646295490347e+00,2.393183597890987890e+00,2.390525109796296288e+00,2.388231933398846429e+00,2.386342444056328560e+00,2.384862244473191950e+00,2.383764971683731027e+00,2.382986239245822535e+00,2.382451304541742587e+00,2.382094922873760012e+00
2.440582967047451035e+00,2.440359185607801074e+00,2.439957158375042567e+00,2.439339175749051680e+00,2.438417823471120016e+00,2.437119397028122858e+00,2.435401286901115014e+00,2.433228912939212396e+00,2.430608001962178299e+00,2.427626217375200568e+00,2.424427395380517325e+00,2.421111467540900009e+00,2.417775028852181318e+00,2.414492764670692182e+00,2.411292740482800845e+00,2.408158202704089312e+00,2.405043793131745211e+00,2.401957119337744473e+00,2.398913224968390878e+00,2.395932455540312755e+00,2.393115375951068380e+00,2.390549922715422326e+00,2.388305496335615175e+00,2.386442793594349521e+00,2.384961713336610778e+00,2.383852016121564610e+00,2.383073428708839536e+00,2.382531925112245652e+00,2.382162439460934422e+00
2.439346717754996341e+00,2.439123783197973960e+00,2.438733296414571150e+00,2.438116925030433535e+00,2.437185338880353491e+00,2.435871483786777425e+00,2.434166854324345763e+00,2.432056160578369042e+00,2.429516583237224303e+00,2.426628621773042838e+00,2.423508035002097216e+00,2.420260908465610594e+00,2.417003409229463440e+00,2.413787748119682774e+00,2.410635929250271481e+00,2.407544709928774118e+00,2.404483906581915242e+00,2.401456231833156707e+00,2.398501853221856273e+00,2.395642649666378965e+00,2.392907198513031020e+00,2.390388747842850048e+00,2.388201158118427259e+00,2.386398848740446610e+00,2.384968996895028059e+00,2.383887584962588235e+00,2.383121791863268335e+00,2.382595000630677085e+00,2.382241671985315445e+00
2.437826669800327473e+00,2.437600539305777581e+00,2.437216058069776814e+00,2.436602365059906905e+00,2.435695085096666102e+00,2.434432998575195128e+00,2.432759832509290288e+00,2.430678798787043959e+00,2.428209174245190560e+00,2.425396322641414137e+00,2.422383723514785370e+00,2.419274762573412119e+00,2.416121187748492716e+00,2.412989365193774383e+00,2.409908227155235672e+00,2.406898622184910241e+00,2.403922721581649657e+00,2.400961512822550326e+00,2.398056255324671149e+00,2.395258133090368169e+00,2.392622125822212453e+00,2.390223600188623898e+00,2.388136531021618936e+00,2.386392040879496967e+00,2.385004925802680642e+00,2.383956149799646873e+00,2.383200547141425929e+00,2.382679940822164610e+00,2.382337498995840352e+00
2.442502833844225840e+00,2.442711364888083825e+00,2.443085248151008138e+00,2.443680414944239487e+00,2.444563984403560042e+00,2.445813377144942180e+00,2.447455249289334667e+00,2.449502545368343220e+00,2.451926666056817083e+00,2.454669629650809703e+00,2.457623232758243681e+00,2.460677346812992106e+00,2.463770253951084399e+00,2.466817552370493605e+00,2.469796855944486502e+00,2.472717788429729335e+00,2.475621965881080744e+00,2.478513248098015875e+00,2.481319482589484871e+00,2.484001356657286053e+00,2.486501677006079714e+00,2.488768718177552408e+00,2.490754410715009470e+00,2.492369149532080108e+00,2.493609897828036104e+00,2.494534955467939241e+00,2.495168355374268288e+00,2.495552066413349479e+00,2.495761901086458678e+00
2.442542202271230867e+00,2.442748151885519192e+00,2.443117389972064402e+00,2.443686652197230025e+00,2.444534932776179836e+00,2.445734633044704509e+00,2.447314559548221524e+00,2.449288440411748535e+00,2.451648447184460622e+00,2.454347593841526898e+00,2.457286805293647625e+00,2.460345028437315396e+00,2.463418134699704165e+00,2.466461081183085824e+00,2.469473862775901196e+00,2.472434585326178880e+00,2.475326645968218386e+00,2.478144704366280759e+00,2.480904933706807647e+00,2.483560634671815315e+00,2.486060534720956561e+00,2.488329678816072033e+00,2.490283465806708119e+00,2.491918855926105181e+00,2.493206257062031916e+00,2.494154582297695377e+00,2.494814674000347399e+00,2.495238180698774233e+00,2.495486506351973333e+00
2.442593159353110721e+00,2.442783687160698047e+00,2.443134150319114184e+00,2.443681178280285415e+00,2.444503755548495860e+00,2.445651054254253332e+00,2.447155989705621870e+00,2.449072472873471185e+00,2.451378691112317210e+00,2.454034545791002220e+00,2.456942008701640923e+00,2.459967278211701469e+00,2.463017238069053150e+00,2.466040246911074707e+00,2.469046358388983453e+00,2.471987094850367495e+00,2.474851012623398905e+00,2.477667628621234464e+00,2.480419135936736019e+00,2.483063911662443779e+00,2.485545383278846998e+00,2.487802563239578379e+00,2.489767350454948236e+00,2.491394695057484565e+00,2.492682707382087859e+00,2.493648570006375742e+00,2.494326131137219349e+00,2.494772362362598805e+00,2.495041752339197227e+00
2.442646302029686467e+00,2.442820346585238056e+00,2.443151202468250016e+00,2.443686010686042298e+00,2.444498152854790884e+00,2.445623680409206635e+00,2.447095994669213237e+00,2.448951923950152043e+00,2.451185757406064702e+00,2.453747024164843804e+00,2.456557005982219266e+00,2.459540267403560243e+00,2.462585566500076872e+00,2.465598698199585215e+00,2.468582525407414963e+00,2.471519936815169238e+00,2.474393294322482006e+00,2.477202115342249655e+00,2.479929226850358326e+00,2.482540934641493724e+00,2.484983464000683817e+00,2.487191877579605581e+00,2.489110201092981534e+00,2.490726870295337125e+00,2.492035080550912163e+00,2.493021311364078230e+00,2.493719403586618810e+00,2.494185371071344193e+00,2.494464794646440886e+00
2.442714708177838645e+00,2.442883488097976397e+00,2.443210106218493216e+00,2.443741043981910721e+00,2.444527414994533299e+00,2.445611070684380994e+00,2.447043956231541806e+00,2.448845502026651744e+00,2.451002163902569642e+00,2.453497304336966778e+00,2.456245886665117784e+00,2.459141596903624105e+00,2.462122489442612583e+00,2.465119304715882365e+00,2.468065600687441297e+00,2.470947269750015884e+00,2.473786163258478332e+00,2.476564779576614583e+00,2.479258643679504104e+00,2.481838704151307251e+00,2.484269247334216502e+00,2.486491860615801741e+00,2.488424894475622207e+00,2.490042583546703714e+00,2.491340679016658566e+00,2.492336252845811284e+00,2.493058337899985766e+00,2.493543545409625306e+00,2.493854310538685226e+00
2.442773100891286298e+00,2.442932923904075793e+00,2.443251582389389664e+00,2.443761963432900863e+00,2.444523110897752538e+00,2.445579403160278886e+00,2.446957935426243846e+00,2.448687979849800023e+00,2.450788925625376979e+00,2.453206519550701792e+00,2.455864070179100800e+00,2.458715455987565690e+00,2.461679378020724229e+00,2.464646209495696905e+00,2.467577805119779200e+00,2.470466253157289849e+00,2.473288612029002742e+00,2.476044351987246372e+00,2.478724038967903276e+00,2.481278447090315531e+00,2.483654715365670285e+00,2.485834233968875928e+00,2.487760730694432265e+00,2.489394130694199347e+00,2.490713998442951826e+00,2.491714968301196542e+00,2.492436362997444199e+00,2.492930827607525046e+00,2.493246742061146826e+00
2.442856889350587757e+00,2.443008746912089801e+00,2.443319240866247632e+00,2.443818783119595217e+00,2.444560447624739119e+00,2.445585780649369489e+00,2.446927416758445606e+00,2.448618833227125258e+00,2.450651430151149945e+00,2.452999062462224877e+00,2.455612632885449287e+00,2.458388552392896997e+00,2.461263888282455792e+00,2.464161585571202906e+00,2.467012568654758375e+00,2.469834004168535380e+00,2.472621042402705971e+00,2.475329550276986090e+00,2.477939956346487005e+00,2.480431720339556723e+00,2.482771663087179448e+00,2.484899840448517416e+00,2.486758277001081652e+00,2.488350321560747425e+00,2.489659837918939189e+00,2.490661416376131143e+00,2.491385997091414950e+00,2.491888350985688838e+00,2.492215892025290813e+00
2.442950569889793755e+00,2.443112698794083215e+00,2.443409811163268053e+00,2.443885635343294283e+00,2.444593318430843709e+00,2.445579358352944155e+00,2.446884288166086385e+00,2.448506374399357366e+00,2.450441939535754177e+00,2.452685639744141888e+00,2.455201470582585976e+00,2.457918609512891095e+00,2.460745447359399041e+00,2.463596186718758574e+00,2.466439424531939650e+00,2.469238303561146708e+00,2.471962490196874640e+00,2.474616678908339473e+00,2.477189796474921213e+00,2.479660763819347302e+00,2.481962095749153718e+00,2.484042581746840561e+00,2.485886681891809058e+00,2.487470210035806595e+00,2.488759932594645896e+00,2.489747361137592652e+00,2.490468941970527705e+00,2.490977268512338583e+00,2.491313356895183961e+00
2.443029758261298312e+00,2.443184388996741507e+00,2.443482172170200251e+00,2.443959072042963143e+00,2.444648083025826146e+00,2.445604288002417803e+00,2.446879117029773898e+00,2.448470945625977002e+00,2.450374603828539666e+00,2.452564885965241359e+00,2.455005075854542085e+00,2.457630062406590099e+00,2.460341208179497308e+00,2.463092508329743247e+00,2.465853802668916295e+00,2.468579222481978697e+00,2.471259085431346314e+00,2.473884572968389151e+00,2.476426782530460002e+00,2.478852400358466213e+00,2.481097702462737864e+00,2.483135998303386049e+00,2.484935829701329535e+00,2.486464331004690109e+00,2.487729135439508354e+00,2.488717953500993119e+00,2.489448978197897233e+00,2.489959019185276734e+00,2.490285071211712165e+00
2.443135247856813130e+00,2.443287599149376099e+00,2.443577334672029533e+00,2.444040819504833983e+00,2.444714127327159758e+00,2.445649254807864104e+00,2.446868882259067401e+00,2.448384470073734054e+00,2.450199891436332322e+00,2.452307937000088867e+00,2.454673920018812794e+00,2.457192727268183496e+00,2.459799831020596628e+00,2.462485145728527947e+00,2.465186882021474180e+00,2.467846947245949885e+00,2.470448006205338665e+00,2.472992009874101171e+00,2.475451528721093197e+00,2.477796244959077132e+00,2.480009356630331396e+00,2.482009434282883564e+00,2.483783426432747188e+00,2.485320182612387185e+00,2.486567648568269728e+00,2.487529619555661320e+00,2.488232875565515201e+00,2.488728843308088301e+00,2.489049385102936718e+00
2.073293287148771924e+00,2.073151841265135964e+00,2.072874331809773985e+00,2.072420862196808322e+00,2.071770653072984913e+00,2.070886493318021770e+00,2.069736968449393366e+00,2.068336075805641272e+00,2.066689615148519898e+00,2.064794535241160744e+00,2.062679354704733292e+00,2.060411965334998818e+00,2.058064431151841234e+00,2.055679744006911669e+00,2.053306541267107654e+00,2.050952064876157444e+00,2.048622125162594898e+00,2.046369969471963479e+00,2.044207512233142232e+00,2.042158818611139459e+00,2.040266219006199755e+00,2.038543165753417874e+00,2.037000354801224766e+00,2.035681671461267772e+00,2.034608788958372383e+00,2.033762340764634580e+00,2.033127756694904420e+00,2.032675049883549523e+00,2.032364016094708070e+00
2.073130950294940433e+00,2.073001019805599920e+00,2.072744214076440272e+00,2.072328330280518660e+00,2.071724888098068096e+00,2.070886748411020051e+00,2.069792518796308656e+00,2.068438357787462323e+00,2.066833253589583475e+00,2.065005784420376411e+00,2.062975706207445192e+00,2.060773004721796475e+00,2.058448361127601878e+00,2.056070061633310075e+00,2.053683369742557385e+00,2.051326361324797176e+00,2.049018389320071964e+00,2.046756218830242169e+00,2.044582377438002752e+00,2.042516922311267358e+00,2.040581358640640275e+00,2.038811813346888435e+00,2.037238775289473836e+00,2.035895311635010696e+00,2.034783875131197739e+00,2.033901288168372457e+00,2.033224115011778910e+00,2.032727757343684161e+00,2.032381428365580334e+00
2.072986199453498823e+00,2.072868530501756901e+00,2.072622269627556690e+00,2.072235921783661894e+00,2.071655798590009034e+00,2.070857108032068794e+00,2.069831000142077215e+00,2.068541569584896322e+00,2.066990991832127200e+00,2.065206642072132226e+00,2.063212611594926749e+00,2.061042207146482674e+00,2.058757362216791620e+00,2.056417333766046518e+00,2.054049951595604995e+00,2.051686009979264647e+00,2.049350119616265342e+00,2.047073161450668977e+00,2.044881581879469223e+00,2.042766411896312917e+00,2.040789865687272275e+00,2.039000466345778584e+00,2.037416326824559754e+00,2.036054774290176894e+00,2.034908882193257718e+00,2.033987226784082392e+00,2.033280550724232860e+00,2.032757243530619817e+00,2.032387063933027704e+00
2.072930271176148587e+00,2.072823732667747443e+00,2.072590587620739999e+00,2.072207934187291656e+00,2.071648940844121434e+00,2.070888533849686297e+00,2.069888105987812921e+00,2.068634677999950711e+00,2.067122600939267141e+00,2.065368484109316505e+00,2.063408295145327198e+00,2.061281438740105720e+00,2.059016544296763840e+00,2.056680694289646283e+00,2.054317029323349253e+00,2.051949400412190094e+00,2.049605064183777081e+00,2.047303491526851094e+00,2.045070990639701325e+00,2.042950985726210256e+00,2.040976095953923597e+00,2.039155566192946800e+00,2.037545469061456949e+00,2.036153029590876518e+00,2.034979798685103702e+00,2.034044030452111684e+00,2.033322795479318934e+00,2.032785386363507030e+00,2.032400310018762202e+00
2.072473184595679196e+00,2.072370829329120312e+00,2.072144016719691173e+00,2.071783515360345440e+00,2.071252912586406314e+00,2.070510955740481052e+00,2.069534773807960804e+00,2.068315621103182345e+00,2.066849416707386311e+00,2.065139190774605282e+00,2.063211985280960725e+00,2.061132960635984279e+00,2.058934952391256346e+00,2.056645707741367346e+00,2.054306937544652101e+00,2.051967882904730978e+00,2.049652257158452340e+00,2.047384918841008705e+00,2.045183387686647425e+00,2.043075940116798606e+00,2.041106613293808270e+00,2.039301075763801041e+00,2.037687610785642089e+00,2.036266357912883240e+00,2.035073015737836499e+00,2.034117783115782174e+00,2.033381116961042512e+00,2.032828050490456562e+00,2.032413604198031187e+00
2.072145804183237239e+00,2.072048678778362074e+00,2.071827459449369968e+00,2.071476753298644891e+00,2.070957514798375421e+00,2.070239909407340040e+00,2.069304037126610041e+00,2.068127662007236633e+00,2.066701992433345403e+00,2.065045436176836002e+00,2.063173575576040975e+00,2.061126784957114211e+00,2.058948512431172606e+00,2.056682817544071895e+00,2.054357875851013038e+00,2.052010902785656121e+00,2.049686230180690849e+00,2.047398128139187978e+00,2.045182215315547669e+00,2.043078068754406562e+00,2.041106158360346257e+00,2.039286301836129134e+00,2.037667578552708747e+00,2.036264730789053790e+00,2.035081092439956052e+00,2.034114510137756682e+00,2.033361340565301933e+00,2.032808587390757982e+00,2.032407196595047871e+00
2.071557650746518320e+00,2.071458024517768948e+00,2.071242001921706155e+00,2.070902013053101065e+00,2.070395986253119158e+00,2.069703157809009042e+00,2.068795495593803047e+00,2.067650106586241154e+00,2.066262231122525161e+00,2.064647485445000985e+00,2.062832909704044315e+00,2.060851715293371633e+00,2.058739269599976218e+00,2.056511126193311334e+00,2.054217354543249385e+00,2.051885683027779628e+00,2.049561874831645980e+00,2.047291869439663792e+00,2.045080640231931035e+00,2.042992450328196430e+00,2.041041400971564279e+00,2.039217756018143035e+00,2.037599365283886854e+00,2.036216978430949176e+00,2.035050146204389954e+00,2.034096822502349688e+00,2.033361526302181588e+00,2.032810770850241866e+00,2.032404441510844428e+00
2.071078239095319518e+00,2.070980588551381452e+00,2.070771348315428639e+00,2.070435931031794574e+00,2.069947978524924181e+00,2.069274694171007845e+00,2.068379526001438151e+00,2.067250943905475591e+00,2.065887277745495076e+00,2.064295690549810658e+00,2.062483811096801123e+00,2.060496772135383736e+00,2.058385490149079899e+00,2.056170934541880602e+00,2.053902452861304795e+00,2.051626884975075615e+00,2.049350611636391761e+00,2.047101754145865371e+00,2.044914306046397456e+00,2.042838649468599499e+00,2.040911958040249274e+00,2.039137612130584643e+00,2.037549664133641691e+00,2.036170002861996231e+00,2.035012570919401576e+00,2.034083569488091214e+00,2.033356555986272518e+00,2.032804118889377509e+00,2.032404593700514184e+00
2.070410366965587556e+00,2.070306585992534032e+00,2.070100177993441370e+00,2.069772220735116797e+00,2.069285198125457192e+00,2.068603222411642850e+00,2.067704642464051279e+00,2.066582174227783675e+00,2.065248945727423013e+00,2.063701902329798443e+00,2.061936040802905712e+00,2.059976841096275990e+00,2.057881550805468418e+00,2.055699366128356242e+00,2.053453355491672738e+00,2.051183657002616734e+00,2.048924536155927623e+00,2.046714188317920069e+00,2.044587643318874548e+00,2.042559319936258611e+00,2.040648912732411446e+00,2.038900284153033482e+00,2.037350117991388210e+00,2.036024194439456814e+00,2.034911701641815007e+00,2.033999797748353267e+00,2.033299754471181053e+00,2.032776368642445597e+00,2.032395685472044633e+00
2.069526613332680398e+00,2.069421363139421821e+00,2.069217072464315077e+00,2.068887293166629338e+00,2.068395572859873521e+00,2.067707745736743874e+00,2.066813079842797940e+00,2.065691690226994837e+00,2.064342374575783623e+00,2.062791998245320890e+00,2.061045236114783297e+00,2.059121780468653906e+00,2.057081035191863805e+00,2.054960117462700353e+00,2.052776628863703046e+00,2.050564777413830697e+00,2.048367551930093899e+00,2.046212419201242749e+00,2.044112609896604482e+00,2.042105718711328954e+00,2.040246322122260647e+00,2.038575231885491945e+00,2.037098387999835225e+00,2.035817528958874245e+00,2.034734675908371759e+00,2.033863500661523993e+00,2.033199935041039907e+00,2.032711076497315084e+00,2.032372609201995584e+00
2.072003020481613778e+00,2.072093388635046551e+00,2.072283111492071672e+00,2.072600335592381882e+00,2.073077033307170414e+00,2.073750167916981191e+00,2.074626847190381707e+00,2.075740451359496141e+00,2.077086054709242013e+00,2.078636194123604675e+00,2.080387316753168570e+00,2.082295131075374783e+00,2.084331553927974756e+00,2.086475946331092235e+00,2.088669267199862567e+00,2.090871830826264155e+00,2.093057818727595443e+00,2.095192742049555523e+00,2.097261325408471322e+00,2.099224401616727853e+00,2.101034487685046415e+00,2.102667501098569591e+00,2.104112360687364180e+00,2.105329182926495069e+00,2.106320310989658662e+00,2.107103806568209059e+00,2.107667774221627877e+00,2.108056021502937583e+00,2.108306943297656222e+00
2.072000677479425068e+00,2.072088649956131956e+00,2.072279951185505009e+00,2.072608031606153922e+00,2.073093470872085398e+00,2.073766276045584611e+00,2.074670320952650471e+00,2.075805090112552875e+00,2.077160179148263452e+00,2.078741225959152672e+00,2.080522483342431617e+00,2.082460054855327591e+00,2.084526503030038391e+00,2.086679519537713023e+00,2.088900919918174282e+00,2.091142158202861090e+00,2.093350117945949940e+00,2.095496991669271836e+00,2.097546040180487292e+00,2.099499243945353477e+00,2.101321705417183328e+00,2.102951434757633464e+00,2.104390995981670898e+00,2.105623761485453826e+00,2.106614432207124299e+00,2.107378015982483088e+00,2.107939492842923812e+00,2.108324376019544033e+00,2.108568589377870950e+00
2.071994466803730006e+00,2.072077215380400794e+00,2.072264770696159886e+00,2.072583936001501925e+00,2.073081923828454798e+00,2.073780562165341124e+00,2.074692582431854504e+00,2.075833655400606936e+00,2.077207572055225882e+00,2.078821475526522633e+00,2.080653708615407549e+00,2.082649226943859233e+00,2.084758245959399403e+00,2.086937709746303771e+00,2.089156720784164811e+00,2.091392586277515342e+00,2.093609727313412883e+00,2.095762600507487861e+00,2.097818289450511742e+00,2.099775651000133081e+00,2.101598267453682389e+00,2.103230080733079710e+00,2.104658005807729992e+00,2.105878897886429790e+00,2.106874937757467148e+00,2.107636612180915137e+00,2.108193375489908483e+00,2.108570426232589501e+00,2.108803439200789054e+00
2.071990061276247630e+00,2.072060501283358391e+00,2.072242588353701009e+00,2.072559911880106576e+00,2.073059144072058935e+00,2.073762803586559400e+00,2.074675521914281173e+00,2.075836863901742824e+00,2.077237729897389862e+00,2.078852740013704015e+00,2.080671341876097813e+00,2.082671670804321806e+00,2.084808109851697733e+00,2.087023127317829463e+00,2.089262571683966563e+00,2.091485087862927195e+00,2.093699378577412951e+00,2.095864383073527293e+00,2.097929449467506480e+00,2.099887855373199663e+00,2.101703424452098901e+00,2.103322337706928558e+00,2.104730405796162440e+00,2.105934864450386357e+00,2.106921979853453752e+00,2.107675703994169147e+00,2.108220773019360728e+00,2.108603593201216597e+00,2.108848916179419053e+00
2.071982692709902096e+00,2.072049278361808078e+00,2.072230174619188681e+00,2.072538385241764480e+00,2.073021453900880218e+00,2.073710429749458850e+00,2.074625242976906314e+00,2.075766268876015008e+00,2.077156100914762327e+00,2.078795962691049937e+00,2.080639252170035647e+00,2.082646955554111834e+00,2.084778681358686825e+00,2.086980378984367057e+00,2.089204012361798757e+00,2.091445457315721068e+00,2.093661361841253843e+00,2.095806903628746554e+00,2.097872399293379431e+00,2.099820707287719745e+00,2.101617476911102678e+00,2.103246859699486215e+00,2.104681044333438500e+00,2.105887466684234877e+00,2.106867650909841849e+00,2.107618349997530061e+00,2.108149849304195911e+00,2.108515423137436340e+00,2.108744426306838005e+00
2.071979400761869261e+00,2.072036616319939739e+00,2.072211917352118071e+00,2.072519763020295613e+00,2.072991060067821856e+00,2.073671760659251628e+00,2.074581094992409280e+00,2.075728371840403597e+00,2.077132330084028755e+00,2.078768177504301207e+00,2.080607349620294588e+00,2.082629165470315069e+00,2.084783330584303762e+00,2.087003455704407262e+00,2.089242961394603970e+00,2.091467743988639327e+00,2.093663728986248085e+00,2.095802648219098341e+00,2.097856452394919913e+00,2.099818087737139294e+00,2.101647179013324873e+00,2.103285144035449861e+00,2.104703943354892193e+00,2.105911001985276254e+00,2.106892414302778960e+00,2.107638226629239497e+00,2.108175671850921695e+00,2.108540504240926872e+00,2.108768186981140325e+00
2.071983162611114260e+00,2.072039690245006227e+00,2.072206911750806846e+00,2.072508583967497486e+00,2.072978198992585952e+00,2.073653267659086641e+00,2.074545394178969548e+00,2.075676398695539771e+00,2.077070487326553305e+00,2.078712087374250839e+00,2.080571967773143349e+00,2.082587543643942052e+00,2.084723867351324422e+00,2.086933879712902229e+00,2.089170112887468456e+00,2.091418383220064570e+00,2.093639333982244999e+00,2.095796404565613003e+00,2.097859435173452525e+00,2.099812830639949723e+00,2.101626260428821169e+00,2.103260872209794297e+00,2.104690976056107221e+00,2.105908651282271116e+00,2.106886079877269502e+00,2.107629834267155111e+00,2.108161162297994551e+00,2.108502870253192718e+00,2.108712481726860766e+00
2.071982922378822423e+00,2.072039736632744322e+00,2.072198769456667478e+00,2.072488876507758704e+00,2.072956713149229024e+00,2.073627013296781563e+00,2.074520951037726491e+00,2.075653890948021996e+00,2.077030293614312129e+00,2.078636654424422581e+00,2.080448785409608981e+00,2.082438555131254532e+00,2.084545534453916105e+00,2.086734505825710961e+00,2.088968891674234385e+00,2.091185611515733900e+00,2.093353335308764329e+00,2.095468421169832673e+00,2.097524275174172281e+00,2.099490755519775043e+00,2.101323044599681111e+00,2.102967997233278208e+00,2.104386869372548041e+00,2.105580286598482953e+00,2.106538748365800018e+00,2.107247102260808802e+00,2.107740299229105663e+00,2.108062041561469258e+00,2.108245087304530863e+00
2.071985290514503752e+00,2.072040939123815928e+00,2.072193269059683818e+00,2.072476921856784671e+00,2.072930239054519230e+00,2.073578961131702592e+00,2.074453879027312819e+00,2.075564767492394935e+00,2.076925971838364582e+00,2.078526387660305730e+00,2.080304077499913085e+00,2.082249517489746182e+00,2.084334281335450179e+00,2.086490326608354540e+00,2.088688636913027530e+00,2.090898962437695463e+00,2.093096809041880224e+00,2.095252584855864075e+00,2.097319834413030826e+00,2.099274622021130909e+00,2.101088078724444141e+00,2.102722793609573593e+00,2.104141936033824045e+00,2.105325128343003449e+00,2.106254602760592398e+00,2.106927861516620037e+00,2.107387329515667762e+00,2.107667495680099812e+00,2.107814992016262323e+00
2.071988535466894987e+00,2.072046850771288362e+00,2.072199834456277312e+00,2.072483358420759814e+00,2.072929978564313824e+00,2.073583181347165905e+00,2.074466833853110259e+00,2.075567437523964553e+00,2.076899730776237796e+00,2.078476899928198840e+00,2.080261896992619874e+00,2.082213030521407937e+00,2.084275462527884315e+00,2.086412907712893894e+00,2.088589941327945176e+00,2.090781492633923655e+00,2.092967981560360791e+00,2.095112164198974725e+00,2.097186071409098407e+00,2.099160832047376246e+00,2.101001345018324251e+00,2.102650025736522821e+00,2.104087236207170086e+00,2.105262584473306831e+00,2.106151559500549553e+00,2.106794324845390420e+00,2.107220041177107817e+00,2.107470515079378437e+00,2.107595776419963318e+00
2.876676077772147178e+00,2.876762852767371648e+00,2.876756551855849331e+00,2.876617120101358172e+00,2.876292360570911200e+00,2.875754760295267776e+00,2.874969854546128190e+00,2.873906684329792682e+00,2.872572325088250444e+00,2.870968993016391302e+00,2.869127112080881226e+00,2.867095287609273679e+00,2.864915340975265234e+00,2.862637377621027657e+00,2.860304931995186983e+00,2.857955375269932929e+00,2.855604749809874665e+00,2.853277476745456287e+00,2.851015307955349964e+00,2.848875971772299120e+00,2.846906117114214485e+00,2.845143708549539241e+00,2.843653489540231227e+00,2.842462530939491305e+00,2.841563920289258860e+00,2.840940964271590818e+00,2.840560502099122253e+00,2.840366089802929928e+00,2.840301550751259008e+00
2.877337763764127754e+00,2.877438892228741718e+00,2.877438165273061177e+00,2.877305341991008181e+00,2.877004147276790214e+00,2.876495370716715350e+00,2.875729977416451533e+00,2.874670956969634261e+00,2.873322513092732677e+00,2.871706652148834582e+00,2.869851408329266995e+00,2.867781131074828238e+00,2.865551857752582698e+00,2.863249683597432593e+00,2.860892235150962470e+00,2.858490395016570318e+00,2.856090480979781354e+00,2.853707682929678136e+00,2.851396129750964903e+00,2.849207735916024831e+00,2.847148275463125877e+00,2.845300386688416783e+00,2.843753122274678802e+00,2.842517082212642876e+00,2.841587904062731873e+00,2.840944068007443590e+00,2.840539647555799796e+00,2.840329290148680741e+00,2.840261107663724083e+00
2.877888308771951564e+00,2.877999015095152657e+00,2.878003632112517529e+00,2.877879761461113350e+00,2.877591785625336129e+00,2.877086111344285158e+00,2.876323081794640579e+00,2.875283008700852516e+00,2.873944155773417108e+00,2.872303760679730367e+00,2.870409134690369513e+00,2.868340819513978346e+00,2.866120817400549470e+00,2.863764711625254478e+00,2.861361634301578860e+00,2.858945882018462115e+00,2.856494527635357272e+00,2.854041443176719817e+00,2.851633366419614291e+00,2.849357584644050867e+00,2.847272024170737659e+00,2.845399533037817008e+00,2.843813219093225264e+00,2.842546561830622487e+00,2.841587624786085620e+00,2.840924820311985233e+00,2.840510832551349729e+00,2.840290799613014450e+00,2.840225071563230674e+00
2.878261108816514646e+00,2.878376057394095078e+00,2.878389665939878217e+00,2.878283861765440044e+00,2.878013270142165680e+00,2.877513312821638802e+00,2.876738158342789120e+00,2.875668620166178080e+00,2.874302425512110126e+00,2.872646276111625596e+00,2.870724424971553113e+00,2.868627790574981962e+00,2.866397478360314111e+00,2.864052369344191717e+00,2.861642754933862776e+00,2.859180063360597046e+00,2.856701114644145001e+00,2.854234103948751766e+00,2.851800289675725963e+00,2.849464238336829602e+00,2.847308482990940970e+00,2.845389032517513961e+00,2.843770175994459137e+00,2.842495269125053348e+00,2.841546875471563371e+00,2.840889573604847840e+00,2.840483649408566347e+00,2.840281065416133899e+00,2.840212144261749838e+00
2.878313599778246967e+00,2.878434558446244740e+00,2.878452585525677954e+00,2.878342396264875980e+00,2.878061569354247062e+00,2.877544439268286958e+00,2.876758346135218858e+00,2.875686304446672281e+00,2.874309358847423557e+00,2.872645489460030177e+00,2.870737077469783571e+00,2.868649483642258247e+00,2.866423325535143007e+00,2.864076029266541035e+00,2.861641012000963880e+00,2.859187442230720855e+00,2.856709370990239805e+00,2.854213373210241933e+00,2.851751205561796620e+00,2.849384201079399048e+00,2.847209161232116426e+00,2.845290465541997715e+00,2.843688978871412587e+00,2.842421223204986802e+00,2.841491145945460595e+00,2.840874037299262245e+00,2.840490498450078949e+00,2.840285390035373503e+00,2.840213682755720725e+00
2.878393330196669986e+00,2.878509673871964658e+00,2.878512127344773575e+00,2.878375245709654529e+00,2.878067868261545037e+00,2.877540318025634924e+00,2.876738829073191006e+00,2.875627375887615855e+00,2.874209918979369061e+00,2.872524996245213291e+00,2.870610395444507024e+00,2.868513270746948063e+00,2.866286243852795401e+00,2.863987876896514351e+00,2.861636665088179043e+00,2.859214925073500169e+00,2.856737997442034604e+00,2.854230382943053534e+00,2.851761528303144555e+00,2.849398794195944884e+00,2.847218485669775312e+00,2.845299055714680669e+00,2.843697947920809099e+00,2.842449261683781092e+00,2.841534417548236213e+00,2.840910614217412977e+00,2.840514115439999543e+00,2.840299879344157397e+00,2.840218281333613426e+00
2.878138848213206202e+00,2.878236979702242238e+00,2.878221906425670440e+00,2.878066425522558536e+00,2.877721649458316655e+00,2.877140999993799575e+00,2.876285402210234210e+00,2.875137278199233037e+00,2.873699381051839197e+00,2.872009002806294564e+00,2.870115479278076087e+00,2.868059446561717518e+00,2.865876345993167096e+00,2.863602705622100064e+00,2.861262577766094495e+00,2.858863888684660459e+00,2.856424604064612183e+00,2.853970878705061942e+00,2.851534614073782947e+00,2.849182121762175335e+00,2.847024648487479048e+00,2.845139640456297414e+00,2.843570782965132437e+00,2.842363973234868446e+00,2.841510532707038905e+00,2.840934822164194351e+00,2.840574915450796212e+00,2.840368880791330763e+00,2.840261171208238622e+00
2.877780118700386858e+00,2.877848143911564627e+00,2.877793543195902082e+00,2.877579922646563038e+00,2.877167274854155465e+00,2.876533624605055905e+00,2.875643594309922335e+00,2.874463098190313204e+00,2.873017386820047037e+00,2.871354665264513883e+00,2.869491637349047775e+00,2.867479779764699366e+00,2.865374569925884352e+00,2.863190447818478201e+00,2.860937507796188939e+00,2.858608580774440355e+00,2.856195653535036350e+00,2.853741169538637656e+00,2.851328018348656013e+00,2.849044203142083731e+00,2.846965509282211926e+00,2.845159513458333400e+00,2.843673751243352310e+00,2.842519489502001395e+00,2.841671499728559702e+00,2.841074134565058529e+00,2.840685946453230581e+00,2.840453688932111476e+00,2.840311559182523204e+00
2.877183907419901487e+00,2.877214366888655839e+00,2.877113445713729512e+00,2.876847855758827066e+00,2.876380804567117089e+00,2.875681453354096639e+00,2.874747229133403525e+00,2.873562245054972042e+00,2.872134906534216103e+00,2.870514101624609626e+00,2.868732856584908397e+00,2.866828108604872583e+00,2.864794237996126647e+00,2.862667611750448593e+00,2.860485386418751830e+00,2.858204827173703499e+00,2.855845970921761179e+00,2.853473186250869098e+00,2.851133345820707987e+00,2.848925578849075713e+00,2.846939658758048886e+00,2.845201523560787038e+00,2.843763592093813131e+00,2.842647254540486834e+00,2.841824060867539803e+00,2.841240451117216459e+00,2.840831075138071427e+00,2.840547800282781310e+00,2.840361770723543344e+00
2.876527731962222667e+00,2.876511763046798009e+00,2.876350661374859730e+00,2.876026284890571549e+00,2.875502301534866412e+00,2.874761869887533017e+00,2.873788036484727471e+00,2.872584972418129823e+00,2.871193353190289788e+00,2.869633559933501221e+00,2.867925757558464461e+00,2.866092207879041176e+00,2.864152410096142631e+00,2.862121183371325372e+00,2.859995778649990328e+00,2.857800015403936911e+00,2.855541992547864005e+00,2.853249110449059600e+00,2.850998178221973767e+00,2.848862475151700657e+00,2.846947475129996796e+00,2.845297051384697351e+00,2.843940057408997468e+00,2.842883678521218371e+00,2.842078071456496158e+00,2.841464635992076992e+00,2.840998216307956792e+00,2.840667128462929014e+00,2.840429736342633404e+00
2.977772062946932863e+00,2.977693485078981350e+00,2.977469463169158725e+00,2.977082281515596840e+00,2.976521954431244232e+00,2.975767610442235256e+00,2.974798985414047969e+00,2.973631555598574394e+00,2.972288557958498778e+00,2.970782417060380709e+00,2.969128868985323244e+00,2.967370440119632136e+00,2.965516114718061758e+00,2.963533370565926361e+00,2.961445878691884914e+00,2.959286341211455174e+00,2.957064693264637611e+00,2.954806602127693083e+00,2.952571612525851208e+00,2.950432918957929473e+00,2.948498932153928997e+00,2.946815030567795368e+00,2.945385159926237506e+00,2.944231341675922042e+00,2.943293369770637824e+00,2.942535803028364150e+00,2.941951733706894778e+00,2.941493856734781254e+00,2.941142606426756068e+00
2.978007130100961852e+00,2.977886035000059106e+00,2.977596510945003772e+00,2.977135331261702600e+00,2.976499198156768777e+00,2.975688068205888825e+00,2.974690517271751045e+00,2.973519605508361252e+00,2.972178138378963830e+00,2.970698652896444081e+00,2.969107405212447759e+00,2.967377560602078468e+00,2.965536839476118569e+00,2.963610246925754588e+00,2.961589354307391897e+00,2.959461991695686578e+00,2.957257111415686701e+00,2.955052133335384745e+00,2.952902638421597281e+00,2.950854914612526692e+00,2.948984278569699580e+00,2.947329150848413626e+00,2.945910063673786716e+00,2.944715114462285399e+00,2.943714600756258015e+00,2.942871570656144797e+00,2.942161778352531787e+00,2.941593853206413200e+00,2.941157620925656246e+00
2.978302165302718851e+00,2.978141090473463315e+00,2.977795835460135709e+00,2.977288580214934477e+00,2.976624651918188924e+00,2.975798438662116574e+00,2.974810283836473168e+00,2.973671089813427315e+00,2.972372904680551819e+00,2.970914910017095067e+00,2.969309349118903540e+00,2.967589062046989135e+00,2.965772523407999905e+00,2.963849351099717033e+00,2.961841232448215067e+00,2.959767528066404196e+00,2.957654192116872416e+00,2.955515231735279968e+00,2.953388459021752510e+00,2.951372584097723628e+00,2.949526119531301838e+00,2.947875734512549251e+00,2.946413778124531646e+00,2.945146818073019812e+00,2.944066462864197042e+00,2.943134494822660763e+00,2.942330716751471620e+00,2.941665240922041846e+00,2.941152780680310386e+00
2.978625173624076528e+00,2.978450158862926855e+00,2.978076420409836444e+00,2.977530502755354469e+00,2.976838169229911735e+00,2.976006344363026468e+00,2.975032184788056977e+00,2.973922153035738258e+00,2.972651974245027695e+00,2.971210765403315968e+00,2.969633569195509804e+00,2.967944603444217400e+00,2.966134366582522830e+00,2.964217322243395181e+00,2.962220011032315359e+00,2.960145870553874126e+00,2.958028592871284168e+00,2.955898769219951205e+00,2.953804352335514416e+00,2.951837601524520682e+00,2.950019986207304434e+00,2.948355713994080585e+00,2.946868087695025729e+00,2.945524824735153313e+00,2.944336269795615468e+00,2.943315574277121094e+00,2.942437784499600362e+00,2.941712230550755258e+00,2.941140429000670409e+00
2.978959676135860324e+00,2.978766222456417534e+00,2.978366499469150330e+00,2.977805290981673458e+00,2.977118526185278835e+00,2.976303914831803787e+00,2.975354814419311822e+00,2.974262669091130462e+00,2.973007075408990119e+00,2.971579638442041205e+00,2.970018613976417754e+00,2.968336808538540872e+00,2.966519841757404130e+00,2.964598587080025105e+00,2.962592347213596877e+00,2.960524363705685946e+00,2.958436707040184910e+00,2.956350818613547649e+00,2.954286044442847814e+00,2.952321844695517505e+00,2.950489684380240618e+00,2.948784094580495729e+00,2.947237757589136642e+00,2.945840695222610606e+00,2.944589845521977445e+00,2.943494012417464667e+00,2.942540757272549712e+00,2.941742094783613481e+00,2.941114678116367731e+00
2.979167020728772819e+00,2.978954899850960736e+00,2.978545955638459919e+00,2.978002871018452069e+00,2.977330327033364199e+00,2.976529778012559913e+00,2.975582181167173879e+00,2.974480466943122625e+00,2.973220596642131675e+00,2.971804761054313460e+00,2.970225867140043441e+00,2.968505629780214150e+00,2.966685702639382693e+00,2.964761582376214566e+00,2.962771818068765661e+00,2.960740827127134711e+00,2.958683287149479924e+00,2.956627174839907557e+00,2.954593781413952236e+00,2.952626221917835636e+00,2.950765669894575449e+00,2.949048668290184860e+00,2.947470321641871394e+00,2.946019736676803724e+00,2.944712892008653604e+00,2.943556377539025881e+00,2.942553597728805315e+00,2.941729498511671537e+00,2.941091934467696678e+00
2.979166468194416773e+00,2.978955430983600827e+00,2.978565813828114806e+00,2.978031658586200336e+00,2.977381195276967318e+00,2.976592512765748211e+00,2.975648902059023548e+00,2.974558003079649460e+00,2.973297994809374067e+00,2.971869935091880688e+00,2.970290363936044287e+00,2.968580187317380492e+00,2.966769799102378258e+00,2.964868640384955789e+00,2.962880556347870620e+00,2.960854322722398013e+00,2.958815490800059678e+00,2.956757623409302482e+00,2.954709351327742706e+00,2.952730995108703294e+00,2.950842939071213422e+00,2.949070417267208200e+00,2.947446354796511958e+00,2.945958056282343307e+00,2.944616118849867181e+00,2.943433411760281615e+00,2.942428784119686114e+00,2.941640846821146571e+00,2.941057582797268477e+00
2.979768234570150831e+00,2.979561855576971841e+00,2.979213718703534575e+00,2.978735166544977275e+00,2.978123843503857504e+00,2.977365268006283650e+00,2.976436988013209106e+00,2.975313241461645219e+00,2.973987292425408047e+00,2.972484455173626916e+00,2.970836114832669850e+00,2.969083818697676680e+00,2.967229522457381030e+00,2.965273621912044799e+00,2.963252998513737246e+00,2.961192599447004081e+00,2.959095764087106062e+00,2.956995803619244079e+00,2.954919113939049602e+00,2.952907729138814386e+00,2.950976556774425053e+00,2.949130567743660336e+00,2.947415111293179901e+00,2.945851278123493344e+00,2.944482640791137307e+00,2.943312161308821118e+00,2.942335496484485446e+00,2.941564714668642999e+00,2.940995334283769580e+00
2.980155962790618229e+00,2.979972894586833121e+00,2.979653558364733001e+00,2.979216721531968037e+00,2.978643573527930855e+00,2.977899656046128385e+00,2.976954902107298295e+00,2.975810874711919851e+00,2.974473291486299242e+00,2.972970027851156161e+00,2.971309913288299409e+00,2.969504551651880320e+00,2.967591330080168621e+00,2.965575119579222374e+00,2.963506421617629449e+00,2.961416855434611861e+00,2.959274185560579085e+00,2.957111581595673222e+00,2.954979302593446988e+00,2.952886274059324467e+00,2.950869797590961241e+00,2.948952466648578685e+00,2.947178206882149265e+00,2.945593026833225547e+00,2.944201513939020742e+00,2.943027407148672836e+00,2.942093720754754393e+00,2.941405322377625531e+00,2.940929018857757704e+00
2.980438491143255320e+00,2.980286777554733035e+00,2.980017275385029585e+00,2.979628067830096594e+00,2.979085421363103503e+00,2.978346390862332438e+00,2.977396325744241068e+00,2.976214737074291072e+00,2.974801759762061071e+00,2.973190659122807666e+00,2.971441374714165917e+00,2.969579054836054333e+00,2.967603434355358338e+00,2.965569222983788222e+00,2.963484844729814327e+00,2.961357264339884665e+00,2.959193121197972509e+00,2.956995495170646748e+00,2.954809443939229396e+00,2.952660617385528319e+00,2.950578671112149554e+00,2.948605539283800869e+00,2.946805266602269491e+00,2.945207424296569343e+00,2.943832655822772537e+00,2.942726729243162254e+00,2.941868636410855053e+00,2.941255150385188255e+00,2.940875177922103845e+00
