# # absorbed_flux[i, j] in W/m^2: i is index of the azimuthal position on the receiver surface (counter-clockwise from South); and j is index of height on the receiver from bottom to top.
-2.457504021517532237e+04,-1.476418274647328326e+04,-3.895646033062997503e+03,7.280884457743914936e+03,2.549665483174197288e+04,5.181571276218091953e+04,8.000917938517360017e+04,1.136880752315792488e+05,1.581418559230985120e+05,2.041161074958682293e+05,2.466994602463999763e+05,2.883668287028632476e+05,3.172799594500745879e+05,3.485661367086542305e+05,3.650236124866653117e+05,3.776060060027703876e+05,3.804117876443600398e+05,3.812908232615094166e+05,3.774320559032972669e+05,3.602200113938644063e+05,3.384330394342511427e+05,3.002558944180050166e+05,2.571130521075370198e+05,2.158228464507377357e+05,1.712981948625278601e+05,1.258761538751118351e+05,8.282439848451416765e+04,5.013670077748721087e+04,2.415258971333745285e+04
-3.309085344416080625e+04,-2.137188149952620370e+04,-8.613565041584795836e+03,3.150568804751303105e+03,2.430689266242575832e+04,4.874928795125204488e+04,8.107997783032547159e+04,1.292768711040435010e+05,1.707848100012210489e+05,2.189765699820051668e+05,2.727999354632413015e+05,3.139930881268265075e+05,3.494655842471609940e+05,3.788952615528096212e+05,4.046565478001449956e+05,4.112021620713398443e+05,4.104008192776890937e+05,4.126197785126336967e+05,4.056996718473534565e+05,3.893084545621844009e+05,3.553646111588411732e+05,3.219555789194225217e+05,2.754284434715114185e+05,2.215225402653797064e+05,1.663220392967740190e+05,1.205994228666497220e+05,7.866834132378354843e+04,4.309015356979130593e+04,1.588845556946624492e+04
-3.945098353068961296e+04,-2.698908217731855621e+04,-1.462771077070045067e+04,1.981210751433958194e+03,2.219413370378949548e+04,5.237800068368621578e+04,9.152137895044367178e+04,1.381261149904916820e+05,1.889570618349392025e+05,2.468851656569450279e+05,3.004506166866503190e+05,3.449242258140895865e+05,3.867817868072742131e+05,4.172901874848405714e+05,4.261331707942321664e+05,4.523758881848435849e+05,4.493489754847213044e+05,4.479610901482381742e+05,4.317453895185252186e+05,4.204114807389624766e+05,3.831746145294680609e+05,3.365946745682946639e+05,2.795037019059851300e+05,2.274309494105114718e+05,1.653399176982226199e+05,1.113479248173405504e+05,7.018668847991884104e+04,3.459266930294325721e+04,6.157401085719892762e+03
-4.377369323649831495e+04,-3.005799988112110441e+04,-1.802381207126810841e+04,-1.422369834763931294e+03,2.394140255294404051e+04,5.466561190993316995e+04,9.718453837921391823e+04,1.535044861623132892e+05,2.107257667962257983e+05,2.693087081638241652e+05,3.308700053547304706e+05,3.713042475410517654e+05,4.117153849387152004e+05,4.471403562908098684e+05,4.608205869132183725e+05,4.778730346824527951e+05,4.775837437947428552e+05,4.806926160586045007e+05,4.618509208970975014e+05,4.430148390614709933e+05,4.015966325951869949e+05,3.490638300824714242e+05,2.884688935590148903e+05,2.252247735933619551e+05,1.628697678442119504e+05,1.065919653772632155e+05,5.949505878018953808e+04,2.494950897270444329e+04,-1.905243112814415781e+03
-4.689493209177259268e+04,-3.464743397164071939e+04,-2.121622064915403826e+04,-3.098946242855717173e+03,2.319365031481544429e+04,5.902842296760527097e+04,1.072535909626318171e+05,1.622680579494783306e+05,2.270402584034874744e+05,2.927047913413889473e+05,3.519525534141394310e+05,4.098864001161403721e+05,4.517841883966681198e+05,4.659764414092659717e+05,4.912432564377182280e+05,4.957344105864812154e+05,5.095655403772030841e+05,5.046698182540001580e+05,4.907498456339450786e+05,4.587716853256984032e+05,4.153423239365663030e+05,3.561794566589219612e+05,2.962856585014986922e+05,2.213770510078404041e+05,1.537745598137837951e+05,9.154047397266865300e+04,4.830386162373778643e+04,1.478939448635879671e+04,-1.041473556511659081e+04
-4.888056536035566387e+04,-3.466479239806064288e+04,-1.940930861658525100e+04,-4.949420936496745526e+03,2.159067049606500223e+04,5.987641327704513969e+04,1.104371000446807448e+05,1.705878606274158228e+05,2.404692618363305810e+05,3.063629147227953072e+05,3.749692097757432493e+05,4.318146657083680038e+05,4.697255190674883197e+05,4.921281552315945737e+05,5.118257597433923511e+05,5.222576611276543699e+05,5.287201311092554824e+05,5.204420869344670209e+05,5.093437568990124273e+05,4.813776759009264060e+05,4.344588286645130720e+05,3.669765839402218116e+05,2.927407382541506086e+05,2.167053787325994344e+05,1.456490482250537025e+05,8.553757020598865347e+04,3.786791897938693728e+04,4.448664360437020150e+03,-1.613224265677514086e+04
-4.915582214768965787e+04,-3.751067224346494186e+04,-2.494303781212696776e+04,-3.288578672914961771e+03,2.449256501108843804e+04,6.882065904558327748e+04,1.189241764916346146e+05,1.831980459893039661e+05,2.656375300746843568e+05,3.273237572958719102e+05,4.054400784550930257e+05,4.507388118322076625e+05,4.833342724789653439e+05,5.168081076824410120e+05,5.253786505925247911e+05,5.415153054684734670e+05,5.504775772247873247e+05,5.468739878815328702e+05,5.292615509920947952e+05,4.891217849469594075e+05,4.487035074315075763e+05,3.671376424958789139e+05,2.911674647157589206e+05,2.108562845991123468e+05,1.363339940275735862e+05,7.557663484166107082e+04,2.987215355563779667e+04,-3.910151152229529089e+03,-1.890647461962110538e+04
-5.017587244842867949e+04,-3.737306064878093457e+04,-2.430013718651885210e+04,-3.974534557147437681e+03,2.788850006634062083e+04,7.004533063479677367e+04,1.269916739246752986e+05,1.939234776680253271e+05,2.733046687124134623e+05,3.480627330889906152e+05,4.085486884142628987e+05,4.626656586672347039e+05,5.063293400047299219e+05,5.250364355938771041e+05,5.488111228565194178e+05,5.623852634848614689e+05,5.625101562284401152e+05,5.623404340429347940e+05,5.439883830598617205e+05,5.007950339197475696e+05,4.410171120824773679e+05,3.720021202521391679e+05,2.833154688626809511e+05,1.995556053509223857e+05,1.232434882965279830e+05,6.550349842894441099e+04,1.721161899654638910e+04,-6.921712889360521331e+03,-2.539029171744357882e+04
-4.913953151027221611e+04,-3.889166679750385083e+04,-2.598553708027720859e+04,-2.605690447895656234e+03,2.930089911350866896e+04,7.392716252712381538e+04,1.393510860080764978e+05,2.075151907641939761e+05,2.829298319655539235e+05,3.614826854804586619e+05,4.306506790764585021e+05,4.723167916169376113e+05,5.015608209155080258e+05,5.338611972116706893e+05,5.423640027866880409e+05,5.619207613333755871e+05,5.724907691118384246e+05,5.723262857574097579e+05,5.517829016858374234e+05,5.072993507315706811e+05,4.558623045957823051e+05,3.663662729262110079e+05,2.810895253060607356e+05,1.856243737455683004e+05,1.135831358306711627e+05,5.106727610495926638e+04,1.280408333643443439e+04,-1.656950024076767659e+04,-2.872147832214948721e+04
-4.829879425003849610e+04,-4.237315061355224316e+04,-2.562542449987963846e+04,-5.603058877968212073e+03,3.399486952538145124e+04,8.019501005776828970e+04,1.471995504271688988e+05,2.201204676525557588e+05,3.063681247623857926e+05,3.769057722650867072e+05,4.413756456151876482e+05,4.866150515178930946e+05,5.305593739697304554e+05,5.461488337983947713e+05,5.576219804554458242e+05,5.773827456333909649e+05,5.758261852526403964e+05,5.753452140174007509e+05,5.638923263176616747e+05,5.170239042910547578e+05,4.448422950569303357e+05,3.625153815942598740e+05,2.694832387224419508e+05,1.776532054975468782e+05,1.033898424669239903e+05,3.742368827397117275e+04,3.504290890735878747e+03,-2.057197478782379403e+04,-3.286430599119890394e+04
-4.588668472069312702e+04,-3.596478542223265686e+04,-2.181912938260543160e+04,2.310649190290705519e+03,4.132852220798097551e+04,9.347648772044248472e+04,1.642590574306592753e+05,2.483843119779556582e+05,3.376562920805157046e+05,4.258547007061763434e+05,4.999277495007595862e+05,5.545961338928956538e+05,5.750711510005514137e+05,6.105339625725732185e+05,6.254429805482083466e+05,6.509380347870944533e+05,6.573729550830944208e+05,6.504796597981724190e+05,6.371047041757631814e+05,5.831781586057503009e+05,5.147752555628382834e+05,4.148898262466138694e+05,3.178708945345510729e+05,2.185886662023668177e+05,1.333234151546772628e+05,6.867018179826397682e+04,2.258944585303528220e+04,-2.572466654901202673e+03,-1.924557670929509550e+04
-4.780600814737680048e+04,-3.683934447248562356e+04,-2.282629701998468590e+04,1.843795010290851224e+03,4.235911880700177426e+04,1.017644672653136950e+05,1.758974335502710601e+05,2.679408720710309572e+05,3.616270169882757473e+05,4.536329611669463338e+05,5.226746587474022526e+05,5.803930444881195435e+05,6.150471200291388668e+05,6.378762204847803805e+05,6.616051956968997838e+05,6.745557896037696628e+05,6.855364396799511742e+05,6.891013936695534503e+05,6.699927565029705875e+05,6.138387371123842895e+05,5.374354403292550705e+05,4.523129452371769585e+05,3.400924492085479433e+05,2.368482904687023547e+05,1.421444169402382104e+05,7.444905902514034824e+04,2.916356638553768062e+04,-7.144409489224926801e+02,-1.733080078829107879e+04
-4.839182844218550599e+04,-3.638163761855300982e+04,-1.949017327457383362e+04,2.268236799483629511e+03,4.432266662567063031e+04,1.066768348065387108e+05,1.866527791686080454e+05,2.888514257591548376e+05,3.848107309474665090e+05,4.798394014642658294e+05,5.595886666600488825e+05,6.073750272554452531e+05,6.390205910927383229e+05,6.678507665037531406e+05,6.923124920888452325e+05,7.028424172292058356e+05,7.103233769592589233e+05,7.048496734174158191e+05,6.948229619093680521e+05,6.346125398179293843e+05,5.685453019750458188e+05,4.651273213424312416e+05,3.518540838490091264e+05,2.420738900721590908e+05,1.431786145013865607e+05,7.012852424868791422e+04,2.815604233249598838e+04,-2.184349451908706214e+03,-2.052800108894255391e+04
-4.827056273775166483e+04,-3.656022418914816808e+04,-1.956607881876642932e+04,5.933611299609437992e+03,5.075479430061708990e+04,1.126583979365220002e+05,2.017738175335291016e+05,3.006280114644255955e+05,4.171491022877956857e+05,5.089598068709687795e+05,5.836027549895119155e+05,6.361867001034115674e+05,6.616609805972090689e+05,6.996728674031865085e+05,7.101262814954167698e+05,7.201237815141513711e+05,7.273320147178133484e+05,7.481026052166849840e+05,7.181933848072013352e+05,6.683455341550029116e+05,5.879922076045176946e+05,4.858374534303070977e+05,3.612741595023809932e+05,2.425318548616067565e+05,1.497022194061703922e+05,7.602127900991414208e+04,2.359187345865160751e+04,1.070841655844333445e+03,-1.780613151676777488e+04
-4.995087540542983334e+04,-3.358012279939012660e+04,-1.822903006351427757e+04,1.008416211466716595e+04,5.522899439831017662e+04,1.167582913328344002e+05,2.120991351947292860e+05,3.238499416665373719e+05,4.275317641969028627e+05,5.350302960946408566e+05,6.099109211481367238e+05,6.672698326094445074e+05,6.957958799269443844e+05,7.055068507449955214e+05,7.240848305006318260e+05,7.474000740559770493e+05,7.511416838104377966e+05,7.504721208665797021e+05,7.376062916302822996e+05,6.857841904580296250e+05,6.111519144662715262e+05,4.955476657412822242e+05,3.692652655328271794e+05,2.500963854834070371e+05,1.544741717964604613e+05,8.005433698859062861e+04,2.897827052686399475e+04,-9.974040915491347050e+02,-1.558280538334204721e+04
-4.916222051899157668e+04,-3.362966523559955385e+04,-1.553504717449495911e+04,1.808771418495705802e+04,6.044466128677138477e+04,1.348155733529180288e+05,2.264066855999765394e+05,3.397946073837182485e+05,4.657377765332725830e+05,5.607827097987260204e+05,6.397105934274699539e+05,6.883944543275703909e+05,7.152954038389776833e+05,7.239699074060255662e+05,7.422074481357051991e+05,7.485742484159733867e+05,7.653918543641626602e+05,7.568442604545304785e+05,7.459574474392123520e+05,6.932616479670730187e+05,6.107561227141136769e+05,4.997077411735690548e+05,3.717617505064315046e+05,2.543592582204137580e+05,1.520699788538393332e+05,7.923277811999790720e+04,2.903929315113153643e+04,-3.069048834967747553e+03,-1.734771285717516002e+04
-4.720032719680981972e+04,-3.018775761175917796e+04,-1.351447421553858840e+04,2.042161704581622325e+04,6.870416810058229021e+04,1.436972399917092698e+05,2.440195557385330612e+05,3.541536579550630995e+05,4.797227300222297781e+05,5.823540961376979249e+05,6.720540737739240285e+05,7.127812924832854187e+05,7.236596366858789697e+05,7.375935924973036163e+05,7.463200985332360724e+05,7.622896333775493549e+05,7.733296699425730621e+05,7.681148798374237958e+05,7.541369773054111283e+05,7.097164151075981790e+05,6.233459378336556256e+05,5.025439487854775507e+05,3.763522906996564707e+05,2.446752244168735924e+05,1.462774847036045685e+05,6.932943105703411857e+04,2.755540372894500251e+04,-1.401183013680527210e+03,-1.826813208081422272e+04
-4.361479382989040460e+04,-3.177278933544340907e+04,-1.049496972675436882e+04,2.175063147045620644e+04,7.151771829855789838e+04,1.539196967851080117e+05,2.618705693304138549e+05,3.793747232835399918e+05,5.097569505643433658e+05,6.066576483425848419e+05,6.911683138780649751e+05,7.212426119155513588e+05,7.523683651641191682e+05,7.548316512946377043e+05,7.560479909942377126e+05,7.752155558631710010e+05,7.695108751550641609e+05,7.756977871511181584e+05,7.528308942921087146e+05,6.891976829766873270e+05,6.150462080595344305e+05,5.000994390392978094e+05,3.702071976303723641e+05,2.437448675740425824e+05,1.378985117863238265e+05,6.528499219711296610e+04,2.324590728494800715e+04,-3.904807027522731005e+03,-1.700019212824942224e+04
-4.116966025551196799e+04,-2.900296468676247969e+04,-5.934674817496576907e+03,2.855348960813387748e+04,8.015273410033766413e+04,1.725372989207821956e+05,2.733585052995844162e+05,4.047613838487824542e+05,5.277423328591469908e+05,6.241202838281610748e+05,6.873336782506867312e+05,7.342616165139573859e+05,7.377957272676717257e+05,7.575637896871198900e+05,7.526578717696239473e+05,7.612690227371465880e+05,7.693094837365437998e+05,7.808571023496139096e+05,7.405079516167505644e+05,6.966834532170803286e+05,6.030067011985776480e+05,4.846058666309488472e+05,3.577566248390949331e+05,2.298102361931019113e+05,1.303470788877571176e+05,6.313561317701623193e+04,2.365222625172650805e+04,-1.958573786703411997e+03,-1.735746826068492737e+04
-4.007349910715060105e+04,-2.679563301569195391e+04,-7.032700826467629668e+03,3.302654297618751298e+04,9.233315153036707488e+04,1.841729064260985178e+05,2.992598107530813431e+05,4.269671690770374844e+05,5.565345576576456660e+05,6.454004035397537518e+05,6.972990856348684756e+05,7.372362172325253487e+05,7.364980257757861400e+05,7.537304738922248362e+05,7.412030064131860854e+05,7.517834945294019999e+05,7.550028883904191898e+05,7.599436079495832091e+05,7.433560049239029177e+05,6.714111354051743401e+05,5.932243310046482366e+05,4.674787221282998216e+05,3.328698904313537059e+05,2.181925042955941462e+05,1.220357521445142193e+05,5.731160534861211636e+04,2.074944518879766474e+04,-5.454631991508070314e+03,-1.901763696288492429e+04
-8.876474947954409799e+03,7.139543113705218275e+03,3.580307367583319137e+04,7.600218386611971073e+04,1.442932813881290203e+05,2.354171058635444206e+05,3.680237818462084397e+05,5.159566203143968014e+05,6.399380590449545998e+05,7.459876745200171135e+05,8.160062167975839693e+05,8.456223542153909802e+05,8.452677755082407966e+05,8.426363208035931457e+05,8.339766302078355802e+05,8.272180193035347620e+05,8.254092683361910749e+05,8.314619199737296440e+05,7.956079018108033342e+05,7.496909263540074462e+05,6.550173090612131637e+05,5.189906582679445273e+05,3.818591554222325794e+05,2.576103921197467716e+05,1.579911615501186170e+05,8.647235455152548093e+04,4.324816991229670384e+04,1.390089470916304344e+04,-7.606999194417780018e+03
-7.522624551858129053e+03,1.208260818885157278e+04,3.999038851229844295e+04,8.062159938393339689e+04,1.531103118699745974e+05,2.643535834996015765e+05,3.900449641188975074e+05,5.378841512904973933e+05,6.859679999084876617e+05,8.046338167098801350e+05,8.588933894931215327e+05,8.743467850178701337e+05,8.903632359958307352e+05,8.635928849940276705e+05,8.617806151304033119e+05,8.535205697307335213e+05,8.565043687492691679e+05,8.278471551820706809e+05,7.989275378232555231e+05,7.398840338897887850e+05,6.525813471434284002e+05,5.335351435792701086e+05,4.000052583879596204e+05,2.725161763234193786e+05,1.654712510623865819e+05,9.662975358268016134e+04,5.095489124971189449e+04,1.910318455561996961e+04,-7.069437490058117874e+03
-6.642808004838361740e+03,1.498878246224761824e+04,4.039488776029992005e+04,8.983048118729305861e+04,1.638485222809705301e+05,2.724112292257846566e+05,4.178370511508779600e+05,5.761821788289920660e+05,7.210205708185837138e+05,8.411620217658571200e+05,9.031445845360009698e+05,9.275147083831677446e+05,9.080033590777976206e+05,8.919381656134760706e+05,8.834250615201940527e+05,8.731410745921020862e+05,8.546102425739091123e+05,8.451129792271214537e+05,8.218765620977587532e+05,7.638834250945372041e+05,6.871910437478802633e+05,5.538794328971737996e+05,4.243900948420112254e+05,2.864884486815885757e+05,1.833322309556522232e+05,1.080568526969489758e+05,5.715320575588421343e+04,2.159043304422815709e+04,-1.581541907688432957e+03
-5.133281220811306412e+03,1.835221279917719221e+04,4.852666101169442845e+04,9.997190128459161497e+04,1.699359435438048386e+05,2.799750909280302003e+05,4.376445908353772247e+05,5.923883089909689734e+05,7.569904498155843467e+05,8.707398181997528300e+05,9.225680386954369023e+05,9.411373603927654913e+05,9.511555754475131398e+05,9.110869400288275210e+05,8.911425255029428517e+05,8.758325254992184928e+05,8.662735193620955106e+05,8.653220399563185638e+05,8.355224793758692686e+05,7.771878391201361082e+05,6.842111285282250028e+05,5.738757368296536151e+05,4.324319039840062032e+05,3.059510262281874893e+05,1.987695466573929007e+05,1.153552025488284853e+05,6.016833965219117090e+04,2.728798505601202123e+04,5.764522557697913498e+02
-5.406634216638653925e+03,1.830493653330726374e+04,5.166972761191710742e+04,1.099236390641571779e+05,1.921285064538057486e+05,3.106208178158630035e+05,4.703920861015230184e+05,6.353130134504068410e+05,7.858602659425527090e+05,8.863693286918071099e+05,9.526871759245272260e+05,9.658974248116115341e+05,9.544653725202062633e+05,9.261277277346757473e+05,8.961469779608056415e+05,8.931952539481538115e+05,8.772159235031993594e+05,8.648381016776768956e+05,8.316494478361723013e+05,7.715665847639988642e+05,6.955778801243280759e+05,5.679099453505974961e+05,4.513662974814779009e+05,3.212036006442471407e+05,2.125703088165817317e+05,1.238140928581680928e+05,6.971766284857154824e+04,3.064259986280925659e+04,7.812289090364714866e+03
-2.423132317980263451e+03,3.270088071638497786e+04,6.287263435575345648e+04,1.265872107681998314e+05,2.125798341496780922e+05,3.321921529881258612e+05,4.944333197087247390e+05,6.523524675694878679e+05,8.100212360729423817e+05,9.026461985542596085e+05,9.746055434985931497e+05,9.803877861263654195e+05,9.637860033870977350e+05,9.260217111923188204e+05,9.146127893798134755e+05,9.004926930834098021e+05,8.822353020400007954e+05,8.635824456072761677e+05,8.259205991754534189e+05,7.954096968579451786e+05,6.959282729994565016e+05,5.973673153475173749e+05,4.504327553373215487e+05,3.283739395223454339e+05,2.211390310195533093e+05,1.460182491892433027e+05,7.902975900123876636e+04,3.514392394109260931e+04,6.892319348512242868e+03
2.054855451526113029e+03,3.733090413719503704e+04,7.624511664214821940e+04,1.330866584371220961e+05,2.296018782152238418e+05,3.529288339628540562e+05,5.028638708454472944e+05,6.846625236528499518e+05,8.140871504409672925e+05,9.197174002678490942e+05,9.588357531326877652e+05,9.756517167952076998e+05,9.488476721683674259e+05,9.366627381550410064e+05,8.924948489061708096e+05,8.781310526477940148e+05,8.623011242271068040e+05,8.526272620796549600e+05,8.192119438257401343e+05,7.825605327859563986e+05,6.939413715831200825e+05,6.061573780276759062e+05,4.709152504075466422e+05,3.468736169861288508e+05,2.268935751994908496e+05,1.488225785967826960e+05,8.339041318131891603e+04,3.955652076532954379e+04,1.517790800661795765e+04
1.318865349270330626e+04,4.319463872165077191e+04,8.645445995647917152e+04,1.502891200774800964e+05,2.511783489165486244e+05,3.801556203813322354e+05,5.407816094655130291e+05,6.865103784273045603e+05,8.227180448847892694e+05,9.134175736818346195e+05,9.431836193767345976e+05,9.572331600879818434e+05,9.280405823337645270e+05,9.090111810718104243e+05,8.809067386415350484e+05,8.722932555633509764e+05,8.510904281579714734e+05,8.572428556392833125e+05,8.359802607084774645e+05,7.723317649317840114e+05,7.059518556523696752e+05,5.997209960097891744e+05,4.808882210467274999e+05,3.578732007277324446e+05,2.486832538587262970e+05,1.615058523011423240e+05,8.966298523810748884e+04,5.012898902280176844e+04,1.600109393599914256e+04
1.797537981687830688e+04,5.116806529501069599e+04,9.902924730923370225e+04,1.700448043617401563e+05,2.744220605740316096e+05,3.989161551120607182e+05,5.392991276172706857e+05,6.997260344662991120e+05,8.068050651326943189e+05,8.945693015818131389e+05,9.246893386634883936e+05,9.476213315758799436e+05,9.169993693903959356e+05,9.053991786209322745e+05,8.755372797992415726e+05,8.687047357807072112e+05,8.478654061385510722e+05,8.426727961613881635e+05,8.050231126828412525e+05,7.534753167602713220e+05,6.934035269898917759e+05,6.006351433822483523e+05,4.802521649897795287e+05,3.710949396967635257e+05,2.596111855150871561e+05,1.675003397763252142e+05,1.006972415275044623e+05,4.836931297476132750e+04,1.384022857571306304e+04
2.851762577653097105e+04,6.039487227029181668e+04,1.142706789781602274e+05,1.902602662400259869e+05,2.869558123143825214e+05,4.214597669656582875e+05,5.554326812347362284e+05,6.924693697146240156e+05,8.066907488102373900e+05,8.684892181169742253e+05,9.046361403785720468e+05,8.951371176224573283e+05,8.853516463605655590e+05,8.754734366078667808e+05,8.484989562298558885e+05,8.370604700211979216e+05,8.236273744617204648e+05,8.196599597660332220e+05,7.944949973537587794e+05,7.526601019117452670e+05,6.792752172046479536e+05,5.970768096864275867e+05,4.985862098707959522e+05,3.834579745128116338e+05,2.632471594676956884e+05,1.779417227589557297e+05,9.863798795644947677e+04,5.686452243498101598e+04,1.634088493557186121e+04
5.145778186426886532e+04,9.327367118100151129e+04,1.616076699342499487e+05,2.441689890250443714e+05,3.630085907587760012e+05,4.916025137395517668e+05,6.323996298979407875e+05,7.526122221851419890e+05,8.425326208974542096e+05,9.066972709934856975e+05,9.439926157058975659e+05,9.460639041281329701e+05,9.269892758683381835e+05,9.240920069189307978e+05,9.222307238277611323e+05,9.065893938481603982e+05,9.039298967454293743e+05,8.825755841322523775e+05,8.774242504104403779e+05,8.358777003161014291e+05,7.822503777991936076e+05,7.182824380644591292e+05,6.034713269662332023e+05,4.950528081085841404e+05,3.730495094548061024e+05,2.686751617773646722e+05,1.818397733130564447e+05,1.182110766863033787e+05,7.700419534093810944e+04
4.826783885015264241e+04,9.920966181684625917e+04,1.680492950776667567e+05,2.747608240988365142e+05,3.928831530367976520e+05,5.147896018935651518e+05,6.547042286627402063e+05,7.642917968705915846e+05,8.765138266240856610e+05,9.192026220682341373e+05,9.388772102596206823e+05,9.500425265447596321e+05,9.441999505552807823e+05,9.257606226016081637e+05,9.069747232746996451e+05,9.194749484244363848e+05,8.980485512175798649e+05,8.890843839993218426e+05,8.770380246918603079e+05,8.566049154191233683e+05,8.229626236820946215e+05,7.484499988285579020e+05,6.547402257293920266e+05,5.287981742521171691e+05,4.128150637823667494e+05,2.990625742254949873e+05,2.129143629210979852e+05,1.381459152733146329e+05,8.475008513654139824e+04
5.532891093834044295e+04,1.178095868652615754e+05,1.899977659952211252e+05,2.972426349546752754e+05,4.175408466056134203e+05,5.455739277018890716e+05,6.789087569975942606e+05,8.011937068344602594e+05,8.802767261301822728e+05,9.265039018333296990e+05,9.508886263864426874e+05,9.639723625450498657e+05,9.414093706126094330e+05,9.359360721953556640e+05,9.305635626700713765e+05,9.130104184097994585e+05,9.126593151140016271e+05,9.039489651697294321e+05,8.852003949095797725e+05,8.714167831199622015e+05,8.217565271142229903e+05,7.697875767016839236e+05,6.792640349636533065e+05,5.634027871395914117e+05,4.412182659730902524e+05,3.294354377137181582e+05,2.255007557131447829e+05,1.566481154139297432e+05,1.012450653666289436e+05
6.252513237066130387e+04,1.285476374838151969e+05,2.116052520823814266e+05,3.117877365814892109e+05,4.386479554617430549e+05,5.757548699752859538e+05,7.091477636940794764e+05,7.982365422620902536e+05,8.847074605547263054e+05,9.160506810749975266e+05,9.540535832997022662e+05,9.614745755247486522e+05,9.552916327318182448e+05,9.311688444157212507e+05,9.372231830406361260e+05,9.149210544521930860e+05,9.132163364125586813e+05,9.090722710407581180e+05,8.890675493426924804e+05,8.760490539611191489e+05,8.481197903360698838e+05,7.803632081844343338e+05,7.013760819233250804e+05,5.968403370767699089e+05,4.878974153316795710e+05,3.585489793083348777e+05,2.464604936866571661e+05,1.704660327357437054e+05,1.089709196923258860e+05
7.048945050570956664e+04,1.475669443180390517e+05,2.330222873377007199e+05,3.483781739695135038e+05,4.650644103665828006e+05,6.029228320890533505e+05,7.231494538173035253e+05,8.224157496687211096e+05,8.942578398063046625e+05,9.239670725972397486e+05,9.492046439078794792e+05,9.384249297307605157e+05,9.206494912225849694e+05,9.277599536135287490e+05,9.277440899574254872e+05,9.057531579183875583e+05,9.171292090863388730e+05,8.879504845189090120e+05,8.900563733460577205e+05,8.652000953441547463e+05,8.548912522085880628e+05,8.016995959321220871e+05,7.113820789179824060e+05,6.117861830641827546e+05,5.036862216407605447e+05,3.737669533921256661e+05,2.674196835665930994e+05,1.794550553037890350e+05,1.215099987228237296e+05
8.183527669357159175e+04,1.653227399117036257e+05,2.614628758247176884e+05,3.719845145029323176e+05,4.966742694367535296e+05,6.298133689838200808e+05,7.471192702853532974e+05,8.408432718801186420e+05,8.701216909051586408e+05,9.115084020250126487e+05,9.244770799526851624e+05,9.335292876855905633e+05,9.243972897849446163e+05,9.214905183751360746e+05,9.103521102905460866e+05,8.955315633827205747e+05,8.801683719662802760e+05,8.886971938356007449e+05,8.770842703990282025e+05,8.677856096699201735e+05,8.546296727202613838e+05,8.039246063383877045e+05,7.151138807266353397e+05,6.254192006988381036e+05,5.046311960159674054e+05,3.855234251067194855e+05,2.775255455743621569e+05,2.002791313186262851e+05,1.370833353179444384e+05
1.070901258939672116e+05,1.968960218085787783e+05,2.910293869085581391e+05,4.049567611704992014e+05,5.208172690722671105e+05,6.382575583956086775e+05,7.475310814328031847e+05,8.230145374799187994e+05,8.749237082130344352e+05,8.979652871186967241e+05,9.137732171105244197e+05,9.066238558418627363e+05,9.196667391350978287e+05,8.989426348015478579e+05,8.918427469256763579e+05,8.872606796400496969e+05,8.742121686268612975e+05,8.834941543289029505e+05,8.790978128629075363e+05,8.552763395022347104e+05,8.354218942362588132e+05,7.813989087639204226e+05,7.088507114209985593e+05,6.361092551931232447e+05,5.116677089558846201e+05,4.014938387219391298e+05,2.960781356456376961e+05,2.120975985741937766e+05,1.479156494201658061e+05
1.354714749335805245e+05,2.260326283254713635e+05,3.252050652814961504e+05,4.273561003740452579e+05,5.394378486528267385e+05,6.529999286283643451e+05,7.511078778082614299e+05,8.090800059095283505e+05,8.559972420852596406e+05,8.612784295818827813e+05,8.875665930144208251e+05,8.796043934919269523e+05,8.714363793684926350e+05,8.797697958733347477e+05,8.780732164836815791e+05,8.573189118189840810e+05,8.486257447023669956e+05,8.555151521567369346e+05,8.570988445193354273e+05,8.336616720932520693e+05,8.069180033884958830e+05,7.700731659482566174e+05,6.987643657206677599e+05,6.153987934009339660e+05,5.082281415303371614e+05,4.004613215270971414e+05,3.063166288918091450e+05,2.280814041644306853e+05,1.644531847039390123e+05
1.721512635647240968e+05,2.662683310942056123e+05,3.607601707172907772e+05,4.527201032544148620e+05,5.603646621956349118e+05,6.571891192952805432e+05,7.400101872935736319e+05,7.883252670679551084e+05,8.409638675022973912e+05,8.628855220398736419e+05,8.584145951437783660e+05,8.524243440648016986e+05,8.612392618193932576e+05,8.549624172740102513e+05,8.483608848486455390e+05,8.533846458889131900e+05,8.334139237849264173e+05,8.307012500284505077e+05,8.167296209941223497e+05,8.248811166262750048e+05,7.949230680646324763e+05,7.478968612127535744e+05,6.855169883394788485e+05,6.013487799926487496e+05,5.131229897841320490e+05,4.087742867360183154e+05,3.206590502928837086e+05,2.285561511301142746e+05,1.734275491344928450e+05
2.209356235056506412e+05,3.004018304943881230e+05,3.939522170746099437e+05,4.839453438324656454e+05,5.653887660665567964e+05,6.450635621958810370e+05,7.238094088302085875e+05,7.759155776902249781e+05,7.972398129969191505e+05,8.242394202960367547e+05,8.299913005391726037e+05,8.344414683631969383e+05,8.239026061876402237e+05,8.344066291285608895e+05,8.208631951519799186e+05,8.163687902906178497e+05,8.099630027602716582e+05,8.059157413131257053e+05,7.804716727861328982e+05,7.798223351753328461e+05,7.550999364532942418e+05,7.195458147549403366e+05,6.481327378851820249e+05,5.804730741707987618e+05,4.940873948103119037e+05,4.102613755830099690e+05,3.280458957699161256e+05,2.470243570402206096e+05,1.794936099754595198e+05
2.754147734982565744e+05,3.781203345506836195e+05,4.559379899410007638e+05,5.458087516807519132e+05,6.221077736368451733e+05,6.912264786228404846e+05,7.478996435598925455e+05,7.929637485787577461e+05,8.171551606910979608e+05,8.385111979913860559e+05,8.422344453388670227e+05,8.480655886900107143e+05,8.438410850487094140e+05,8.284700680703363614e+05,8.405877965249411063e+05,8.169584853455022676e+05,7.979337057295035338e+05,7.991196418667164398e+05,7.827039171451864531e+05,7.871552200621278025e+05,7.529510192650343524e+05,7.181248281838854309e+05,6.538523519793052692e+05,5.864320051033197669e+05,5.206027117127535748e+05,4.418689070389118278e+05,3.589430039227222442e+05,2.746561332418969832e+05,2.116791667937483289e+05
2.899318578737457865e+05,4.031766602935620467e+05,4.834720419626468793e+05,5.760759915432548150e+05,6.470133044215649134e+05,7.129584810057737632e+05,7.522166103879450820e+05,8.061459836206308100e+05,8.310563070965051884e+05,8.389761538847542834e+05,8.497253570470145205e+05,8.465008381269380916e+05,8.425023282416906441e+05,8.274388356647050241e+05,8.446416038112947717e+05,8.291045455140734557e+05,8.134600824687535642e+05,8.020028812824898632e+05,7.894645342929966282e+05,7.763688217603727244e+05,7.369172902736302931e+05,7.116830553314670688e+05,6.690159442230635323e+05,5.949887149067072896e+05,5.409104976199506782e+05,4.600460919343201676e+05,3.837827368455975084e+05,3.082488765887332847e+05,2.313855376881164266e+05
2.959321602552183904e+05,4.306793471569405519e+05,5.306111873588919407e+05,6.024489477120519150e+05,6.779444320198035566e+05,7.391394900974506745e+05,7.699673776977004018e+05,8.194575759739482310e+05,8.323203434553466504e+05,8.507691075181821361e+05,8.637163669605012983e+05,8.586861007046072045e+05,8.554054409932248527e+05,8.542802826350561809e+05,8.471549503081293078e+05,8.338335186870283214e+05,8.164741572056235746e+05,8.178429738638524432e+05,7.875757729717774782e+05,7.688185235517084366e+05,7.404808581664261874e+05,7.089849212690886343e+05,6.556026170366272563e+05,6.175341596186689567e+05,5.554116455313632032e+05,4.941204713182818377e+05,4.189460800319357077e+05,3.294180774922252167e+05,2.690745126055181026e+05
2.986753395947996178e+05,4.546635387374135898e+05,5.496671200996930711e+05,6.237491100467856741e+05,6.814510390804146882e+05,7.327866145181036554e+05,7.812425074230164755e+05,8.269623013057536446e+05,8.281446376580592478e+05,8.550795871442557545e+05,8.554937344032513211e+05,8.670238493389765499e+05,8.620599056450503413e+05,8.646752456173554529e+05,8.529059711445037974e+05,8.422553760622577975e+05,8.172285475957219023e+05,8.177719355260537704e+05,7.947432937403388787e+05,7.762281100650542649e+05,7.508116194417543011e+05,7.042736736679491587e+05,6.738826016634074040e+05,6.262701309376831632e+05,5.600995285719633102e+05,5.074189841190957231e+05,4.365700228754216805e+05,3.580759866300424910e+05,2.752164987092235242e+05
2.987250677189471899e+05,4.703190870224237442e+05,5.688862321240874007e+05,6.383533476899042726e+05,7.028027356828176416e+05,7.563128926149617182e+05,7.990841863321401179e+05,8.194050079740907531e+05,8.438854812958970433e+05,8.551554226159747923e+05,8.598820212195065105e+05,8.720749393000120763e+05,8.642561320229647681e+05,8.646859494438715046e+05,8.629819383516610833e+05,8.335146629778285278e+05,8.220874534902172163e+05,8.051787267951184185e+05,7.882560167419610079e+05,7.575401364856483415e+05,7.445716277326424606e+05,7.099442850116215413e+05,6.778595457126217661e+05,6.436038549821292982e+05,5.706917534879456507e+05,5.213078311364045367e+05,4.487400545367607265e+05,3.771698029381579836e+05,3.031631157102165162e+05
2.929858418230263633e+05,4.774427272604918107e+05,5.645299319304192904e+05,6.480912385130055482e+05,7.172909703165545361e+05,7.444257628164489288e+05,7.754153522936906666e+05,8.100006884724472184e+05,8.377617767021319596e+05,8.637558473136330722e+05,8.600749957477516728e+05,8.707550296429798473e+05,8.518977147890110500e+05,8.554965605398929911e+05,8.527270626451320713e+05,8.492731166018481599e+05,8.232442551746573299e+05,8.121769471976691857e+05,7.805467331313804025e+05,7.766648236355169211e+05,7.515888691519733984e+05,6.989845032367272070e+05,6.849228349018326262e+05,6.396580492222195026e+05,5.830154079289195361e+05,5.242072359847849584e+05,4.555083108252585516e+05,3.851372121867406531e+05,3.032709466728301486e+05
3.030354937844183878e+05,4.618031493810329703e+05,5.666336550219873898e+05,6.452003221688844496e+05,7.072398451336980797e+05,7.600165860534352250e+05,7.984494079370721010e+05,8.419198403168468503e+05,8.485583786280286731e+05,8.580989673745128093e+05,8.515003542388519272e+05,8.637120148847094970e+05,8.585972607892508386e+05,8.533710722630762029e+05,8.377153934060627362e+05,8.300604318637072574e+05,8.193074305864098715e+05,7.983877839002393885e+05,7.981544108866511378e+05,7.635202986601673765e+05,7.665646749145430513e+05,7.233307684662770480e+05,6.938317132349591702e+05,6.434642462330994895e+05,5.944350653272520285e+05,5.451586496685007587e+05,4.705510836437627440e+05,3.706792376819748315e+05,2.947227724352936493e+05
3.119301066484659095e+05,4.416609723794218153e+05,5.388365822905487148e+05,6.272290124244430335e+05,6.867916572570753051e+05,7.456124385392065160e+05,7.945168633890892379e+05,8.279006606451673433e+05,8.458867847444957588e+05,8.634442408260093071e+05,8.518904394485730445e+05,8.575662958644126775e+05,8.560885017332594143e+05,8.500902315906317672e+05,8.422608947005959926e+05,8.290411453255428933e+05,8.183847300355540356e+05,8.034601154632261023e+05,7.895933685913594672e+05,7.831366775845703669e+05,7.523115876467253547e+05,7.365093543044370599e+05,7.113195725865579443e+05,6.691652814323639031e+05,6.171862815762535902e+05,5.348551772833350115e+05,4.518368801772914594e+05,3.600171960199717432e+05,2.840090554615944857e+05
2.965373985772865126e+05,4.186135749767128727e+05,5.056300741656309110e+05,6.065708340835482813e+05,6.943665077024513157e+05,7.526826373800403671e+05,7.887832202181485482e+05,8.160413086216014344e+05,8.533845867110659601e+05,8.589589490794140147e+05,8.529560173602413852e+05,8.486562790811081650e+05,8.419655696422252804e+05,8.368371796086287359e+05,8.397982254335219041e+05,8.259023871519713430e+05,8.219562928757132031e+05,8.113379117442514980e+05,8.027691961214836920e+05,7.905539232555340277e+05,7.689998316728194477e+05,7.522211025512842461e+05,7.159922282535309205e+05,6.707921073437262094e+05,6.233690803172959713e+05,5.361663971027829684e+05,4.438251202743697213e+05,3.582895773284699535e+05,2.672598683668497833e+05
2.926166632708598627e+05,3.806614034487906029e+05,4.970081233767624944e+05,5.783864658242077567e+05,6.663448873833594844e+05,7.274914770533422707e+05,7.796149364272808889e+05,8.266641466260480229e+05,8.292751520514179720e+05,8.438258564475112362e+05,8.423084132202526089e+05,8.527256153359989403e+05,8.415278625392380636e+05,8.161372500885219779e+05,8.198158246808057884e+05,8.125945378129662713e+05,8.145300472071877448e+05,8.068919025079482235e+05,7.907294000468967715e+05,7.819676946142512606e+05,7.844096024543172680e+05,7.646981833364288323e+05,7.244209731349141803e+05,6.782479624810176902e+05,6.138464949348820373e+05,5.290307534830559744e+05,4.330404619085082086e+05,3.291631936588883982e+05,2.344377908322199655e+05
2.664287571087146061e+05,3.584079058122087736e+05,4.668936278571995208e+05,5.886732673162972787e+05,6.689669313547051279e+05,7.501724588455733610e+05,8.120810540133044124e+05,8.454066810452188365e+05,8.808381304945913143e+05,8.899253768817348173e+05,8.836954122415855527e+05,8.821919371695229784e+05,8.793831367806961061e+05,8.856140027507569175e+05,8.931063457740813028e+05,8.797722457351613557e+05,8.662985794268560130e+05,8.592131216488160426e+05,8.679235587216559798e+05,8.750999263953869231e+05,8.694755436327406205e+05,8.557905394852919271e+05,8.154428747291637119e+05,7.600290931568701053e+05,6.856156797660364537e+05,5.775870280964541016e+05,4.811819683328954852e+05,3.678888180525630596e+05,2.701121953586133313e+05
2.348818596346077975e+05,3.511493841884494759e+05,4.463773753160601482e+05,5.795148142710968386e+05,6.837437989937510574e+05,7.678627718189288862e+05,8.417741958697532536e+05,8.816913009539643535e+05,9.094430100398015929e+05,9.095512460888873320e+05,9.238782133604445262e+05,9.328290632561164675e+05,9.156325493307337165e+05,9.119616497972608777e+05,9.049618496970682172e+05,8.973200602897561621e+05,9.093015453531496460e+05,8.935916326018632390e+05,8.844763235544919735e+05,8.872177133485316299e+05,9.080059103029457619e+05,8.850529085261744913e+05,8.516971988297539065e+05,7.950434872999456711e+05,7.197378139924230054e+05,6.033492462911134353e+05,4.832553362671025679e+05,3.660571930755915237e+05,2.663539134159001987e+05
2.067529498246503645e+05,3.192317917956375168e+05,4.459039131925432011e+05,5.734488124929041369e+05,6.990295352873750962e+05,7.865060536489057122e+05,8.618143397475323873e+05,8.990304489914934384e+05,9.240976905406877631e+05,9.500201513684990350e+05,9.485751540742523503e+05,9.450025938555361936e+05,9.421504137816911098e+05,9.377615425963961752e+05,9.095210494935110910e+05,9.374072736474816920e+05,9.119336424547297647e+05,9.208427375336047262e+05,9.356225948396192398e+05,9.407837463293410838e+05,9.328800911294602556e+05,9.145269537481846055e+05,8.768300154309064383e+05,8.163624215951293008e+05,7.354171528667772654e+05,6.078304072390282527e+05,4.783691277575024287e+05,3.711517948770038784e+05,2.585621932620653824e+05
1.865180207625971234e+05,3.081609693761067465e+05,4.333100356528561097e+05,5.652013174908652436e+05,6.826128779093122575e+05,8.109810090821546037e+05,8.799652286820486188e+05,9.370491929685875075e+05,9.584846266512422590e+05,9.704546185537131969e+05,9.663055534554451006e+05,9.516915137206863146e+05,9.713281229433092522e+05,9.454770282942354679e+05,9.369442354764139745e+05,9.485278745491881855e+05,9.441780232960914727e+05,9.455546513795714127e+05,9.429577755955035100e+05,9.419251782240400789e+05,9.432500220797994407e+05,9.358783566167085664e+05,8.885417104455942754e+05,8.405481826762431301e+05,7.317439524444690906e+05,6.153478893153248355e+05,4.873106436875614454e+05,3.711411968153114431e+05,2.647621061751010129e+05
1.639508656736628909e+05,3.033047595280995010e+05,4.340564156473595649e+05,5.586793952655268367e+05,6.968326436862624250e+05,8.030342583463487681e+05,9.111375373671955895e+05,9.551265911809734534e+05,9.719660250645041233e+05,9.808219321911305888e+05,9.809398900361671112e+05,9.607271960249217227e+05,9.786787287016720511e+05,9.559520809655843768e+05,9.546808170842606341e+05,9.600077073395884363e+05,9.564577440005259123e+05,9.591236570844990201e+05,9.582084652472570306e+05,9.592084876661654562e+05,9.557100644851994002e+05,9.430921882101604715e+05,9.075392344866292551e+05,8.341971706650409615e+05,7.390047128476675134e+05,6.112249570559959393e+05,4.776288522155672545e+05,3.573339667201840202e+05,2.504793626566747844e+05
1.591598460850025876e+05,3.065933005189786782e+05,4.236037500148304389e+05,5.479630263069472276e+05,7.026472946255046409e+05,8.225639520470948191e+05,9.047368502878494328e+05,9.501870853397574974e+05,9.823330774465973955e+05,9.834955725687659578e+05,9.858757964072239120e+05,9.764940099102916429e+05,9.823554374290594133e+05,9.739659407971425680e+05,9.586294412318737013e+05,9.615220882527243812e+05,9.723047600994441891e+05,9.685226502911710413e+05,9.673388642273376463e+05,9.732560292902229121e+05,9.602556391979129985e+05,9.577969065242306096e+05,9.097976337203879375e+05,8.223561475167791359e+05,7.302319142047973583e+05,6.062834897144753486e+05,4.653166710924381623e+05,3.451979016845522565e+05,2.455498457215494418e+05
1.651797119583696767e+05,2.933351092222897569e+05,4.161135739680822007e+05,5.577141023376089288e+05,6.826751871044415748e+05,8.045843831493824255e+05,9.057215124633162050e+05,9.461512087862797780e+05,9.978924071727000410e+05,9.966231575524319196e+05,9.966697367106851889e+05,9.869276163286807714e+05,9.896973286788748810e+05,9.637957961223409511e+05,9.732863567611558829e+05,9.650972998163249576e+05,9.773241008093196433e+05,9.657650668073141715e+05,9.740351624231686583e+05,9.761895272704509553e+05,9.709577950704284012e+05,9.299026641143419547e+05,8.822707018358591013e+05,8.201629552230774425e+05,7.114952645405100193e+05,5.760948170498196268e+05,4.398664669298062799e+05,3.269954534398882533e+05,2.238698349828454084e+05
1.678664247347070486e+05,2.885079869352820679e+05,4.082610314026269480e+05,5.336237782323859865e+05,6.820626175086579751e+05,8.049352260518837720e+05,8.923403596946632024e+05,9.591780494699712144e+05,9.839806119590973249e+05,9.865059715467068600e+05,9.959688591046261135e+05,9.731000666456199251e+05,9.740766521984757856e+05,9.756434181869386230e+05,9.753748038969121408e+05,9.684486332339559449e+05,9.658660877258103574e+05,9.738569569295967231e+05,9.742628043919950724e+05,9.813205864887844073e+05,9.682441552080143010e+05,9.458415006697312929e+05,8.963077631351393647e+05,7.903749776731685270e+05,6.760816822911658091e+05,5.544915189561417792e+05,4.172713709580198629e+05,3.038410619385147584e+05,2.078926155767606688e+05
1.715217708845504094e+05,2.693518587982032332e+05,3.897430363440267975e+05,5.265059442574251443e+05,6.669830620635146042e+05,7.690817470375597477e+05,8.824713024918428855e+05,9.387570854020457482e+05,9.827189993919450790e+05,9.800580038061429514e+05,9.801454258643754292e+05,9.850380635025871452e+05,9.737414718775276560e+05,9.694275361405747244e+05,9.712025072202677839e+05,9.558959366480563767e+05,9.649006626584993210e+05,9.685042114573328290e+05,9.654229925041169627e+05,9.695506151628486114e+05,9.527680439364678459e+05,9.287687968644773355e+05,8.728996145001571858e+05,7.756077016624173848e+05,6.467286796828381484e+05,5.373781931535070762e+05,3.871260826481815893e+05,2.866624627050411655e+05,1.911020236070262617e+05
1.586894728677417734e+05,2.608781278428849182e+05,3.725237076543521835e+05,4.997389129930041381e+05,6.367915519997786032e+05,7.541248466866422677e+05,8.567623439376680180e+05,9.242581086378024193e+05,9.596862106094997143e+05,9.585685214047209593e+05,9.795311754342593485e+05,9.583930072200350696e+05,9.605752888998395065e+05,9.410118650107941357e+05,9.580760897794292541e+05,9.542695797941521741e+05,9.590150352272257442e+05,9.656898826755906921e+05,9.669752983037936501e+05,9.492783153160222573e+05,9.537467540209466824e+05,9.060717548944593873e+05,8.531495471412147162e+05,7.422043947376065189e+05,6.149037537100460613e+05,4.891861583794861799e+05,3.614749710115052294e+05,2.625394776522707543e+05,1.752306191365374252e+05
1.444241664430908277e+05,2.281605912722302601e+05,3.440941123983147554e+05,4.763831563333412050e+05,6.025953840477212798e+05,7.344492683498779079e+05,8.412695249156112550e+05,9.154865451162247919e+05,9.689822428340582410e+05,9.740346507881120779e+05,9.881033703383139800e+05,9.706813334656013176e+05,9.687506641858267831e+05,9.533404521900257096e+05,9.585529780258862302e+05,9.545081745271853870e+05,9.536811979482247261e+05,9.737620846218171064e+05,9.660682292803294258e+05,9.712115513337480370e+05,9.313408343260212569e+05,8.917633088019752176e+05,8.384905051642179023e+05,7.101826770383387338e+05,5.911008260274862405e+05,4.564817615631456720e+05,3.324462745375647210e+05,2.312260464248333592e+05,1.540196282438763592e+05
1.302666159134815825e+05,2.162770324934529490e+05,3.134176285983549315e+05,4.417173221509029390e+05,5.951634540830599144e+05,7.299274479180547642e+05,8.502715970416569617e+05,9.373891886811170261e+05,9.940884373209648766e+05,1.005962582942839828e+06,1.004906586063490249e+06,9.942573628521136707e+05,9.864614875663897255e+05,9.827120937667156104e+05,9.772366708880455699e+05,9.785481056252638809e+05,9.809136946776728146e+05,9.920646217582662357e+05,9.821127777388190152e+05,9.838611942408607574e+05,9.613100966321143787e+05,9.093281708847586997e+05,8.230289747905411059e+05,7.211490921263769269e+05,5.874016622543507256e+05,4.480767251436865190e+05,3.333557743258034461e+05,2.315305776454431762e+05,1.558524637406934926e+05
1.157298621886571200e+05,1.987279780331677175e+05,3.097975433523561223e+05,4.327615653281959239e+05,5.804240769813129446e+05,7.235868392562830122e+05,8.606081959035986802e+05,9.488128756902390160e+05,1.018014051827313262e+06,1.024320999844984850e+06,1.024863761949892272e+06,1.024888011152523104e+06,1.007415298662710935e+06,1.005938850818958832e+06,9.885271242215789389e+05,9.919193032714017900e+05,9.969916385437963763e+05,1.001435248758525588e+06,1.002323759443380754e+06,1.001171206347150379e+06,9.753983489502532175e+05,9.246391400153348222e+05,8.364234841421684250e+05,7.258500094864154235e+05,5.981549493997120298e+05,4.608137681158729829e+05,3.335176431790623465e+05,2.305666681768257986e+05,1.580116355995467748e+05
1.000046711602631112e+05,1.843468306468199007e+05,2.800695771245885408e+05,4.164893444580254145e+05,5.664980588874126552e+05,7.198796386101673124e+05,8.552552244148590835e+05,9.623610640621517086e+05,1.024741145407366450e+06,1.042446363786068512e+06,1.045076857080205227e+06,1.034219168860284495e+06,1.023238883077421808e+06,1.006183675623127376e+06,1.003425332245277590e+06,9.882637361838971265e+05,9.960577264279313385e+05,9.983713326735469745e+05,1.012356175862892997e+06,1.007080280335311661e+06,9.876947312415379565e+05,9.317541789860465797e+05,8.602754547673062189e+05,7.328094573197783902e+05,5.877694720179855358e+05,4.647303795769409626e+05,3.350854490985869197e+05,2.225605337047353096e+05,1.571325239777174720e+05
9.146479250857770967e+04,1.782451870391935809e+05,2.710149484946556622e+05,4.068950155048255110e+05,5.635774799061727244e+05,7.208992506549907848e+05,8.665155102734478423e+05,9.532693251580488868e+05,1.015010237779452465e+06,1.061196551767439116e+06,1.052663525168636814e+06,1.044295309817103553e+06,1.026416242439765367e+06,1.011894893822759506e+06,1.000234592774170567e+06,9.994697537557047326e+05,9.971702777744007763e+05,1.001530996520745335e+06,1.012632886227834737e+06,1.010830431305902661e+06,9.922555381841711933e+05,9.444725640276832273e+05,8.497586231007747119e+05,7.305152983185489429e+05,5.973297192141339183e+05,4.464021609604586265e+05,3.330433050730456016e+05,2.271854383805819380e+05,1.552498084618052235e+05
8.753527181424720038e+04,1.701285818592337309e+05,2.625729515035415534e+05,3.989372392814057530e+05,5.402177778067309409e+05,7.108539114654837176e+05,8.533218075223385822e+05,9.597475871403707424e+05,1.021388106454334222e+06,1.064205002067312598e+06,1.058868710659816163e+06,1.040911426347639295e+06,1.019498202055012924e+06,1.008469857650099788e+06,1.004198223815799807e+06,9.954437174821422668e+05,9.997814680499598617e+05,1.004055461851958069e+06,9.934601058942977106e+05,1.011684646231378196e+06,9.976996352593546035e+05,9.302045917804883793e+05,8.614630361163546331e+05,7.380230937264165841e+05,5.738458458275756566e+05,4.346009089590661461e+05,3.173845896700675366e+05,2.136339721097226720e+05,1.520300658268558036e+05
8.607428644010273274e+04,1.681792315580584109e+05,2.615656143532102869e+05,3.818699880521806190e+05,5.421683393765575020e+05,7.004249980875415495e+05,8.614754557771621039e+05,9.518365806510068942e+05,1.033021720775619149e+06,1.049431346660652896e+06,1.052728347575234016e+06,1.041570565318476525e+06,1.014095365072711138e+06,9.965525513486126438e+05,1.003396063020112459e+06,9.784653331464474322e+05,9.940924335405910388e+05,9.898358718495558714e+05,9.946623575080166338e+05,1.003934341897818376e+06,9.829511978273612913e+05,9.439171449149430264e+05,8.359592754813480424e+05,7.292733652318812674e+05,5.811533370765162399e+05,4.287568182264684001e+05,3.091080674242837122e+05,2.136997874354282976e+05,1.397391370441616164e+05
8.954992212747241138e+04,1.686310779763172904e+05,2.599226606411731918e+05,3.822605508959485451e+05,5.322434970711217029e+05,7.003635182653872762e+05,8.413784863252325449e+05,9.465385377258006483e+05,1.000973743816137780e+06,1.024237559089905582e+06,1.030040787126401905e+06,1.015485149308292777e+06,1.006310456750699319e+06,9.930974873872293392e+05,9.779192268571263412e+05,9.789800400996622629e+05,9.683014925644169562e+05,9.792663704287388828e+05,9.808836549360996578e+05,9.916790135113506112e+05,9.688637505403087707e+05,9.056259993913536891e+05,8.381654520636976231e+05,7.062306411908088485e+05,5.608621790132267633e+05,4.225684122601138661e+05,3.022972637848824961e+05,2.040119527555061213e+05,1.294787105753150536e+05
8.759230050256260438e+04,1.601593946927638899e+05,2.581538237253475818e+05,3.943329758658154169e+05,5.385463242058049655e+05,6.982401758136888966e+05,8.378265237103978870e+05,9.331865620595153887e+05,9.807765314221234294e+05,1.012336749880657881e+06,1.013389497575099929e+06,9.974350778635203606e+05,9.833621454472652404e+05,9.717349297873697942e+05,9.580288760317414999e+05,9.540470949332981836e+05,9.453703458163584583e+05,9.516318764805641258e+05,9.626933257974261651e+05,9.536236264292206615e+05,9.364209820917957695e+05,8.981005406351357233e+05,8.174629778338053729e+05,6.789790243257146794e+05,5.454404584285400342e+05,4.101275154837684822e+05,2.868318755046445876e+05,1.859289937110890169e+05,1.220361976256704802e+05
9.689276357477437705e+04,1.665691634366550134e+05,2.619714027512187022e+05,3.908149233387677232e+05,5.427856050647645025e+05,6.818689008537493646e+05,8.330823078153752722e+05,9.189394660439721774e+05,9.569594186280507129e+05,9.804608486120133894e+05,9.868465804903703975e+05,9.631246797090185573e+05,9.539417928995095426e+05,9.333454449816965498e+05,9.433318862114690710e+05,9.329786521857155021e+05,9.295213137134418357e+05,9.342116250296740327e+05,9.312934466888461029e+05,9.253771284397963900e+05,9.040681013350595022e+05,8.695529368396056816e+05,7.805885785338060232e+05,6.628659038269558223e+05,5.169698685559646110e+05,3.884943987011497957e+05,2.683412134328313987e+05,1.841948662401205220e+05,1.226788453140854544e+05
8.398369321386868251e+04,1.524805620065268886e+05,2.459976705635125691e+05,3.903223084809145075e+05,5.279943580709464150e+05,6.831608577374536544e+05,7.990360184764856240e+05,8.843014632898534182e+05,9.264510827189529082e+05,9.318618210946139880e+05,9.214140230038120644e+05,9.177807084710954223e+05,8.950171906463942723e+05,8.795379789250945905e+05,8.578669312295400305e+05,8.500272462878590450e+05,8.426656369029366178e+05,8.495804005166323623e+05,8.415443623708563391e+05,8.413040621282749344e+05,8.185938870086980751e+05,7.604141646884205984e+05,6.846432871588361450e+05,5.746089471912503941e+05,4.408769432391931186e+05,3.122756307168527273e+05,2.018687307177059993e+05,1.222797606477910886e+05,7.033953649692442559e+04
8.159968117264553439e+04,1.498919969378663518e+05,2.429418851951070537e+05,3.754561802963701193e+05,5.330180107110991376e+05,6.829506183311665663e+05,8.256537980983366724e+05,9.054454539799520280e+05,9.530021652966869297e+05,9.550845998660174664e+05,9.416014721435704269e+05,9.370397594230163377e+05,9.153311326172361150e+05,8.717362115643963916e+05,8.762008900000279536e+05,8.790604342160852393e+05,8.355528145755353617e+05,8.347947087861089967e+05,8.486052025872219820e+05,8.309607510586829158e+05,8.125819619921413250e+05,7.590742322304473491e+05,6.964211984594101086e+05,5.861936199941618834e+05,4.675434444668235956e+05,3.274914848191111232e+05,2.179883970346360584e+05,1.304070667593908438e+05,6.809982832110574236e+04
6.948312704156615655e+04,1.407862695921383565e+05,2.455887310129081598e+05,3.812824917691791779e+05,5.360365721282847226e+05,6.905344972152474802e+05,8.170088847631805111e+05,9.076532630465171533e+05,9.768567033940075198e+05,9.598811712255182210e+05,9.527392735798916547e+05,9.407261689887671964e+05,9.123008325170970056e+05,8.900721015415044967e+05,8.745472658850458683e+05,8.640237714137914591e+05,8.463788479594539385e+05,8.437593295236283448e+05,8.380994074788684957e+05,8.269237659851739882e+05,8.105460449063460110e+05,7.681789569118658546e+05,6.982237768809091067e+05,5.876470105129444273e+05,4.657264488175049191e+05,3.352049516712756013e+05,2.164575136923037062e+05,1.323630192282444914e+05,7.988452688307350036e+04
6.264984263219306740e+04,1.404560988108252350e+05,2.368330954876937903e+05,3.699185443717568414e+05,5.228598762605118100e+05,6.969705408904913347e+05,8.210796706098160939e+05,9.082210821801525308e+05,9.720118585515794111e+05,9.737703455077986000e+05,9.494074435905762948e+05,9.324718846546483692e+05,9.178495015020172577e+05,8.994310938200500095e+05,8.696481729635106167e+05,8.684071323819557438e+05,8.450297421337631531e+05,8.405367351328862133e+05,8.307748768368681194e+05,8.240519875394460978e+05,8.032829176713845227e+05,7.653375797773894155e+05,6.956922028017225675e+05,5.840471131560672075e+05,4.679069949443067890e+05,3.421626416253473144e+05,2.175998276901523350e+05,1.300343360157172865e+05,7.562689308760341373e+04
5.561078603536307492e+04,1.335648707437516423e+05,2.254261880469211901e+05,3.579026364625861170e+05,5.270432449625860900e+05,6.922197125160217984e+05,8.373989468029305572e+05,9.128882234893625136e+05,9.503804136698535876e+05,9.679965636578574777e+05,9.605305879005435854e+05,9.352786250309965108e+05,9.027547528428504011e+05,8.954588092202242697e+05,8.681859365301772486e+05,8.556924721036632545e+05,8.350463104211178143e+05,8.394020868113372708e+05,8.253873840801034821e+05,8.095171007233994314e+05,7.994794753115371568e+05,7.579409533460824750e+05,6.950017066714741522e+05,5.870785329290908994e+05,4.655045474541813601e+05,3.361206591026922106e+05,2.168852068130661792e+05,1.278497260861386894e+05,7.425222732182078471e+04
5.100814873531578633e+04,1.280307529079245578e+05,2.232815784435684036e+05,3.495366227424629615e+05,5.139127454640098149e+05,6.628429655788136879e+05,8.077335283152144402e+05,9.028899474571854807e+05,9.611153749755206518e+05,9.659048621190758422e+05,9.608604890833123354e+05,9.265840139279518044e+05,9.125268763472061837e+05,8.806810505460844142e+05,8.746100168437936809e+05,8.645722192435887409e+05,8.505221551381144673e+05,8.437546643445916707e+05,8.158045057121918071e+05,8.189510235799539369e+05,7.850132093917094171e+05,7.484883479862920940e+05,6.833579748143851757e+05,5.730545524974730797e+05,4.520611939665392856e+05,3.306144030583986314e+05,2.129035593123549479e+05,1.345895718272327504e+05,7.645572570409273612e+04
5.198075829771111603e+04,1.259547412323696917e+05,2.149406060063940240e+05,3.393782772880764678e+05,4.980731062176122796e+05,6.457931243939241394e+05,7.948950061520587187e+05,8.893697811275817221e+05,9.415196634173683124e+05,9.415307057726670755e+05,9.337217401644884376e+05,9.293205655057799304e+05,8.865688720327459741e+05,8.680484676829987438e+05,8.440192332964652451e+05,8.372051014890688239e+05,8.241459530627634376e+05,8.173716624572130386e+05,8.006066304830212612e+05,8.013372875328172231e+05,7.851891824963896070e+05,7.314145437249561073e+05,6.565393191321544582e+05,5.577417723840932595e+05,4.399272026710566715e+05,3.218910031497548916e+05,2.053864503397817898e+05,1.313107999567966326e+05,7.094675551529519726e+04
4.986756339242064132e+04,1.135645608247177297e+05,2.009717097314886923e+05,3.245263649759286782e+05,4.776489761228636489e+05,6.361693278085092315e+05,7.820440715832748683e+05,8.748667176135551417e+05,9.189619564775952604e+05,9.339596194610925158e+05,9.139848611614193069e+05,8.948061676680186065e+05,8.769648671575041953e+05,8.574250305786138633e+05,8.339457296526085120e+05,8.326274418921235483e+05,8.217743092853999697e+05,7.995196925378327724e+05,7.966249800497120013e+05,7.990369316864957800e+05,7.614324686999232508e+05,7.215250724479083437e+05,6.304145317898418289e+05,5.427985762045769952e+05,4.132763847234589048e+05,3.050811757584300940e+05,1.996235852088608663e+05,1.161679789311836794e+05,6.613530261119037459e+04
5.297296418079274008e+04,1.141259836647208576e+05,1.923623295424861717e+05,3.071185087624895386e+05,4.500498620968306204e+05,6.136206527439175406e+05,7.488521867632366484e+05,8.371228189822061686e+05,8.843595694422761444e+05,8.973549720191736706e+05,8.730228943198774941e+05,8.720630487480651354e+05,8.554237706148286816e+05,8.437946723295365227e+05,8.235077151352048386e+05,8.098337837900731247e+05,7.984929897807103116e+05,7.985296336311898194e+05,7.840252213511921000e+05,7.845102327408452984e+05,7.534477313442960149e+05,6.993266511837674771e+05,6.101972696461169980e+05,5.192106270988690667e+05,4.077653663785383687e+05,2.870769195507753175e+05,1.932327581597685348e+05,1.148237471238042344e+05,5.708121344462856359e+04
5.107404588149443589e+04,9.424734002032459830e+04,1.820742451459957520e+05,2.965839886164615164e+05,4.368507707113620709e+05,5.757382296326011419e+05,7.236315469644113909e+05,7.974972022622856312e+05,8.469176698214544449e+05,8.661348508425892796e+05,8.489202585681283381e+05,8.481470339207065990e+05,8.364109015666602645e+05,8.046905440258933231e+05,7.951436056265906664e+05,7.963625455648333300e+05,7.903985953291143524e+05,7.810889792050812393e+05,7.822973370093805715e+05,7.637984068487079348e+05,7.431049934049675940e+05,6.803907933491343865e+05,5.952621994927959749e+05,4.835573140027947375e+05,3.721232892703904072e+05,2.597282566252466640e+05,1.739186136426487938e+05,9.876017752571415622e+04,5.080963321831884241e+04
3.329427347322594869e+04,8.108955617809118121e+04,1.537999091361137107e+05,2.570732263557647238e+05,3.945172236379390815e+05,5.329775935290107736e+05,6.689401145385612035e+05,7.468603997131356737e+05,8.002586367192537291e+05,8.089354905281579122e+05,8.073546603053166764e+05,7.997749739408509340e+05,7.739957247173731448e+05,7.600487165521116694e+05,7.528970192465932341e+05,7.459146173659600317e+05,7.356693405824120855e+05,7.416001460381342331e+05,7.378792771670583170e+05,7.248498901445146184e+05,6.892953253140201559e+05,6.337812023892463185e+05,5.403856609639602248e+05,4.353503746844377602e+05,3.399417214865441783e+05,2.380188606948795205e+05,1.500099285230415990e+05,9.460448143872620130e+04,5.251159121558660263e+04
2.620235149110982093e+04,7.135268642132350942e+04,1.328301578316193481e+05,2.344905211562174372e+05,3.654575252760309959e+05,5.164999076852146536e+05,6.442375253758410690e+05,7.452528253023909638e+05,8.049644018160409760e+05,8.280671004677175079e+05,8.120565826133200899e+05,8.121170766453313408e+05,7.876739749943852657e+05,7.673853384371922584e+05,7.590287710719670868e+05,7.466360463835118571e+05,7.561968899759853957e+05,7.542414572265229654e+05,7.521686733351357980e+05,7.355926243165221531e+05,6.968809430262027308e+05,6.421668384060232202e+05,5.578069244994419860e+05,4.407660221325580496e+05,3.444787844376676367e+05,2.403981287255871866e+05,1.560524284202478593e+05,9.886440085248030664e+04,5.526244089615270786e+04
2.338346843706858999e+04,6.634691233403139631e+04,1.256544192422313790e+05,2.164903236954869644e+05,3.449517248484086012e+05,4.838103089639329701e+05,6.186421780296226498e+05,7.291815597604189534e+05,7.985769431367896032e+05,8.250953906473007519e+05,8.184946873276528204e+05,8.016092905085134553e+05,7.837713257300793193e+05,7.702020357948655728e+05,7.557588312082578195e+05,7.614531201755760703e+05,7.521755571859590709e+05,7.450064272178416140e+05,7.539483629719723249e+05,7.418943825476735365e+05,7.102700355376019143e+05,6.524215405920331832e+05,5.585383279158152873e+05,4.610227324949469185e+05,3.447229411649960093e+05,2.434007306460808031e+05,1.550257416594486276e+05,9.071794687682001677e+04,5.939073722161763726e+04
1.705654219449012089e+04,6.052314617875553813e+04,1.155470171614950668e+05,1.983589868326356809e+05,3.150656674166878220e+05,4.580940732384757721e+05,6.009375938392068492e+05,7.026874509698920883e+05,7.797466337367676897e+05,8.238447415607277071e+05,8.286778929393503349e+05,8.064276675060370471e+05,7.889586079914267175e+05,7.663044728531850269e+05,7.626676088064832147e+05,7.618173838163457112e+05,7.578194402840554249e+05,7.685687506009476492e+05,7.502098599600609159e+05,7.456105250114958035e+05,7.137090985243503237e+05,6.551015589428012026e+05,5.578545178921407787e+05,4.620723440897536348e+05,3.401177060899779317e+05,2.390166080929848249e+05,1.581489199964879663e+05,9.394981478546553990e+04,5.524003543780542532e+04
1.262488253452918980e+04,5.149877297863090644e+04,1.091952205331287114e+05,1.855738186799840769e+05,2.943450173382261419e+05,4.350968805654835305e+05,5.618336829804297304e+05,6.864464436859412817e+05,7.744591305176323513e+05,8.217780601032054983e+05,8.229596214910271810e+05,7.950590015125876525e+05,7.871481858971363399e+05,7.743354149338243296e+05,7.547795025564733660e+05,7.532499047726874705e+05,7.573168658041331219e+05,7.580189344617205206e+05,7.577271346457750769e+05,7.498861821643582080e+05,7.106867399565757951e+05,6.443286231047330657e+05,5.569367614661994157e+05,4.521496909791846410e+05,3.462930538223008043e+05,2.391277370472339098e+05,1.573125399218940001e+05,9.234613422870730574e+04,5.852398950069041166e+04
8.343492867109327563e+03,4.802445082719684433e+04,9.668214033156157529e+04,1.743920602699159936e+05,2.743317964155729860e+05,3.985818446605769568e+05,5.341138912952860119e+05,6.566082546461321181e+05,7.475958875440844567e+05,7.897507012835567584e+05,8.001925859234656673e+05,7.959756155543446075e+05,7.901899376086439006e+05,7.670334424541192129e+05,7.534920311162492726e+05,7.474063015166553669e+05,7.512340498301374028e+05,7.504061006842020433e+05,7.463419532288931077e+05,7.278532782488552621e+05,6.934391575091416016e+05,6.418819231179653434e+05,5.608842529455691110e+05,4.514074021028760471e+05,3.406858376775983488e+05,2.376163014991268283e+05,1.538531099927138421e+05,9.233890492654743139e+04,5.418617114756980300e+04
7.979900544341133354e+03,4.725318317289941479e+04,8.867247695080132689e+04,1.572305644647911831e+05,2.567837291327911662e+05,3.799523845988607500e+05,5.039140244849876035e+05,6.246191687223637709e+05,7.167039762453931617e+05,7.660872228717340622e+05,7.864565934671292780e+05,7.863758196521173231e+05,7.783399732614791719e+05,7.570536010012187762e+05,7.444564955633328063e+05,7.381039974454533076e+05,7.319271066756836371e+05,7.374746270576490788e+05,7.277038140902656596e+05,7.073264509311693255e+05,6.754853566293525510e+05,6.200426724298079498e+05,5.294712719206089387e+05,4.325086091358652920e+05,3.304869524689617683e+05,2.356611015516680200e+05,1.524380363049719599e+05,9.597235291200818028e+04,5.819849456354982249e+04
8.246066314017727564e+03,4.265136365012759779e+04,8.866609259236391517e+04,1.510793884430335893e+05,2.411422798331478261e+05,3.487591570423573721e+05,4.811292332759690471e+05,5.862876560532773146e+05,6.910831900381410960e+05,7.472366004353124881e+05,7.732039673639588291e+05,7.647101340011191787e+05,7.595918961213300936e+05,7.454933359528440051e+05,7.270676228409439791e+05,7.275981066348425811e+05,7.202869935648752144e+05,7.228520193087311927e+05,7.077632178092047106e+05,6.856428140652071452e+05,6.574949489158526994e+05,5.918455422329396242e+05,5.083550793733361061e+05,4.197995447462502634e+05,3.141657797060640296e+05,2.269023181937008048e+05,1.479268029981255240e+05,9.198841686490940629e+04,5.357006566214531631e+04
8.312504868233569141e+03,3.559917557560324349e+04,7.544335993340224377e+04,1.422460576494171692e+05,2.273848181950896687e+05,3.340519830445105326e+05,4.461294655476325424e+05,5.689045928349746391e+05,6.540713108623381704e+05,7.221120696735382080e+05,7.322638264847710961e+05,7.509089841016166611e+05,7.446992251655126456e+05,7.227689804705037968e+05,7.338980139211660717e+05,7.147199920186768286e+05,7.049170439093734603e+05,7.045874561748687411e+05,6.963284158189239679e+05,6.623698120502365055e+05,6.337212937758479966e+05,5.646675686299130321e+05,4.947345678679243429e+05,3.945933557584642549e+05,2.956475570289117750e+05,2.167211385095859587e+05,1.399784783039499598e+05,8.801546778705835459e+04,5.137832845274366991e+04
8.539039484583983722e+03,3.473004151182311762e+04,7.217655837451669504e+04,1.349609940393211436e+05,2.164054084522116173e+05,3.142850069495778880e+05,4.309309639538972988e+05,5.428266941075703362e+05,6.277699505416834727e+05,6.953215835466696881e+05,7.033635278387257131e+05,7.143674433779596584e+05,7.179386532742386917e+05,7.094994891699203290e+05,6.960773897773263743e+05,6.896173280276606092e+05,6.789907515251240693e+05,6.760435585608960828e+05,6.538303451315320563e+05,6.345614350799651584e+05,5.985011277491617948e+05,5.304409849282396026e+05,4.518858409383620019e+05,3.672199100252916687e+05,2.840552913033925579e+05,1.980139783728266775e+05,1.362252745125128422e+05,8.204827319233345042e+04,4.684877515538893203e+04
-6.712268114664379937e+02,2.183582093029143653e+04,6.150376083284188644e+04,1.137356051868822542e+05,1.823910070513934770e+05,2.853435118791499408e+05,3.811253599280194612e+05,4.840552166885866318e+05,5.597547435494964011e+05,6.046892402835327666e+05,6.387611280970117077e+05,6.378419493308999809e+05,6.264720765885235742e+05,6.114838076417481061e+05,6.061616378102783347e+05,5.922526527633303776e+05,5.876846694138417952e+05,5.725755213849085849e+05,5.565385420527100796e+05,5.266672518227645196e+05,4.799054768492114963e+05,4.259682640925353044e+05,3.494409713066880940e+05,2.797323640972219873e+05,1.986133224784338381e+05,1.279239872615308705e+05,7.223877236226933019e+04,3.096963358141397839e+04,7.014008665157610267e+03
-5.327702026176435538e+03,1.894590034028332229e+04,5.267587136735627428e+04,1.011293999995931517e+05,1.698248648742084042e+05,2.603740447618644102e+05,3.653081905080497963e+05,4.592850627050308394e+05,5.519959117697088514e+05,6.143404874646606622e+05,6.465877400471053552e+05,6.529544965298686875e+05,6.390978324617666658e+05,6.324695980565771461e+05,6.142705810500391526e+05,5.939449785899920389e+05,5.935554605483736377e+05,5.755735322720012628e+05,5.561521116253159707e+05,5.232900999322242569e+05,4.755195984802332823e+05,4.205376319849942811e+05,3.512607593297709245e+05,2.683531340012847213e+05,1.978218441987591796e+05,1.315013184316459810e+05,7.723797613956329587e+04,3.716666287111414567e+04,7.423498549303242726e+03
-7.777178596463631948e+03,1.553756233311315555e+04,4.469518793321646808e+04,9.138243272094120039e+04,1.547036733855231432e+05,2.435839436496557028e+05,3.395227833925143350e+05,4.381944820072189323e+05,5.400236985660948558e+05,6.052713622370661469e+05,6.484199039039048366e+05,6.627184227934151422e+05,6.526649433451531222e+05,6.388223223259758670e+05,6.132973115717814071e+05,6.059838174973654095e+05,5.904623074223762378e+05,5.703748291827711510e+05,5.533556955597747583e+05,5.142297279232233413e+05,4.690986981995914248e+05,4.082267793682730407e+05,3.442736124626074452e+05,2.616220632410931867e+05,1.941058714785206248e+05,1.333729335629254056e+05,7.440370534484692325e+04,3.600570121640834986e+04,9.667369796596240121e+03
-1.146231478563676137e+04,1.298054348455302897e+04,4.194278813870542217e+04,8.356269274438341381e+04,1.470475496343005798e+05,2.265172556840099569e+05,3.232131211130517768e+05,4.221673993486056570e+05,5.155139941399224335e+05,5.881630289987461874e+05,6.396277309030153556e+05,6.672838527658724925e+05,6.592946752950702794e+05,6.412264867641919991e+05,6.267329714430404129e+05,6.085414551009403076e+05,5.916218425768453162e+05,5.792684840270328568e+05,5.523443655539505417e+05,5.140611394521670882e+05,4.653259804293510970e+05,4.121035182525693090e+05,3.382319763867756119e+05,2.646296693391442532e+05,1.896595903865750588e+05,1.315454532798336004e+05,7.758204699773270113e+04,4.018310324226403463e+04,9.883757346719321504e+03
-1.460894149122118506e+04,1.171571485094213313e+04,3.569215461752756528e+04,7.688327306963931187e+04,1.348781962110544264e+05,2.059448921893387451e+05,3.024919955946661066e+05,4.023933305595004931e+05,4.879436046251626103e+05,5.691319249879473355e+05,6.195431238253436750e+05,6.508827847903541988e+05,6.508011675856742077e+05,6.408358427663971670e+05,6.266985286171968328e+05,6.091670785203784471e+05,5.936172855412048521e+05,5.699009148855662206e+05,5.452397260365802795e+05,5.061965601806686609e+05,4.570806892674445407e+05,3.961541004593253601e+05,3.321831082865101052e+05,2.584977432205074001e+05,1.944090136481387308e+05,1.325144945904685883e+05,7.497846164792445779e+04,4.026430744663732185e+04,9.033316968075308978e+03
-1.401815369082508550e+04,8.218509932656799720e+03,3.350343073901366733e+04,7.116308877540158574e+04,1.299282862881660258e+05,1.934135289071410662e+05,2.805722313175213058e+05,3.672174264819903765e+05,4.625137014743940672e+05,5.427082640276481397e+05,5.989010619737999514e+05,6.338461590693879407e+05,6.406870134647714440e+05,6.474672584002768854e+05,6.145482902685547015e+05,6.089968569402680732e+05,5.841344495610779850e+05,5.699874353022616124e+05,5.373997011330737732e+05,5.015274248716420261e+05,4.549507214964195737e+05,3.961537883918760344e+05,3.303138714380470337e+05,2.559708401643175166e+05,1.888321637074185128e+05,1.265362851662429748e+05,7.822352166557659802e+04,3.776022560426691780e+04,1.195140296584807038e+04
-1.433170995872598360e+04,8.203564881473224887e+03,3.058382399177494153e+04,6.668593318102462217e+04,1.147391296195941395e+05,1.801616425773291849e+05,2.583868809209977044e+05,3.452853560667235288e+05,4.287345430185798905e+05,5.127079032032583491e+05,5.688783283463392872e+05,6.154093112885775045e+05,6.263100589726173785e+05,6.150419690776161151e+05,6.235057956366643775e+05,6.009274113407557597e+05,5.698346145772966556e+05,5.574213068236443214e+05,5.277309727750894381e+05,4.876938217262867838e+05,4.401715250872608158e+05,3.885169604744744138e+05,3.213501285028713755e+05,2.554373182807575504e+05,1.880595297531161341e+05,1.280906300859832554e+05,7.669866780662401288e+04,3.922325935284075968e+04,9.795761461224907180e+03
-1.294461541156669045e+04,6.908069513011970230e+03,2.801914484723549685e+04,6.435869812745878880e+04,1.097968721783675137e+05,1.676804994510337128e+05,2.378303229908948706e+05,3.228172364419717342e+05,4.043982217533303192e+05,4.742270752487824066e+05,5.412779327475136379e+05,5.837853019187751925e+05,5.977718764730793191e+05,6.093311081942054443e+05,6.056001844258917263e+05,5.836957296715799021e+05,5.696422851214725524e+05,5.422294209161227336e+05,5.193691884922301979e+05,4.845754956172287348e+05,4.343315274544490385e+05,3.838587788597366307e+05,3.173765434258616297e+05,2.502606495658429340e+05,1.888920588973814156e+05,1.245586045499448956e+05,7.806212212552872370e+04,3.894259258956991107e+04,9.372232016853593450e+03
-1.403233231998919837e+04,1.598407457755853102e+03,2.621458173524741142e+04,5.861799232537317585e+04,1.018164926080229197e+05,1.537109279272742278e+05,2.239717531924262876e+05,3.026513749017933151e+05,3.723554440822611796e+05,4.433337697654463118e+05,5.008907092062428128e+05,5.556083134914698312e+05,5.641365978241385892e+05,5.843379454012336209e+05,5.837698725548713701e+05,5.696438577516977675e+05,5.482677889563090866e+05,5.288786389571019681e+05,5.027208892428589752e+05,4.651125083769625635e+05,4.204898021743301651e+05,3.689157434525119024e+05,3.095491465288004838e+05,2.420572388530079625e+05,1.805359924669043103e+05,1.271267863295982679e+05,8.080233094817784149e+04,4.044330438474696712e+04,1.406812711901359035e+04
-1.293313123456466565e+04,4.121005108072507028e+03,2.561672954519982886e+04,5.425707709940255882e+04,9.219838329170194629e+04,1.436875604624289845e+05,2.075369612343213230e+05,2.743746224557727692e+05,3.451823174148799735e+05,4.109545439825863577e+05,4.663285750901668216e+05,5.143129738150106859e+05,5.424555359274364309e+05,5.553318399808569811e+05,5.529647552266891580e+05,5.522253312120287446e+05,5.372308858731451910e+05,5.101247843786636367e+05,4.870488597652829485e+05,4.521726958934257273e+05,4.052662046057246625e+05,3.554892404280709452e+05,2.965882120213407907e+05,2.335830735326870054e+05,1.788578865882525279e+05,1.274041545118274516e+05,8.103017106902274827e+04,4.023560656596167246e+04,1.266099142345937253e+04
-3.777992127627192531e+04,-2.265769298269372666e+04,-3.719783752134115730e+03,2.294658597379515413e+04,5.794790495552254288e+04,1.013518573552795133e+05,1.518913173601257731e+05,2.108593118210571993e+05,2.756301393563950551e+05,3.315466082979505882e+05,3.728690205594457220e+05,4.197811006752272951e+05,4.399211784569810843e+05,4.648754045926344697e+05,4.673623025958363432e+05,4.633837158929937286e+05,4.579637769254939049e+05,4.306185767298578285e+05,4.101588309570282581e+05,3.867104595088053029e+05,3.499042520493900520e+05,3.020546535311597399e+05,2.504706168842818297e+05,2.011360057415989286e+05,1.449784709361263376e+05,9.518759043923844001e+04,5.716474817696951504e+04,2.090351724927707255e+04,-4.278547794618348235e+03
-3.944179824376344186e+04,-2.539467752238345565e+04,-6.046893332279250899e+03,1.764697730748296453e+04,5.073300462624627107e+04,9.196083956443915667e+04,1.455346610474198242e+05,2.014491385192105954e+05,2.596031176469635393e+05,3.165415504575374071e+05,3.631791414184717578e+05,4.012144924062921200e+05,4.299049741557734669e+05,4.542323854975382565e+05,4.703853785926718265e+05,4.736852015859903768e+05,4.609674117159543675e+05,4.445646392671809299e+05,4.248423384063704289e+05,3.938855442538241623e+05,3.554210426878667204e+05,3.136040643809895264e+05,2.659176327102502692e+05,2.134757341688395827e+05,1.592852198844616069e+05,1.108128099903223774e+05,6.958337166148214601e+04,3.445498540140101977e+04,4.684528113898933952e+03
-4.114578671742970619e+04,-2.784201240788494397e+04,-9.707439353185147411e+03,1.531250948706794588e+04,5.199628942012054176e+04,8.500400344459980261e+04,1.397783911118307442e+05,1.854986488282880164e+05,2.429486942891439539e+05,2.996263916846123175e+05,3.472171358288715710e+05,3.959279725795335253e+05,4.313897574646039866e+05,4.514908263897182769e+05,4.596670886698979302e+05,4.711852329899840988e+05,4.638467215498100268e+05,4.508001655508193071e+05,4.275232125333587173e+05,4.037389748029172770e+05,3.686067988609541208e+05,3.268414969970425009e+05,2.769980281895393273e+05,2.249635428316061152e+05,1.764063265104884631e+05,1.270807805799742491e+05,7.932497406482162478e+04,4.290597842028378363e+04,1.654932672111719876e+04
-4.264210981205053395e+04,-2.697540231088171276e+04,-9.458104323922480035e+03,1.227493422230219585e+04,4.562964706343094440e+04,7.865354753260081634e+04,1.278868890536061517e+05,1.767420399518271734e+05,2.310048033923244220e+05,2.844834538750952343e+05,3.346983945608843933e+05,3.683030412955938955e+05,4.082363572998457821e+05,4.436887718777157716e+05,4.538703730367490207e+05,4.683697480800088379e+05,4.584641254428183893e+05,4.523248544742532540e+05,4.308994446954019368e+05,4.008216413172212197e+05,3.678307454620315111e+05,3.368830423470687238e+05,2.829064334617098793e+05,2.318175018188477261e+05,1.803525844982658164e+05,1.346155720436146366e+05,8.992097638174287567e+04,4.861233596939859854e+04,2.261339755631091248e+04
-4.309545129355868994e+04,-2.475467286528400655e+04,-7.808096763255381120e+03,1.487561083913391849e+04,4.326253722995614953e+04,7.935023744402907323e+04,1.229179909438097820e+05,1.695749635487547785e+05,2.196108705966265406e+05,2.634802728280376177e+05,3.206919197805120493e+05,3.639281232523921062e+05,3.992578924569237279e+05,4.304569433977854205e+05,4.393890449673236581e+05,4.519974505118266097e+05,4.494826544195106253e+05,4.524528330049959477e+05,4.346645900517658447e+05,4.036858657843250548e+05,3.742697450030377368e+05,3.363371154510948691e+05,2.900196390731377760e+05,2.414874996738086629e+05,1.887433890140054864e+05,1.390794487143622246e+05,9.752287364388810238e+04,6.370751534345051914e+04,3.246254239118110490e+04
-4.161664481850565790e+04,-2.244154521403068793e+04,-6.627735177564719379e+03,1.630989241802864308e+04,4.507197622639731708e+04,7.721271430410967150e+04,1.150406556397991808e+05,1.595623817933573446e+05,2.066420083886666107e+05,2.529677785314204812e+05,2.954295056740670698e+05,3.375498602485305164e+05,3.752786013997506234e+05,4.131601876609637402e+05,4.351089806390755111e+05,4.391931973465067567e+05,4.456192403515190235e+05,4.303869158080419875e+05,4.164347796277679736e+05,4.015624144569093478e+05,3.687052677590509993e+05,3.265027173671603668e+05,2.880678416939399322e+05,2.437609338279837393e+05,1.940483849328516226e+05,1.478745764859379560e+05,1.098512687401091825e+05,6.726724408952530939e+04,4.017868779706986243e+04
-3.803664886527314957e+04,-1.777037386309147405e+04,-4.396589645505418389e+02,1.924449107833337985e+04,5.042844553977133182e+04,7.911865211330728198e+04,1.108550693318055564e+05,1.525500376890270272e+05,1.965336993162642757e+05,2.386964100846644433e+05,2.861796190960917738e+05,3.273057890554122860e+05,3.565578671882635099e+05,3.939213919331870275e+05,4.068150799267732073e+05,4.219408182995567331e+05,4.199838578004626906e+05,4.174001350556524121e+05,4.038612398746758699e+05,3.830791880095385131e+05,3.557082611626741127e+05,3.276198423751566443e+05,2.849203278773297206e+05,2.388827789294119284e+05,1.954874525827591715e+05,1.498801496649665351e+05,1.118093459947598021e+05,7.151744745510281064e+04,4.591092812314837647e+04
-3.158754066156857152e+04,-1.323101871628997651e+04,7.855154551261772440e+02,2.275667376833441085e+04,4.985674014910694677e+04,7.912645174899324775e+04,1.114337379549922189e+05,1.404731658576422196e+05,1.850069183004994993e+05,2.248402899127799610e+05,2.705031462117161718e+05,3.080425662148469128e+05,3.388776430819157977e+05,3.656304836068986915e+05,3.874419624665525043e+05,3.963371505618476076e+05,4.014603048581590992e+05,3.891208739436905016e+05,3.881739966761842370e+05,3.647820513464604155e+05,3.445071743860911811e+05,3.143654317769267946e+05,2.736483736955781933e+05,2.396980537632533233e+05,1.941668646114111762e+05,1.523917581403321528e+05,1.134436509345615050e+05,7.587167046059148561e+04,4.863815252805916680e+04
-2.584594263008788766e+04,-1.097672664683758376e+04,6.358260476223533260e+03,2.684041990007194909e+04,4.900867871815581020e+04,7.876735881584578601e+04,1.071883713255602052e+05,1.397193283796125907e+05,1.746913767090053007e+05,2.142651607569545740e+05,2.470900044388124370e+05,2.789040473460243084e+05,3.152075814168332145e+05,3.360510001084826654e+05,3.581363878978372668e+05,3.723948419607116375e+05,3.825205029276191490e+05,3.730519175112008816e+05,3.600749705424840213e+05,3.535216737446392071e+05,3.221178636415787623e+05,3.034974573559182463e+05,2.658594285922019626e+05,2.284824026364578458e+05,1.857401674399140757e+05,1.522042231078500918e+05,1.061447247858427581e+05,7.683909778898974764e+04,5.054627871342094295e+04
-2.122187254838846638e+04,-4.292172730248108564e+03,1.012815290425522653e+04,3.278766977663832949e+04,5.341414562230701995e+04,7.943311179218780308e+04,1.023941558104954747e+05,1.371641523342449800e+05,1.640344514553156914e+05,1.954184694658904918e+05,2.273094505838082405e+05,2.582189112159119977e+05,2.886457213992854231e+05,3.108773362844485673e+05,3.289040338116491330e+05,3.466223422043462051e+05,3.470048606305791764e+05,3.450897147983285249e+05,3.481042760299928486e+05,3.295929583792187623e+05,3.104570980276040500e+05,2.821798628575789626e+05,2.540418377998439828e+05,2.177671006574350467e+05,1.785252976637156389e+05,1.508593014158209262e+05,1.107680964576974802e+05,7.689855624288263789e+04,4.552943720270965423e+04
-1.723582766108820942e+04,1.068325503956188413e+03,1.577922922918891891e+04,3.436906298843699915e+04,5.635371885474349983e+04,7.955095369562559063e+04,1.014261512439670914e+05,1.236352290025853144e+05,1.461902590025980026e+05,1.726941145125420007e+05,1.991784349037319771e+05,2.260716498354439973e+05,2.478825832103017892e+05,2.691687831493716221e+05,2.883803686910302495e+05,3.029498003223921987e+05,3.034640579372430802e+05,2.993676226661700639e+05,3.050939634452319006e+05,2.907017390850333031e+05,2.782702852892997907e+05,2.592814401211880904e+05,2.326901207670182921e+05,2.025823907529736171e+05,1.678177264219857752e+05,1.347288706467409211e+05,1.043776249177617428e+05,7.631875005395105109e+04,4.540291171899658366e+04
-1.617167140674938491e+04,4.044746788767976341e+03,1.893886685780479456e+04,3.986079583926202031e+04,5.797047526965307043e+04,8.176304535598584334e+04,1.016611654643353540e+05,1.223806662904081750e+05,1.450429331296677992e+05,1.751921537449056923e+05,1.910026595708685927e+05,2.148201815109143499e+05,2.427650798209921049e+05,2.615799362197656301e+05,2.779490685053800116e+05,2.874568608104595332e+05,3.003203769820298767e+05,3.020141973886280321e+05,2.998596449752474437e+05,2.917552128509609611e+05,2.817211570204443415e+05,2.540151639347162563e+05,2.335218441558183404e+05,2.038280817627352662e+05,1.734612623907368979e+05,1.418927719126795710e+05,1.125675559434302850e+05,8.194204813158001343e+04,5.743243610223074211e+04
-1.690275502619187682e+04,3.519040070102441405e+03,2.418098247933537641e+04,4.179313467706036317e+04,6.526983040656559024e+04,8.468479571976618899e+04,1.035267471559522673e+05,1.258205386573075084e+05,1.465455158465027635e+05,1.648416848000054597e+05,1.900741647861063539e+05,2.116822321081262780e+05,2.312962821283523517e+05,2.549062621445762052e+05,2.727646964359136764e+05,2.821132084929257398e+05,2.889621924838066916e+05,3.016310440192268579e+05,2.998864444877154892e+05,2.905319588648093049e+05,2.813240527317918604e+05,2.611237994640359539e+05,2.361448755289022520e+05,2.063091527778811287e+05,1.771507488004330662e+05,1.501756300677448162e+05,1.157390280072082096e+05,9.247509240615344606e+04,6.571416034230866353e+04
-1.615285887147103494e+04,1.210366650457113974e+04,2.775305373573429824e+04,4.576260479046693217e+04,6.415539619519667758e+04,8.841154704847444373e+04,1.054939535608449660e+05,1.221244242241307365e+05,1.430890283258221752e+05,1.628868442812576541e+05,1.783510079152145481e+05,2.046674141402184614e+05,2.266690473117084766e+05,2.511453322688773624e+05,2.691785613909497042e+05,2.834315445698557305e+05,2.856227705299567897e+05,2.990357694612676278e+05,2.961389681223405059e+05,2.899785523973534000e+05,2.793668191856334452e+05,2.631778827028488158e+05,2.407045662822952436e+05,2.175441669722541701e+05,1.845775850611518836e+05,1.555831724361776432e+05,1.220025847668139177e+05,9.452805805292460718e+04,6.835334477034059819e+04
-1.746896955020962560e+04,1.092359443645429019e+04,3.302195233516904409e+04,4.680758025662722503e+04,6.592615181987539108e+04,8.289944649160520930e+04,1.024773744104919606e+05,1.218564130517895246e+05,1.455522058457833773e+05,1.607523344081089017e+05,1.798101922028328117e+05,2.063018620141051942e+05,2.181143560236539051e+05,2.499418622771011724e+05,2.684614320682391408e+05,2.764113266392757650e+05,2.912753849043662776e+05,2.985461071585969185e+05,2.976365471840955433e+05,2.929045053633786738e+05,2.819272820388349355e+05,2.636608093056711950e+05,2.451529999428864394e+05,2.130113197378523764e+05,1.859497675050142570e+05,1.502629843950493960e+05,1.234187172407096805e+05,9.277419263785984367e+04,7.368363420613335620e+04
-1.486038820346696593e+04,1.398417379442181846e+04,3.044478778044376668e+04,4.931925294287546421e+04,6.708241787587832368e+04,8.196265343643020606e+04,9.950872277675558871e+04,1.208143016056512133e+05,1.375826524499473744e+05,1.588368143487928319e+05,1.856093465352577623e+05,2.076005589685134764e+05,2.255910441154790751e+05,2.514069713071567530e+05,2.736947949525649892e+05,2.849334351004525088e+05,2.933325211444625165e+05,3.072131073203189881e+05,3.037554414230232942e+05,2.957860169603245449e+05,2.899153559249165119e+05,2.630872720354977064e+05,2.414790172563254309e+05,2.132254092100946000e+05,1.770169866137576173e+05,1.527036903403268952e+05,1.228897621326945518e+05,9.637233032165146142e+04,6.963756938296399312e+04
-1.303205856667551234e+04,1.126324804735566431e+04,2.694909534920267106e+04,4.435299643358660978e+04,6.008236359832382004e+04,7.913903383485111408e+04,9.576260971255792538e+04,1.100199250153065077e+05,1.372221051299370301e+05,1.647704313894097868e+05,1.809091277040795248e+05,2.138038262524059392e+05,2.393061669458556280e+05,2.583071223708109464e+05,2.792306520936909947e+05,2.872681462322485750e+05,2.990697093549564015e+05,3.069269958924099337e+05,3.052120140947730979e+05,3.013757426304538385e+05,2.919778052093776641e+05,2.668466277052364894e+05,2.399960437657999573e+05,2.108312014663176378e+05,1.799185539620193595e+05,1.466487024860013044e+05,1.183115271386378445e+05,9.047736459875867877e+04,6.691307154834926769e+04
-1.254208084249056265e+04,7.707987115624758189e+03,2.279410902748147782e+04,3.658878332352705183e+04,5.096371578423567553e+04,6.913086796044083894e+04,9.182007253722613677e+04,1.082500493420224520e+05,1.304064738929766027e+05,1.614151742320162011e+05,1.873039337734145811e+05,2.179944418046500941e+05,2.434404174202337454e+05,2.655959501448150259e+05,2.871274936615906772e+05,3.017040521592629957e+05,3.089042128885101411e+05,3.103238350632416550e+05,3.110833961059452849e+05,3.030200399968809215e+05,2.845544043462511618e+05,2.673694029382960289e+05,2.395407447728240513e+05,2.093112847076817416e+05,1.813513124702731147e+05,1.457103488705893687e+05,1.141719415354940284e+05,8.542248403576684359e+04,6.016586534982832382e+04
-1.365941161173859291e+04,3.633223122950620564e+03,1.395481105764640233e+04,2.897586172792737852e+04,4.116100051699813775e+04,6.003478335099425749e+04,8.321312937802648230e+04,1.055310586620813265e+05,1.366181846500992542e+05,1.619075979125121376e+05,1.987020574742006720e+05,2.292469771062001528e+05,2.622675439164877171e+05,2.826075543739857967e+05,2.990487887375245336e+05,3.102632087986157276e+05,3.173282297652144916e+05,3.169694387816915987e+05,3.142195602622596780e+05,3.047339430087287910e+05,2.874444541893827263e+05,2.694937862266924349e+05,2.430316795157633023e+05,2.082224655381570919e+05,1.666277086832685454e+05,1.401413279750215879e+05,1.026558355933736020e+05,7.245405533780572296e+04,4.644105583758171269e+04
-1.601507511372726003e+04,-5.067307072631408118e+03,3.726577923941148129e+03,1.863636416691544218e+04,3.203678830632414974e+04,5.610243136784357921e+04,7.730496710853415425e+04,1.042622743208343309e+05,1.387826558126426826e+05,1.752335260304248368e+05,2.141712716759048635e+05,2.456786430707063409e+05,2.677217846282314276e+05,2.867118992403601878e+05,3.057814178707954707e+05,3.163580907281815307e+05,3.342953347364453366e+05,3.221409214909182047e+05,3.241641202820686740e+05,3.133485452573247603e+05,2.969117079502185807e+05,2.758943945195451961e+05,2.365002390011992247e+05,2.034567463016023976e+05,1.599078933725753159e+05,1.286433940920049645e+05,9.084543002135740244e+04,5.757507442734391225e+04,3.480623157246081246e+04
